dataset,trait,model,input,markers_in_table,markers_plotted,significant_snps_highlighted,trait_subset_maf_filter,bonferroni_threshold,lambda_gc
2023,dtf,MLM,/Users/nel6/Desktop/Documents/Collaborations/nottingham/foxtailgwas/results/gwas/2023/dtf/MLM/GAPIT.Association.GWAS_Results.MLM.dtf(NYC).csv,848687,836300,0,0.05,5.8914535040598e-08,0.950563882337341
2023,dtf,FarmCPU,/Users/nel6/Desktop/Documents/Collaborations/nottingham/foxtailgwas/results/gwas/2023/dtf/FarmCPU/GAPIT.Association.GWAS_Results.FarmCPU.dtf(NYC).csv,848687,836300,12,0.05,5.8914535040598e-08,0.954631049269332
2023,dtf,BLINK,/Users/nel6/Desktop/Documents/Collaborations/nottingham/foxtailgwas/results/gwas/2023/dtf/BLINK/GAPIT.Association.GWAS_Results.BLINK.dtf(NYC).csv,848687,836300,1,0.05,5.8914535040598e-08,1.22839713647297
2023,height_cm,MLM,/Users/nel6/Desktop/Documents/Collaborations/nottingham/foxtailgwas/results/gwas/2023/height_cm/MLM/GAPIT.Association.GWAS_Results.MLM.height_cm(NYC).csv,848687,840452,0,0.05,5.8914535040598e-08,1.01834797375689
2023,height_cm,FarmCPU,/Users/nel6/Desktop/Documents/Collaborations/nottingham/foxtailgwas/results/gwas/2023/height_cm/FarmCPU/GAPIT.Association.GWAS_Results.FarmCPU.height_cm(NYC).csv,848687,840452,0,0.05,5.8914535040598e-08,0.942236795035309
2023,height_cm,BLINK,/Users/nel6/Desktop/Documents/Collaborations/nottingham/foxtailgwas/results/gwas/2023/height_cm/BLINK/GAPIT.Association.GWAS_Results.BLINK.height_cm(NYC).csv,848687,840452,1,0.05,5.8914535040598e-08,0.974621794683377
2023,plants_m2,MLM,/Users/nel6/Desktop/Documents/Collaborations/nottingham/foxtailgwas/results/gwas/2023/plants_m2/MLM/GAPIT.Association.GWAS_Results.MLM.plants_m2(NYC).csv,848687,840452,0,0.05,5.8914535040598e-08,0.999241879930101
2023,plants_m2,FarmCPU,/Users/nel6/Desktop/Documents/Collaborations/nottingham/foxtailgwas/results/gwas/2023/plants_m2/FarmCPU/GAPIT.Association.GWAS_Results.FarmCPU.plants_m2(NYC).csv,848687,840452,0,0.05,5.8914535040598e-08,1.0190408919836
2023,plants_m2,BLINK,/Users/nel6/Desktop/Documents/Collaborations/nottingham/foxtailgwas/results/gwas/2023/plants_m2/BLINK/GAPIT.Association.GWAS_Results.BLINK.plants_m2(NYC).csv,848687,840452,0,0.05,5.8914535040598e-08,1.01926129855494
2023,thousand_seed_weight_g,MLM,/Users/nel6/Desktop/Documents/Collaborations/nottingham/foxtailgwas/results/gwas/2023/thousand_seed_weight_g/MLM/GAPIT.Association.GWAS_Results.MLM.thousand_seed_weight_g(NYC).csv,848687,793558,0,0.05,5.8914535040598e-08,1.01599212189611
2023,thousand_seed_weight_g,FarmCPU,/Users/nel6/Desktop/Documents/Collaborations/nottingham/foxtailgwas/results/gwas/2023/thousand_seed_weight_g/FarmCPU/GAPIT.Association.GWAS_Results.FarmCPU.thousand_seed_weight_g(NYC).csv,848687,793558,0,0.05,5.8914535040598e-08,0.936296825439091
2023,thousand_seed_weight_g,BLINK,/Users/nel6/Desktop/Documents/Collaborations/nottingham/foxtailgwas/results/gwas/2023/thousand_seed_weight_g/BLINK/GAPIT.Association.GWAS_Results.BLINK.thousand_seed_weight_g(NYC).csv,848687,793558,2,0.05,5.8914535040598e-08,1.05760378891298
2023,protein_pct,MLM,/Users/nel6/Desktop/Documents/Collaborations/nottingham/foxtailgwas/results/gwas/2023/protein_pct/MLM/GAPIT.Association.GWAS_Results.MLM.protein_pct(NYC).csv,848687,788468,0,0.05,5.8914535040598e-08,1.0312816471061
2023,protein_pct,FarmCPU,/Users/nel6/Desktop/Documents/Collaborations/nottingham/foxtailgwas/results/gwas/2023/protein_pct/FarmCPU/GAPIT.Association.GWAS_Results.FarmCPU.protein_pct(NYC).csv,848687,788468,0,0.05,5.8914535040598e-08,1.00399600646224
2023,protein_pct,BLINK,/Users/nel6/Desktop/Documents/Collaborations/nottingham/foxtailgwas/results/gwas/2023/protein_pct/BLINK/GAPIT.Association.GWAS_Results.BLINK.protein_pct(NYC).csv,848687,788468,0,0.05,5.8914535040598e-08,1.00471173524951
2023,fat_pct,MLM,/Users/nel6/Desktop/Documents/Collaborations/nottingham/foxtailgwas/results/gwas/2023/fat_pct/MLM/GAPIT.Association.GWAS_Results.MLM.fat_pct(NYC).csv,848687,731978,0,0.05,5.8914535040598e-08,0.993897475929946
2023,fat_pct,FarmCPU,/Users/nel6/Desktop/Documents/Collaborations/nottingham/foxtailgwas/results/gwas/2023/fat_pct/FarmCPU/GAPIT.Association.GWAS_Results.FarmCPU.fat_pct(NYC).csv,848687,731978,0,0.05,5.8914535040598e-08,0.917039060943255
2023,fat_pct,BLINK,/Users/nel6/Desktop/Documents/Collaborations/nottingham/foxtailgwas/results/gwas/2023/fat_pct/BLINK/GAPIT.Association.GWAS_Results.BLINK.fat_pct(NYC).csv,848687,731978,0,0.05,5.8914535040598e-08,0.920499923908637
2023,panicle_length_cm,MLM,/Users/nel6/Desktop/Documents/Collaborations/nottingham/foxtailgwas/results/gwas/2023/panicle_length_cm/MLM/GAPIT.Association.GWAS_Results.MLM.panicle_length_cm(NYC).csv,848687,815004,0,0.05,5.8914535040598e-08,1.01680086584604
2023,panicle_length_cm,FarmCPU,/Users/nel6/Desktop/Documents/Collaborations/nottingham/foxtailgwas/results/gwas/2023/panicle_length_cm/FarmCPU/GAPIT.Association.GWAS_Results.FarmCPU.panicle_length_cm(NYC).csv,848687,815004,0,0.05,5.8914535040598e-08,0.859347452230046
2023,panicle_length_cm,BLINK,/Users/nel6/Desktop/Documents/Collaborations/nottingham/foxtailgwas/results/gwas/2023/panicle_length_cm/BLINK/GAPIT.Association.GWAS_Results.BLINK.panicle_length_cm(NYC).csv,848687,815004,11,0.05,5.8914535040598e-08,1.08560319760763
2023,pedicel_length_cm,MLM,/Users/nel6/Desktop/Documents/Collaborations/nottingham/foxtailgwas/results/gwas/2023/pedicel_length_cm/MLM/GAPIT.Association.GWAS_Results.MLM.pedicel_length_cm(NYC).csv,848687,815004,0,0.05,5.8914535040598e-08,0.913022248723471
2023,pedicel_length_cm,FarmCPU,/Users/nel6/Desktop/Documents/Collaborations/nottingham/foxtailgwas/results/gwas/2023/pedicel_length_cm/FarmCPU/GAPIT.Association.GWAS_Results.FarmCPU.pedicel_length_cm(NYC).csv,848687,815004,4,0.05,5.8914535040598e-08,1.04711740041211
2023,pedicel_length_cm,BLINK,/Users/nel6/Desktop/Documents/Collaborations/nottingham/foxtailgwas/results/gwas/2023/pedicel_length_cm/BLINK/GAPIT.Association.GWAS_Results.BLINK.pedicel_length_cm(NYC).csv,848687,815004,3,0.05,5.8914535040598e-08,1.01477010448908
2024_N40,dtf,MLM,/Users/nel6/Desktop/Documents/Collaborations/nottingham/foxtailgwas/results/gwas/2024_N40/dtf/MLM/GAPIT.Association.GWAS_Results.MLM.dtf(NYC).csv,848687,807622,0,0.05,5.8914535040598e-08,0.974017707407546
2024_N40,dtf,FarmCPU,/Users/nel6/Desktop/Documents/Collaborations/nottingham/foxtailgwas/results/gwas/2024_N40/dtf/FarmCPU/GAPIT.Association.GWAS_Results.FarmCPU.dtf(NYC).csv,848687,807622,9,0.05,5.8914535040598e-08,0.956009453756508
2024_N40,dtf,BLINK,/Users/nel6/Desktop/Documents/Collaborations/nottingham/foxtailgwas/results/gwas/2024_N40/dtf/BLINK/GAPIT.Association.GWAS_Results.BLINK.dtf(NYC).csv,848687,807622,4,0.05,5.8914535040598e-08,0.983076877949324
2024_N40,height_cm,MLM,/Users/nel6/Desktop/Documents/Collaborations/nottingham/foxtailgwas/results/gwas/2024_N40/height_cm/MLM/GAPIT.Association.GWAS_Results.MLM.height_cm(NYC).csv,848687,794284,0,0.05,5.8914535040598e-08,1.02615050934593
2024_N40,height_cm,FarmCPU,/Users/nel6/Desktop/Documents/Collaborations/nottingham/foxtailgwas/results/gwas/2024_N40/height_cm/FarmCPU/GAPIT.Association.GWAS_Results.FarmCPU.height_cm(NYC).csv,848687,794284,4,0.05,5.8914535040598e-08,0.830837793902932
2024_N40,height_cm,BLINK,/Users/nel6/Desktop/Documents/Collaborations/nottingham/foxtailgwas/results/gwas/2024_N40/height_cm/BLINK/GAPIT.Association.GWAS_Results.BLINK.height_cm(NYC).csv,848687,794284,1,0.05,5.8914535040598e-08,0.897611903478404
2024_N40,plants_m2,MLM,/Users/nel6/Desktop/Documents/Collaborations/nottingham/foxtailgwas/results/gwas/2024_N40/plants_m2/MLM/GAPIT.Association.GWAS_Results.MLM.plants_m2(NYC).csv,848687,794284,0,0.05,5.8914535040598e-08,0.94754619835732
2024_N40,plants_m2,FarmCPU,/Users/nel6/Desktop/Documents/Collaborations/nottingham/foxtailgwas/results/gwas/2024_N40/plants_m2/FarmCPU/GAPIT.Association.GWAS_Results.FarmCPU.plants_m2(NYC).csv,848687,794284,0,0.05,5.8914535040598e-08,1.0330844260964
2024_N40,plants_m2,BLINK,/Users/nel6/Desktop/Documents/Collaborations/nottingham/foxtailgwas/results/gwas/2024_N40/plants_m2/BLINK/GAPIT.Association.GWAS_Results.BLINK.plants_m2(NYC).csv,848687,794284,0,0.05,5.8914535040598e-08,1.03360902236314
2024_N40,number_of_tillers,MLM,/Users/nel6/Desktop/Documents/Collaborations/nottingham/foxtailgwas/results/gwas/2024_N40/number_of_tillers/MLM/GAPIT.Association.GWAS_Results.MLM.number_of_tillers(NYC).csv,848687,794284,0,0.05,5.8914535040598e-08,0.908918836857768
2024_N40,number_of_tillers,FarmCPU,/Users/nel6/Desktop/Documents/Collaborations/nottingham/foxtailgwas/results/gwas/2024_N40/number_of_tillers/FarmCPU/GAPIT.Association.GWAS_Results.FarmCPU.number_of_tillers(NYC).csv,848687,794284,6,0.05,5.8914535040598e-08,0.899423307582303
2024_N40,number_of_tillers,BLINK,/Users/nel6/Desktop/Documents/Collaborations/nottingham/foxtailgwas/results/gwas/2024_N40/number_of_tillers/BLINK/GAPIT.Association.GWAS_Results.BLINK.number_of_tillers(NYC).csv,848687,794284,2,0.05,5.8914535040598e-08,1.04376594574767
2024_N40,days_to_harvest,MLM,/Users/nel6/Desktop/Documents/Collaborations/nottingham/foxtailgwas/results/gwas/2024_N40/days_to_harvest/MLM/GAPIT.Association.GWAS_Results.MLM.days_to_harvest(NYC).csv,848687,807622,0,0.05,5.8914535040598e-08,0.95005703972935
2024_N40,days_to_harvest,FarmCPU,/Users/nel6/Desktop/Documents/Collaborations/nottingham/foxtailgwas/results/gwas/2024_N40/days_to_harvest/FarmCPU/GAPIT.Association.GWAS_Results.FarmCPU.days_to_harvest(NYC).csv,848687,807622,6,0.05,5.8914535040598e-08,0.959749051170433
2024_N40,days_to_harvest,BLINK,/Users/nel6/Desktop/Documents/Collaborations/nottingham/foxtailgwas/results/gwas/2024_N40/days_to_harvest/BLINK/GAPIT.Association.GWAS_Results.BLINK.days_to_harvest(NYC).csv,848687,807622,1,0.05,5.8914535040598e-08,1.09094882286324
2024_N40,normalized_difference_vegetation_index,MLM,/Users/nel6/Desktop/Documents/Collaborations/nottingham/foxtailgwas/results/gwas/2024_N40/normalized_difference_vegetation_index/MLM/GAPIT.Association.GWAS_Results.MLM.normalized_difference_vegetation_index(NYC).csv,848687,794284,0,0.05,5.8914535040598e-08,0.969556615429069
2024_N40,normalized_difference_vegetation_index,FarmCPU,/Users/nel6/Desktop/Documents/Collaborations/nottingham/foxtailgwas/results/gwas/2024_N40/normalized_difference_vegetation_index/FarmCPU/GAPIT.Association.GWAS_Results.FarmCPU.normalized_difference_vegetation_index(NYC).csv,848687,794284,0,0.05,5.8914535040598e-08,0.925988979430855
2024_N40,normalized_difference_vegetation_index,BLINK,/Users/nel6/Desktop/Documents/Collaborations/nottingham/foxtailgwas/results/gwas/2024_N40/normalized_difference_vegetation_index/BLINK/GAPIT.Association.GWAS_Results.BLINK.normalized_difference_vegetation_index(NYC).csv,848687,794284,0,0.05,5.8914535040598e-08,0.926520072114939
2024_N40,fluorescence,MLM,/Users/nel6/Desktop/Documents/Collaborations/nottingham/foxtailgwas/results/gwas/2024_N40/fluorescence/MLM/GAPIT.Association.GWAS_Results.MLM.fluorescence(NYC).csv,848687,794284,0,0.05,5.8914535040598e-08,1.00319407593772
2024_N40,fluorescence,FarmCPU,/Users/nel6/Desktop/Documents/Collaborations/nottingham/foxtailgwas/results/gwas/2024_N40/fluorescence/FarmCPU/GAPIT.Association.GWAS_Results.FarmCPU.fluorescence(NYC).csv,848687,794284,0,0.05,5.8914535040598e-08,0.995097284309241
2024_N40,fluorescence,BLINK,/Users/nel6/Desktop/Documents/Collaborations/nottingham/foxtailgwas/results/gwas/2024_N40/fluorescence/BLINK/GAPIT.Association.GWAS_Results.BLINK.fluorescence(NYC).csv,848687,794284,0,0.05,5.8914535040598e-08,0.99570645178848
2024_N40,protein_pct,MLM,/Users/nel6/Desktop/Documents/Collaborations/nottingham/foxtailgwas/results/gwas/2024_N40/protein_pct/MLM/GAPIT.Association.GWAS_Results.MLM.protein_pct(NYC).csv,848687,752893,0,0.05,5.8914535040598e-08,0.989522908166607
2024_N40,protein_pct,FarmCPU,/Users/nel6/Desktop/Documents/Collaborations/nottingham/foxtailgwas/results/gwas/2024_N40/protein_pct/FarmCPU/GAPIT.Association.GWAS_Results.FarmCPU.protein_pct(NYC).csv,848687,752893,2,0.05,5.8914535040598e-08,0.982078558644583
2024_N40,protein_pct,BLINK,/Users/nel6/Desktop/Documents/Collaborations/nottingham/foxtailgwas/results/gwas/2024_N40/protein_pct/BLINK/GAPIT.Association.GWAS_Results.BLINK.protein_pct(NYC).csv,848687,752893,1,0.05,5.8914535040598e-08,0.969800068271005
2024_N120,dtf,MLM,/Users/nel6/Desktop/Documents/Collaborations/nottingham/foxtailgwas/results/gwas/2024_N120/dtf/MLM/GAPIT.Association.GWAS_Results.MLM.dtf(NYC).csv,848687,807622,0,0.05,5.8914535040598e-08,0.955403887057743
2024_N120,dtf,BLINK,/Users/nel6/Desktop/Documents/Collaborations/nottingham/foxtailgwas/results/gwas/2024_N120/dtf/BLINK/GAPIT.Association.GWAS_Results.BLINK.dtf(NYC).csv,848687,807622,3,0.05,5.8914535040598e-08,1.00010081416796
2024_N120,height_cm,MLM,/Users/nel6/Desktop/Documents/Collaborations/nottingham/foxtailgwas/results/gwas/2024_N120/height_cm/MLM/GAPIT.Association.GWAS_Results.MLM.height_cm(NYC).csv,848687,794284,0,0.05,5.8914535040598e-08,1.0056434830418
2024_N120,height_cm,FarmCPU,/Users/nel6/Desktop/Documents/Collaborations/nottingham/foxtailgwas/results/gwas/2024_N120/height_cm/FarmCPU/GAPIT.Association.GWAS_Results.FarmCPU.height_cm(NYC).csv,848687,794284,7,0.05,5.8914535040598e-08,0.924448415119123
2024_N120,height_cm,BLINK,/Users/nel6/Desktop/Documents/Collaborations/nottingham/foxtailgwas/results/gwas/2024_N120/height_cm/BLINK/GAPIT.Association.GWAS_Results.BLINK.height_cm(NYC).csv,848687,794284,2,0.05,5.8914535040598e-08,0.974210378236148
2024_N120,plants_m2,MLM,/Users/nel6/Desktop/Documents/Collaborations/nottingham/foxtailgwas/results/gwas/2024_N120/plants_m2/MLM/GAPIT.Association.GWAS_Results.MLM.plants_m2(NYC).csv,848687,800164,0,0.05,5.8914535040598e-08,1.00905481534083
2024_N120,plants_m2,FarmCPU,/Users/nel6/Desktop/Documents/Collaborations/nottingham/foxtailgwas/results/gwas/2024_N120/plants_m2/FarmCPU/GAPIT.Association.GWAS_Results.FarmCPU.plants_m2(NYC).csv,848687,800164,0,0.05,5.8914535040598e-08,0.959078439150123
2024_N120,plants_m2,BLINK,/Users/nel6/Desktop/Documents/Collaborations/nottingham/foxtailgwas/results/gwas/2024_N120/plants_m2/BLINK/GAPIT.Association.GWAS_Results.BLINK.plants_m2(NYC).csv,848687,800164,0,0.05,5.8914535040598e-08,0.959681545261692
2024_N120,number_of_tillers,MLM,/Users/nel6/Desktop/Documents/Collaborations/nottingham/foxtailgwas/results/gwas/2024_N120/number_of_tillers/MLM/GAPIT.Association.GWAS_Results.MLM.number_of_tillers(NYC).csv,848687,794284,1,0.05,5.8914535040598e-08,0.978828667264085
2024_N120,number_of_tillers,FarmCPU,/Users/nel6/Desktop/Documents/Collaborations/nottingham/foxtailgwas/results/gwas/2024_N120/number_of_tillers/FarmCPU/GAPIT.Association.GWAS_Results.FarmCPU.number_of_tillers(NYC).csv,848687,794284,1,0.05,5.8914535040598e-08,1.03772936106628
2024_N120,number_of_tillers,BLINK,/Users/nel6/Desktop/Documents/Collaborations/nottingham/foxtailgwas/results/gwas/2024_N120/number_of_tillers/BLINK/GAPIT.Association.GWAS_Results.BLINK.number_of_tillers(NYC).csv,848687,794284,2,0.05,5.8914535040598e-08,0.887167915152012
2024_N120,days_to_harvest,MLM,/Users/nel6/Desktop/Documents/Collaborations/nottingham/foxtailgwas/results/gwas/2024_N120/days_to_harvest/MLM/GAPIT.Association.GWAS_Results.MLM.days_to_harvest(NYC).csv,848687,807622,0,0.05,5.8914535040598e-08,0.951340444292569
2024_N120,days_to_harvest,FarmCPU,/Users/nel6/Desktop/Documents/Collaborations/nottingham/foxtailgwas/results/gwas/2024_N120/days_to_harvest/FarmCPU/GAPIT.Association.GWAS_Results.FarmCPU.days_to_harvest(NYC).csv,848687,807622,4,0.05,5.8914535040598e-08,1.0831207137439
2024_N120,days_to_harvest,BLINK,/Users/nel6/Desktop/Documents/Collaborations/nottingham/foxtailgwas/results/gwas/2024_N120/days_to_harvest/BLINK/GAPIT.Association.GWAS_Results.BLINK.days_to_harvest(NYC).csv,848687,807622,0,0.05,5.8914535040598e-08,1.00058640973862
2024_N120,normalized_difference_vegetation_index,MLM,/Users/nel6/Desktop/Documents/Collaborations/nottingham/foxtailgwas/results/gwas/2024_N120/normalized_difference_vegetation_index/MLM/GAPIT.Association.GWAS_Results.MLM.normalized_difference_vegetation_index(NYC).csv,848687,794284,0,0.05,5.8914535040598e-08,0.995727801717579
2024_N120,normalized_difference_vegetation_index,FarmCPU,/Users/nel6/Desktop/Documents/Collaborations/nottingham/foxtailgwas/results/gwas/2024_N120/normalized_difference_vegetation_index/FarmCPU/GAPIT.Association.GWAS_Results.FarmCPU.normalized_difference_vegetation_index(NYC).csv,848687,794284,0,0.05,5.8914535040598e-08,0.956761768841761
2024_N120,normalized_difference_vegetation_index,BLINK,/Users/nel6/Desktop/Documents/Collaborations/nottingham/foxtailgwas/results/gwas/2024_N120/normalized_difference_vegetation_index/BLINK/GAPIT.Association.GWAS_Results.BLINK.normalized_difference_vegetation_index(NYC).csv,848687,794284,0,0.05,5.8914535040598e-08,0.957063276488479
2024_N120,fluorescence,MLM,/Users/nel6/Desktop/Documents/Collaborations/nottingham/foxtailgwas/results/gwas/2024_N120/fluorescence/MLM/GAPIT.Association.GWAS_Results.MLM.fluorescence(NYC).csv,848687,794284,0,0.05,5.8914535040598e-08,0.977303898922686
2024_N120,fluorescence,FarmCPU,/Users/nel6/Desktop/Documents/Collaborations/nottingham/foxtailgwas/results/gwas/2024_N120/fluorescence/FarmCPU/GAPIT.Association.GWAS_Results.FarmCPU.fluorescence(NYC).csv,848687,794284,0,0.05,5.8914535040598e-08,0.969529959681897
2024_N120,fluorescence,BLINK,/Users/nel6/Desktop/Documents/Collaborations/nottingham/foxtailgwas/results/gwas/2024_N120/fluorescence/BLINK/GAPIT.Association.GWAS_Results.BLINK.fluorescence(NYC).csv,848687,794284,0,0.05,5.8914535040598e-08,0.969887442098797
2024_N120,protein_pct,MLM,/Users/nel6/Desktop/Documents/Collaborations/nottingham/foxtailgwas/results/gwas/2024_N120/protein_pct/MLM/GAPIT.Association.GWAS_Results.MLM.protein_pct(NYC).csv,848687,763013,0,0.05,5.8914535040598e-08,1.0419167706236
2024_N120,protein_pct,FarmCPU,/Users/nel6/Desktop/Documents/Collaborations/nottingham/foxtailgwas/results/gwas/2024_N120/protein_pct/FarmCPU/GAPIT.Association.GWAS_Results.FarmCPU.protein_pct(NYC).csv,848687,763013,4,0.05,5.8914535040598e-08,0.96050615888148
2024_N120,protein_pct,BLINK,/Users/nel6/Desktop/Documents/Collaborations/nottingham/foxtailgwas/results/gwas/2024_N120/protein_pct/BLINK/GAPIT.Association.GWAS_Results.BLINK.protein_pct(NYC).csv,848687,763013,4,0.05,5.8914535040598e-08,1.12086795814785
2024_N120,dtf,FarmCPU,/Users/nel6/Desktop/Documents/Collaborations/nottingham/foxtailgwas/results/gwas/2024_N120/dtf/FarmCPU/GAPIT.Association.GWAS_Results.FarmCPU.dtf(NYC).csv,848687,807622,7,0.05,5.8914535040598e-08,0.968942367270703
