year,trait,scope,genotype,blue,standard_error,estimable
2024,dtf,year_descriptive,Fm134,110.33333333322236,2.0376111172236673,TRUE
2024,dtf,year_descriptive,Fm170,136.83333333333235,2.0376111172245217,TRUE
2024,dtf,year_descriptive,Fm173,129.16666666666558,2.037611117224522,TRUE
2024,dtf,year_descriptive,Fm174,139.16666666666555,2.0376111172245217,TRUE
2024,dtf,year_descriptive,Fm176,127.99999999999886,2.037611117224522,TRUE
2024,dtf,year_descriptive,Fm181,80.99999999999886,2.037611117224522,TRUE
2024,dtf,year_descriptive,Fm185,120.83333333333226,2.037611117224522,TRUE
2024,dtf,year_descriptive,Fm190,97.49999999999892,2.037611117224522,TRUE
2024,dtf,year_descriptive,Fm193,96.83333333333229,2.037611117224522,TRUE
2024,dtf,year_descriptive,Fm194,98.16666666666565,2.037611117224522,TRUE
2024,dtf,year_descriptive,Fm195,106.33333333333233,2.0376111172245226,TRUE
2024,dtf,year_descriptive,Fm203,85.66666666666566,2.0376111172245226,TRUE
2024,dtf,year_descriptive,Fm208,129.66666666666572,2.037611117224522,TRUE
2024,dtf,year_descriptive,Fm214,91.33333333333235,2.037611117224522,TRUE
2024,dtf,year_descriptive,Fm215,75.66666666666569,2.037611117224522,TRUE
2024,dtf,year_descriptive,Fm216,105.01535554392211,2.6378090329978696,TRUE
2024,dtf,year_descriptive,Fm219,72.99999999999903,2.0376111172245217,TRUE
2024,dtf,year_descriptive,Fm221,106.16666666666572,2.0376111172245217,TRUE
2024,dtf,year_descriptive,Fm225,82.3333333333324,2.0376111172245217,TRUE
2024,dtf,year_descriptive,Fm227,107.99999999999909,2.0376111172245217,TRUE
2024,dtf,year_descriptive,Fm233,115.66666666666575,2.0376111172245217,TRUE
2024,dtf,year_descriptive,Fm235,127.66666666666575,2.0376111172245217,TRUE
2024,dtf,year_descriptive,Fm236,94.99999999999906,2.0376111172245217,TRUE
2024,dtf,year_descriptive,Fm238,119.8333333333324,2.0376111172245217,TRUE
2024,dtf,year_descriptive,Fm249,133.16666666666572,2.0376111172245217,TRUE
2024,dtf,year_descriptive,Fm250,130.9999999999991,2.0376111172245217,TRUE
2024,dtf,year_descriptive,Fm3,140.8333333333324,2.0376111172245217,TRUE
2024,dtf,year_descriptive,Fm321,90.49999999999903,2.0376111172245217,TRUE
2024,dtf,year_descriptive,Fm322,125.16666666666572,2.0376111172245217,TRUE
2024,dtf,year_descriptive,Fm337,102.83333333333238,2.0376111172245217,TRUE
2024,dtf,year_descriptive,Fm341,106.99999999999903,2.0376111172245217,TRUE
2024,dtf,year_descriptive,Fm343,121.66666666666572,2.0376111172245217,TRUE
2024,dtf,year_descriptive,Fm344,120.33333333333238,2.0376111172245217,TRUE
2024,dtf,year_descriptive,Fm345,112.83333333333238,2.0376111172245217,TRUE
2024,dtf,year_descriptive,Fm346,116.0433215988507,2.494726942786935,TRUE
2024,dtf,year_descriptive,Fm347,100.99999999999903,2.0376111172245217,TRUE
2024,dtf,year_descriptive,Fm349,108.6666666666657,2.0376111172245217,TRUE
2024,dtf,year_descriptive,Fm351,112.83333333333238,2.0376111172245217,TRUE
2024,dtf,year_descriptive,Fm352,105.29332142179871,2.2030503190009303,TRUE
2024,dtf,year_descriptive,Fm354,107.33333333333238,2.0376111172245217,TRUE
2024,dtf,year_descriptive,Fm355,107.83333333333235,2.0376111172245217,TRUE
2024,dtf,year_descriptive,Fm356,113.16666666666569,2.0376111172245217,TRUE
2024,dtf,year_descriptive,Fm358,120.83333333333235,2.0376111172245217,TRUE
2024,dtf,year_descriptive,Fm359,113.66666666666569,2.0376111172245217,TRUE
2024,dtf,year_descriptive,Fm36,114.99999999999903,2.0376111172245217,TRUE
2024,dtf,year_descriptive,Fm361,103.0833332825692,2.349912950739646,TRUE
2024,dtf,year_descriptive,Fm363,112.16666666666568,2.0376111172245217,TRUE
2024,dtf,year_descriptive,Fm364,119.499999999999,2.0376111172245217,TRUE
2024,dtf,year_descriptive,Fm365,103.16666666666569,2.0376111172245217,TRUE
2024,dtf,year_descriptive,Fm366,101.66666666666569,2.0376111172245217,TRUE
2024,dtf,year_descriptive,Fm368,101.33333333333235,2.0376111172245217,TRUE
2024,dtf,year_descriptive,Fm369,107.66666666666569,2.0376111172245213,TRUE
2024,dtf,year_descriptive,Fm370,114.66666666666569,2.0376111172245217,TRUE
2024,dtf,year_descriptive,Fm372,109.83333333333235,2.0376111172245213,TRUE
2024,dtf,year_descriptive,Fm375,106.999999999999,2.0376111172245217,TRUE
2024,dtf,year_descriptive,Fm376,103.49999999999902,2.0376111172245213,TRUE
2024,dtf,year_descriptive,Fm377,108.66666666666568,2.0376111172245213,TRUE
2024,dtf,year_descriptive,Fm378,99.99999999999902,2.037611117224521,TRUE
2024,dtf,year_descriptive,Fm379,104.33333333333235,2.0376111172245213,TRUE
2024,dtf,year_descriptive,Fm380,109.99999999999902,2.0376111172245213,TRUE
2024,dtf,year_descriptive,Fm381,101.66666666666569,2.0376111172245213,TRUE
2024,dtf,year_descriptive,Fm382,104.16666666666569,2.0376111172245213,TRUE
2024,dtf,year_descriptive,Fm384,117.83333333333235,2.0376111172245217,TRUE
2024,dtf,year_descriptive,Fm387,124.499999999999,2.0376111172245213,TRUE
2024,dtf,year_descriptive,Fm388,106.999999999999,2.0376111172245213,TRUE
2024,dtf,year_descriptive,Fm389,119.83333333333233,2.0376111172245213,TRUE
2024,dtf,year_descriptive,Fm391,101.999999999999,2.0376111172245213,TRUE
2024,dtf,year_descriptive,Fm392,92.83333333333232,2.0376111172245213,TRUE
2024,dtf,year_descriptive,Fm394,100.83333333333235,2.037611117224521,TRUE
2024,dtf,year_descriptive,Fm395,109.999999999999,2.0376111172245213,TRUE
2024,dtf,year_descriptive,Fm396,112.16666666666568,2.037611117224521,TRUE
2024,dtf,year_descriptive,Fm398,106.04332137103552,2.4947269427869347,TRUE
2024,dtf,year_descriptive,Fm400,107.33333333333235,2.0376111172245213,TRUE
2024,dtf,year_descriptive,Fm401,99.83333333333235,2.037611117224521,TRUE
2024,dtf,year_descriptive,Fm402,99.33333333333232,2.037611117224521,TRUE
2024,dtf,year_descriptive,Fm404,107.74999987371018,2.3499129507396455,TRUE
2024,dtf,year_descriptive,Fm405,108.33333333333235,2.037611117224521,TRUE
2024,dtf,year_descriptive,Fm406,101.83333333333235,2.037611117224521,TRUE
2024,dtf,year_descriptive,Fm407,99.33333333333235,2.037611117224521,TRUE
2024,dtf,year_descriptive,Fm41,124.33333333333235,2.0376111172245213,TRUE
2024,dtf,year_descriptive,Fm410,109.66666666666568,2.0376111172245213,TRUE
2024,dtf,year_descriptive,Fm411,101.499999999999,2.0376111172245213,TRUE
2024,dtf,year_descriptive,Fm412,99.99999999999902,2.037611117224521,TRUE
2024,dtf,year_descriptive,Fm413,108.66666666666569,2.0376111172245213,TRUE
2024,dtf,year_descriptive,Fm414,99.33333333333235,2.0376111172245213,TRUE
2024,dtf,year_descriptive,Fm415,98.16666666666569,2.0376111172245213,TRUE
2024,dtf,year_descriptive,Fm416,111.999999999999,2.0376111172245213,TRUE
2024,dtf,year_descriptive,Fm417,121.16666666666568,2.0376111172245213,TRUE
2024,dtf,year_descriptive,Fm418,119.999999999999,2.0376111172245213,TRUE
2024,dtf,year_descriptive,Fm419,93.66666666666568,2.037611117224521,TRUE
2024,dtf,year_descriptive,Fm420,103.999999999999,2.037611117224521,TRUE
2024,dtf,year_descriptive,Fm421,113.16666666666568,2.037611117224521,TRUE
2024,dtf,year_descriptive,Fm428,94.33333333333235,2.0376111172245213,TRUE
2024,dtf,year_descriptive,Fm429,95.83333333333235,2.037611117224521,TRUE
2024,dtf,year_descriptive,Fm43,126.16666666666569,2.037611117224521,TRUE
2024,dtf,year_descriptive,Fm44,111.83333333333235,2.0376111172245213,TRUE
2024,dtf,year_descriptive,Fm442,111.16666666666569,2.037611117224521,TRUE
2024,dtf,year_descriptive,Fm443,104.37665475513202,2.2030503190009303,TRUE
2024,dtf,year_descriptive,Fm444,113.499999999999,2.037611117224521,TRUE
2024,dtf,year_descriptive,Fm446,106.999999999999,2.037611117224521,TRUE
2024,dtf,year_descriptive,Fm458,146.33333333333235,2.037611117224521,TRUE
2024,dtf,year_descriptive,Fm464,110.499999999999,2.037611117224521,TRUE
2024,dtf,year_descriptive,Fm474,105.999999999999,2.037611117224521,TRUE
2024,dtf,year_descriptive,Fm475,101.33333333333235,2.037611117224521,TRUE
2024,dtf,year_descriptive,Fm477,113.499999999999,2.037611117224521,TRUE
2024,dtf,year_descriptive,Fm478,113.499999999999,2.037611117224521,TRUE
2024,dtf,year_descriptive,Fm480,114.83333333333235,2.0376111172245213,TRUE
2024,dtf,year_descriptive,Fm482,117.999999999999,2.0376111172245213,TRUE
2024,dtf,year_descriptive,Fm484,106.33333333333232,2.0376111172245213,TRUE
2024,dtf,year_descriptive,Fm489,99.66666666666566,2.0376111172245213,TRUE
2024,dtf,year_descriptive,Fm491,105.49999999999899,2.0376111172245213,TRUE
2024,dtf,year_descriptive,Fm492,106.49999999999898,2.0376111172245213,TRUE
2024,dtf,year_descriptive,Fm496,94.49999999999898,2.0376111172245213,TRUE
2024,dtf,year_descriptive,Fm505,118.33333333333235,2.0376111172245213,TRUE
2024,dtf,year_descriptive,Fm507,112.16666666666566,2.0376111172245213,TRUE
2024,dtf,year_descriptive,Fm510,131.49999999999898,2.0376111172245213,TRUE
2024,dtf,year_descriptive,Fm518,101.16666666666566,2.0376111172245213,TRUE
2024,dtf,year_descriptive,Fm519,113.33333333333232,2.0376111172245213,TRUE
2024,dtf,year_descriptive,Fm522,111.83333333333232,2.0376111172245213,TRUE
2024,dtf,year_descriptive,Fm523,94.83333333333233,2.0376111172245213,TRUE
2024,dtf,year_descriptive,Fm524,99.49999999999899,2.0376111172245213,TRUE
2024,dtf,year_descriptive,Fm537,102.99999999999899,2.0376111172245213,TRUE
2024,dtf,year_descriptive,Fm552,99.49999999999899,2.0376111172245213,TRUE
2024,dtf,year_descriptive,Fm56,138.83333333333235,2.0376111172245213,TRUE
2024,dtf,year_descriptive,Fm560,82.66666666666568,2.0376111172245213,TRUE
2024,dtf,year_descriptive,Fm566,101.66666666666568,2.0376111172245213,TRUE
2024,dtf,year_descriptive,Fm569,82.33333333333235,2.0376111172245213,TRUE
2024,dtf,year_descriptive,Fm585,101.54768978502057,3.2147053778669656,TRUE
2024,dtf,year_descriptive,Fm589,75.16666666666568,2.0376111172245213,TRUE
2024,dtf,year_descriptive,Fm590,83.83333333333235,2.0376111172245213,TRUE
2024,dtf,year_descriptive,Fm592,83.83333333333235,2.0376111172245213,TRUE
2024,dtf,year_descriptive,Fm600,116.66666666666568,2.0376111172245213,TRUE
2024,dtf,year_descriptive,Fm601,125.499999999999,2.0376111172245213,TRUE
2024,dtf,year_descriptive,Fm610,104.33333333333235,2.037611117224521,TRUE
2024,dtf,year_descriptive,Fm611,100.66666666666569,2.0376111172245213,TRUE
2024,dtf,year_descriptive,Fm612,103.33333333333235,2.0376111172245213,TRUE
2024,dtf,year_descriptive,Fm614,117.999999999999,2.0376111172245213,TRUE
2024,dtf,year_descriptive,Fm615,108.499999999999,2.0376111172245213,TRUE
2024,dtf,year_descriptive,Fm616,76.16666666666569,2.0376111172245213,TRUE
2024,dtf,year_descriptive,Fm620,85.66666666666569,2.0376111172245213,TRUE
2024,dtf,year_descriptive,Fm621,103.33333333333233,2.037611117224521,TRUE
2024,dtf,year_descriptive,Fm65,116.33333333333238,2.037611117224521,TRUE
2024,dtf,year_descriptive,Fm78,120.7423222280375,2.2030441262986566,TRUE
2024,dtf,year_descriptive,Fm79,145.99999999999903,2.0376111172245213,TRUE
2024,dtf,year_descriptive,Fm86,141.33333333333235,2.0376111172245213,TRUE
2024,height_cm,year_descriptive,Fm134,47.999999999980034,2.9312708692069007,TRUE
2024,height_cm,year_descriptive,Fm156,96.16666666666617,2.931270869207763,TRUE
2024,height_cm,year_descriptive,Fm161,64.99999999999936,2.931270869207763,TRUE
2024,height_cm,year_descriptive,Fm168,91.65381981267477,3.301508796275842,TRUE
2024,height_cm,year_descriptive,Fm170,108.99999999999932,2.931270869207763,TRUE
2024,height_cm,year_descriptive,Fm173,104.8333333333326,2.931270869207763,TRUE
2024,height_cm,year_descriptive,Fm174,91.83333333333256,2.931270869207763,TRUE
2024,height_cm,year_descriptive,Fm176,94.66666666666589,2.931270869207763,TRUE
2024,height_cm,year_descriptive,Fm181,95.99999999999922,2.931270869207763,TRUE
2024,height_cm,year_descriptive,Fm185,106.16666666666589,2.931270869207763,TRUE
2024,height_cm,year_descriptive,Fm190,109.66666666666588,2.931270869207763,TRUE
2024,height_cm,year_descriptive,Fm193,95.4999999999992,2.931270869207763,TRUE
2024,height_cm,year_descriptive,Fm194,85.99999999999919,2.931270869207763,TRUE
2024,height_cm,year_descriptive,Fm195,129.99999999999918,2.931270869207763,TRUE
2024,height_cm,year_descriptive,Fm20,94.49999999999916,2.931270869207763,TRUE
2024,height_cm,year_descriptive,Fm203,102.66666666666583,2.931270869207763,TRUE
2024,height_cm,year_descriptive,Fm208,100.66666666666583,2.931270869207763,TRUE
2024,height_cm,year_descriptive,Fm214,103.83333333333249,2.931270869207763,TRUE
2024,height_cm,year_descriptive,Fm215,125.1666666666658,2.931270869207763,TRUE
2024,height_cm,year_descriptive,Fm216,92.98603772183941,4.061204061293064,TRUE
2024,height_cm,year_descriptive,Fm219,106.83333333333249,2.931270869207763,TRUE
2024,height_cm,year_descriptive,Fm221,102.1666666666658,2.931270869207763,TRUE
2024,height_cm,year_descriptive,Fm225,102.1666666666658,2.931270869207763,TRUE
2024,height_cm,year_descriptive,Fm227,97.99999999999913,2.931270869207763,TRUE
2024,height_cm,year_descriptive,Fm233,100.49999999999915,2.931270869207763,TRUE
2024,height_cm,year_descriptive,Fm235,103.6666666666658,2.931270869207763,TRUE
2024,height_cm,year_descriptive,Fm236,121.49999999999912,2.931270869207763,TRUE
2024,height_cm,year_descriptive,Fm238,110.83333333333246,2.931270869207763,TRUE
2024,height_cm,year_descriptive,Fm249,116.99999999999912,2.931270869207763,TRUE
2024,height_cm,year_descriptive,Fm250,126.16666666666576,2.931270869207763,TRUE
2024,height_cm,year_descriptive,Fm3,109.99999999999912,2.931270869207763,TRUE
2024,height_cm,year_descriptive,Fm321,93.33333333333243,2.9312708692077636,TRUE
2024,height_cm,year_descriptive,Fm322,102.83333333333246,2.931270869207763,TRUE
2024,height_cm,year_descriptive,Fm337,93.99999999999912,2.931270869207763,TRUE
2024,height_cm,year_descriptive,Fm341,102.16666666666578,2.931270869207763,TRUE
2024,height_cm,year_descriptive,Fm343,127.33333333333243,2.931270869207763,TRUE
2024,height_cm,year_descriptive,Fm344,88.16666666666578,2.931270869207763,TRUE
2024,height_cm,year_descriptive,Fm345,106.66666666666578,2.931270869207763,TRUE
2024,height_cm,year_descriptive,Fm346,94.17693272048882,3.2507858090018416,TRUE
2024,height_cm,year_descriptive,Fm347,102.83333333333246,2.931270869207763,TRUE
2024,height_cm,year_descriptive,Fm349,113.83333333333243,2.931270869207763,TRUE
2024,height_cm,year_descriptive,Fm351,106.49999999999912,2.9312708692077627,TRUE
2024,height_cm,year_descriptive,Fm352,106.17693272048882,3.2507858090018416,TRUE
2024,height_cm,year_descriptive,Fm354,110.33333333333243,2.931270869207763,TRUE
2024,height_cm,year_descriptive,Fm355,94.16666666666578,2.9312708692077627,TRUE
2024,height_cm,year_descriptive,Fm356,104.16666666666578,2.9312708692077623,TRUE
2024,height_cm,year_descriptive,Fm358,105.49999999999912,2.9312708692077623,TRUE
2024,height_cm,year_descriptive,Fm359,108.83333333333245,2.9312708692077627,TRUE
2024,height_cm,year_descriptive,Fm36,111.49999999999912,2.931270869207763,TRUE
2024,height_cm,year_descriptive,Fm361,107.32048647934144,3.3015087962758423,TRUE
2024,height_cm,year_descriptive,Fm363,112.16666666666578,2.9312708692077627,TRUE
2024,height_cm,year_descriptive,Fm364,94.33333333333246,2.931270869207763,TRUE
2024,height_cm,year_descriptive,Fm365,104.99999999999913,2.931270869207763,TRUE
2024,height_cm,year_descriptive,Fm366,94.49999999999913,2.931270869207763,TRUE
2024,height_cm,year_descriptive,Fm368,105.83333333333245,2.931270869207763,TRUE
2024,height_cm,year_descriptive,Fm369,78.99999999999913,2.931270869207763,TRUE
2024,height_cm,year_descriptive,Fm370,108.49999999999912,2.931270869207763,TRUE
2024,height_cm,year_descriptive,Fm372,94.99999999999912,2.931270869207763,TRUE
2024,height_cm,year_descriptive,Fm375,110.83333333333246,2.931270869207763,TRUE
2024,height_cm,year_descriptive,Fm376,107.49999999999913,2.931270869207763,TRUE
2024,height_cm,year_descriptive,Fm377,102.99999999999913,2.931270869207763,TRUE
2024,height_cm,year_descriptive,Fm378,110.66666666666579,2.931270869207763,TRUE
2024,height_cm,year_descriptive,Fm379,101.66666666666582,2.9312708692077627,TRUE
2024,height_cm,year_descriptive,Fm380,105.1666666666658,2.9312708692077627,TRUE
2024,height_cm,year_descriptive,Fm381,111.83333333333246,2.9312708692077627,TRUE
2024,height_cm,year_descriptive,Fm382,90.16666666666582,2.9312708692077627,TRUE
2024,height_cm,year_descriptive,Fm384,84.99999999999915,2.931270869207763,TRUE
2024,height_cm,year_descriptive,Fm387,100.1666666666658,2.9312708692077627,TRUE
2024,height_cm,year_descriptive,Fm388,101.1666666666658,2.931270869207763,TRUE
2024,height_cm,year_descriptive,Fm389,81.49999999999915,2.931270869207763,TRUE
2024,height_cm,year_descriptive,Fm391,101.33333333333249,2.9312708692077627,TRUE
2024,height_cm,year_descriptive,Fm392,98.49999999999915,2.931270869207763,TRUE
2024,height_cm,year_descriptive,Fm394,92.83333333333249,2.9312708692077627,TRUE
2024,height_cm,year_descriptive,Fm395,111.99999999999912,2.9312708692077627,TRUE
2024,height_cm,year_descriptive,Fm396,90.49999999999915,2.9312708692077627,TRUE
2024,height_cm,year_descriptive,Fm398,93.91408586649789,3.5882056517469127,TRUE
2024,height_cm,year_descriptive,Fm400,100.99999999999915,2.9312708692077627,TRUE
2024,height_cm,year_descriptive,Fm401,94.66666666666582,2.9312708692077627,TRUE
2024,height_cm,year_descriptive,Fm402,105.66666666666583,2.9312708692077627,TRUE
2024,height_cm,year_descriptive,Fm404,105.96092490075054,3.3015003271929824,TRUE
2024,height_cm,year_descriptive,Fm405,114.33333333333246,2.9312708692077627,TRUE
2024,height_cm,year_descriptive,Fm406,98.16666666666583,2.9312708692077627,TRUE
2024,height_cm,year_descriptive,Fm407,102.1666666666658,2.9312708692077627,TRUE
2024,height_cm,year_descriptive,Fm41,98.49999999999913,2.9312708692077627,TRUE
2024,height_cm,year_descriptive,Fm410,105.49999999999915,2.9312708692077627,TRUE
2024,height_cm,year_descriptive,Fm411,97.33333333333249,2.931270869207763,TRUE
2024,height_cm,year_descriptive,Fm412,84.66666666666582,2.9312708692077627,TRUE
2024,height_cm,year_descriptive,Fm413,95.49999999999915,2.931270869207763,TRUE
2024,height_cm,year_descriptive,Fm414,97.49999999999915,2.931270869207763,TRUE
2024,height_cm,year_descriptive,Fm415,96.49999999999915,2.931270869207763,TRUE
2024,height_cm,year_descriptive,Fm416,107.66666666666582,2.9312708692077627,TRUE
2024,height_cm,year_descriptive,Fm417,105.83333333333249,2.9312708692077627,TRUE
2024,height_cm,year_descriptive,Fm418,91.99999999999918,2.9312708692077627,TRUE
2024,height_cm,year_descriptive,Fm419,96.99999999999916,2.931270869207763,TRUE
2024,height_cm,year_descriptive,Fm420,96.49999999999918,2.931270869207763,TRUE
2024,height_cm,year_descriptive,Fm421,110.49999999999915,2.931270869207763,TRUE
2024,height_cm,year_descriptive,Fm428,87.66666666666583,2.931270869207763,TRUE
2024,height_cm,year_descriptive,Fm429,130.99999999999915,2.9312708692077627,TRUE
2024,height_cm,year_descriptive,Fm43,92.66666666666583,2.9312708692077627,TRUE
2024,height_cm,year_descriptive,Fm44,98.66666666666583,2.931270869207763,TRUE
2024,height_cm,year_descriptive,Fm442,87.83333333333249,2.931270869207763,TRUE
2024,height_cm,year_descriptive,Fm443,96.67693272048888,3.2507858090018407,TRUE
2024,height_cm,year_descriptive,Fm444,98.49999999999916,2.9312708692077627,TRUE
2024,height_cm,year_descriptive,Fm446,112.16666666666583,2.9312708692077627,TRUE
2024,height_cm,year_descriptive,Fm458,117.16666666666583,2.931270869207763,TRUE
2024,height_cm,year_descriptive,Fm464,101.33333333333252,2.9312708692077627,TRUE
2024,height_cm,year_descriptive,Fm474,102.33333333333249,2.931270869207763,TRUE
2024,height_cm,year_descriptive,Fm475,101.79425823408391,3.3015003271929824,TRUE
2024,height_cm,year_descriptive,Fm477,108.49999999999915,2.9312708692077627,TRUE
2024,height_cm,year_descriptive,Fm478,116.83333333333249,2.9312708692077627,TRUE
2024,height_cm,year_descriptive,Fm480,112.99999999999915,2.9312708692077627,TRUE
2024,height_cm,year_descriptive,Fm482,108.83333333333249,2.9312708692077627,TRUE
2024,height_cm,year_descriptive,Fm484,101.49999999999918,2.931270869207763,TRUE
2024,height_cm,year_descriptive,Fm489,124.66666666666582,2.931270869207763,TRUE
2024,height_cm,year_descriptive,Fm491,89.66666666666585,2.931270869207763,TRUE
2024,height_cm,year_descriptive,Fm492,122.40381981267487,3.3015087962758427,TRUE
2024,height_cm,year_descriptive,Fm496,131.16666666666583,2.9312708692077627,TRUE
2024,height_cm,year_descriptive,Fm505,99.16666666666583,2.931270869207763,TRUE
2024,height_cm,year_descriptive,Fm507,54.833333333332554,2.931270869207763,TRUE
2024,height_cm,year_descriptive,Fm510,118.49999999999915,2.931270869207763,TRUE
2024,height_cm,year_descriptive,Fm518,100.49999999999916,2.931270869207763,TRUE
2024,height_cm,year_descriptive,Fm519,101.49999999999916,2.931270869207763,TRUE
2024,height_cm,year_descriptive,Fm522,103.33333333333249,2.931270869207763,TRUE
2024,height_cm,year_descriptive,Fm523,131.99999999999915,2.931270869207763,TRUE
2024,height_cm,year_descriptive,Fm524,103.1666666666658,2.931270869207763,TRUE
2024,height_cm,year_descriptive,Fm537,109.6666666666658,2.931270869207763,TRUE
2024,height_cm,year_descriptive,Fm552,91.49999999999915,2.931270869207763,TRUE
2024,height_cm,year_descriptive,Fm56,110.49999999999915,2.931270869207763,TRUE
2024,height_cm,year_descriptive,Fm560,65.16666666666585,2.931270869207763,TRUE
2024,height_cm,year_descriptive,Fm566,91.33333333333249,2.931270869207763,TRUE
2024,height_cm,year_descriptive,Fm569,86.33333333333249,2.931270869207763,TRUE
2024,height_cm,year_descriptive,Fm585,117.17511318174563,4.449500194544133,TRUE
2024,height_cm,year_descriptive,Fm589,103.33333333333249,2.931270869207763,TRUE
2024,height_cm,year_descriptive,Fm590,74.99999999999916,2.931270869207763,TRUE
2024,height_cm,year_descriptive,Fm592,76.66666666666583,2.931270869207763,TRUE
2024,height_cm,year_descriptive,Fm600,95.66666666666583,2.9312708692077636,TRUE
2024,height_cm,year_descriptive,Fm601,106.83333333333249,2.931270869207763,TRUE
2024,height_cm,year_descriptive,Fm610,94.49999999999915,2.931270869207764,TRUE
2024,height_cm,year_descriptive,Fm611,89.99999999999916,2.9312708692077636,TRUE
2024,height_cm,year_descriptive,Fm612,92.33333333333252,2.9312708692077636,TRUE
2024,height_cm,year_descriptive,Fm614,111.49999999999918,2.931270869207764,TRUE
2024,height_cm,year_descriptive,Fm615,137.16666666666583,2.931270869207764,TRUE
2024,height_cm,year_descriptive,Fm616,89.83333333333249,2.931270869207764,TRUE
2024,height_cm,year_descriptive,Fm620,92.49999999999916,2.931270869207764,TRUE
2024,height_cm,year_descriptive,Fm621,107.66666666666583,2.931270869207764,TRUE
2024,height_cm,year_descriptive,Fm65,120.83333333333249,2.931270869207764,TRUE
2024,height_cm,year_descriptive,Fm78,101.09031447241236,3.250785487903709,TRUE
2024,height_cm,year_descriptive,Fm79,98.83333333333249,2.931270869207764,TRUE
2024,height_cm,year_descriptive,Fm86,103.3333333333325,2.931270869207764,TRUE
2024,height_cm,year_descriptive,Fm9,109.16666666666583,2.9312708692077645,TRUE
2024,plants_m2,year_descriptive,Fm134,7.1584837675165804,6.828546054979066,TRUE
2024,plants_m2,year_descriptive,Fm156,30.09359895838426,5.205793739265255,TRUE
2024,plants_m2,year_descriptive,Fm161,67.82515043417578,6.828546054975735,TRUE
2024,plants_m2,year_descriptive,Fm168,25.580987578689413,6.484008050633088,TRUE
2024,plants_m2,year_descriptive,Fm170,22.09359895838427,5.205793739265255,TRUE
2024,plants_m2,year_descriptive,Fm173,45.158483767509104,6.828546054975736,TRUE
2024,plants_m2,year_descriptive,Fm174,24.09359895838427,5.205793739265255,TRUE
2024,plants_m2,year_descriptive,Fm176,19.15848376750911,6.828546054975736,TRUE
2024,plants_m2,year_descriptive,Fm181,74.49181710084244,6.828546054975736,TRUE
2024,plants_m2,year_descriptive,Fm185,59.48677074063651,7.096799246448476,TRUE
2024,plants_m2,year_descriptive,Fm190,54.491817100842454,6.828546054975736,TRUE
2024,plants_m2,year_descriptive,Fm193,77.01026562505092,5.205793739265254,TRUE
2024,plants_m2,year_descriptive,Fm194,18.420758116245473,5.204375449681524,TRUE
2024,plants_m2,year_descriptive,Fm195,59.15848376750911,6.828546054975736,TRUE
2024,plants_m2,year_descriptive,Fm20,71.3333333333334,4.535528416846498,TRUE
2024,plants_m2,year_descriptive,Fm203,34.09359895838426,5.205793739265255,TRUE
2024,plants_m2,year_descriptive,Fm208,12.666666666666766,4.535528416846499,TRUE
2024,plants_m2,year_descriptive,Fm214,60.42693229171758,5.205793739265254,TRUE
2024,plants_m2,year_descriptive,Fm215,84.82515043417581,6.828546054975735,TRUE
2024,plants_m2,year_descriptive,Fm216,4.333333333333439,4.535528416846499,TRUE
2024,plants_m2,year_descriptive,Fm219,90.66666666666669,4.535528416846499,TRUE
2024,plants_m2,year_descriptive,Fm221,29.333333333333435,4.535528416846499,TRUE
2024,plants_m2,year_descriptive,Fm225,88.42693229171758,5.205793739265255,TRUE
2024,plants_m2,year_descriptive,Fm227,8.33333333333345,4.535528416846499,TRUE
2024,plants_m2,year_descriptive,Fm233,37.000000000000085,4.535528416846499,TRUE
2024,plants_m2,year_descriptive,Fm235,24.4269322917176,5.205793739265255,TRUE
2024,plants_m2,year_descriptive,Fm236,58.26026562505092,5.205793739265254,TRUE
2024,plants_m2,year_descriptive,Fm238,33.49181710084243,6.8285460549757335,TRUE
2024,plants_m2,year_descriptive,Fm249,49.15848376750911,6.828546054975734,TRUE
2024,plants_m2,year_descriptive,Fm250,,,FALSE
2024,plants_m2,year_descriptive,Fm3,61.593598958384234,5.205793739265255,TRUE
2024,plants_m2,year_descriptive,Fm321,25.325150434175775,6.828546054975734,TRUE
2024,plants_m2,year_descriptive,Fm322,25.158483767509097,6.828546054975734,TRUE
2024,plants_m2,year_descriptive,Fm337,9.666666666666767,4.535528416846499,TRUE
2024,plants_m2,year_descriptive,Fm341,62.093598958384234,5.205793739265255,TRUE
2024,plants_m2,year_descriptive,Fm343,56.49181710084244,6.8285460549757335,TRUE
2024,plants_m2,year_descriptive,Fm344,12.666666666666764,4.535528416846499,TRUE
2024,plants_m2,year_descriptive,Fm345,17.491817100842432,6.8285460549757335,TRUE
2024,plants_m2,year_descriptive,Fm346,2.825150434175751,6.828546054975733,TRUE
2024,plants_m2,year_descriptive,Fm347,35.42693229171759,5.205793739265255,TRUE
2024,plants_m2,year_descriptive,Fm349,25.491817100842432,6.8285460549757335,TRUE
2024,plants_m2,year_descriptive,Fm351,39.260265625050934,5.205793739265255,TRUE
2024,plants_m2,year_descriptive,Fm352,6.588552598178323,5.552999799679474,TRUE
2024,plants_m2,year_descriptive,Fm354,32.15848376750909,6.828546054975733,TRUE
2024,plants_m2,year_descriptive,Fm355,32.92693229171759,5.205793739265255,TRUE
2024,plants_m2,year_descriptive,Fm356,35.825150434175754,6.8285460549757335,TRUE
2024,plants_m2,year_descriptive,Fm358,76.09233962874276,5.552999769673924,TRUE
2024,plants_m2,year_descriptive,Fm359,30.426932291717605,5.205793739265255,TRUE
2024,plants_m2,year_descriptive,Fm36,46.42693229171759,5.205793739265255,TRUE
2024,plants_m2,year_descriptive,Fm361,52.82515043417577,6.828546054975733,TRUE
2024,plants_m2,year_descriptive,Fm363,28.9269322917176,5.205793739265255,TRUE
2024,plants_m2,year_descriptive,Fm364,9.666666666666764,4.535528416846498,TRUE
2024,plants_m2,year_descriptive,Fm365,,,FALSE
2024,plants_m2,year_descriptive,Fm366,41.17693229171759,5.205793739265255,TRUE
2024,plants_m2,year_descriptive,Fm368,10.000000000000087,4.535528416846498,TRUE
2024,plants_m2,year_descriptive,Fm369,3.0935989583842525,5.205793739265255,TRUE
2024,plants_m2,year_descriptive,Fm370,37.593598958384256,5.205793739265255,TRUE
2024,plants_m2,year_descriptive,Fm372,28.58742478291215,5.204375449681524,TRUE
2024,plants_m2,year_descriptive,Fm375,80.66666666666673,4.535528416846498,TRUE
2024,plants_m2,year_descriptive,Fm376,40.76026562505092,5.205793739265255,TRUE
2024,plants_m2,year_descriptive,Fm377,90.1584837675091,6.828546054975732,TRUE
2024,plants_m2,year_descriptive,Fm378,,,FALSE
2024,plants_m2,year_descriptive,Fm379,29.08855259817833,5.552999799679475,TRUE
2024,plants_m2,year_descriptive,Fm380,34.000000000000085,4.535528416846498,TRUE
2024,plants_m2,year_descriptive,Fm381,,,FALSE
2024,plants_m2,year_descriptive,Fm382,14.760265625050938,5.205793739265255,TRUE
2024,plants_m2,year_descriptive,Fm384,26.426932291717605,5.205793739265255,TRUE
2024,plants_m2,year_descriptive,Fm387,41.825150434175775,6.828546054975732,TRUE
2024,plants_m2,year_descriptive,Fm388,8.92693229171759,5.205793739265257,TRUE
2024,plants_m2,year_descriptive,Fm389,34.09359895838427,5.205793739265257,TRUE
2024,plants_m2,year_descriptive,Fm391,7.093598958384258,5.205793739265257,TRUE
2024,plants_m2,year_descriptive,Fm392,33.00000000000008,4.535528416846498,TRUE
2024,plants_m2,year_descriptive,Fm394,14.158483767509102,6.828546054975733,TRUE
2024,plants_m2,year_descriptive,Fm395,,,FALSE
2024,plants_m2,year_descriptive,Fm396,9.926932291717595,5.205793739265255,TRUE
2024,plants_m2,year_descriptive,Fm398,3.4918171008424244,6.828546054975732,TRUE
2024,plants_m2,year_descriptive,Fm400,23.59359895838427,5.205793739265257,TRUE
2024,plants_m2,year_descriptive,Fm401,52.08855259817831,5.552999799679476,TRUE
2024,plants_m2,year_descriptive,Fm402,65.82515043417575,6.828546054975731,TRUE
2024,plants_m2,year_descriptive,Fm404,,,FALSE
2024,plants_m2,year_descriptive,Fm405,62.82515043417578,6.828546054975732,TRUE
2024,plants_m2,year_descriptive,Fm406,20.15848376750911,6.828546054975731,TRUE
2024,plants_m2,year_descriptive,Fm407,25.66666666666675,4.535528416846499,TRUE
2024,plants_m2,year_descriptive,Fm41,62.49181710084243,6.828546054975732,TRUE
2024,plants_m2,year_descriptive,Fm410,37.09359895838425,5.205793739265255,TRUE
2024,plants_m2,year_descriptive,Fm411,35.9269322917176,5.205793739265255,TRUE
2024,plants_m2,year_descriptive,Fm412,30.000000000000078,4.535528416846499,TRUE
2024,plants_m2,year_descriptive,Fm413,36.42693229171758,5.205793739265255,TRUE
2024,plants_m2,year_descriptive,Fm414,28.000000000000078,4.535528416846499,TRUE
2024,plants_m2,year_descriptive,Fm415,22.1584837675091,6.828546054975733,TRUE
2024,plants_m2,year_descriptive,Fm416,28.926932291717588,5.205793739265255,TRUE
2024,plants_m2,year_descriptive,Fm417,46.00000000000007,4.535528416846499,TRUE
2024,plants_m2,year_descriptive,Fm418,51.00000000000007,4.535528416846499,TRUE
2024,plants_m2,year_descriptive,Fm419,42.82515043417577,6.828546054975732,TRUE
2024,plants_m2,year_descriptive,Fm420,16.82515043417577,6.828546054975732,TRUE
2024,plants_m2,year_descriptive,Fm421,,,FALSE
2024,plants_m2,year_descriptive,Fm428,18.158483767509104,6.828546054975732,TRUE
2024,plants_m2,year_descriptive,Fm429,22.49181710084244,6.828546054975732,TRUE
2024,plants_m2,year_descriptive,Fm43,55.09359895838425,5.205793739265255,TRUE
2024,plants_m2,year_descriptive,Fm44,80.15848376750913,6.828546054975732,TRUE
2024,plants_m2,year_descriptive,Fm442,29.09359895838426,5.205793739265255,TRUE
2024,plants_m2,year_descriptive,Fm443,,,FALSE
2024,plants_m2,year_descriptive,Fm444,52.92693229171758,5.205793739265255,TRUE
2024,plants_m2,year_descriptive,Fm446,32.76026562505091,5.205793739265255,TRUE
2024,plants_m2,year_descriptive,Fm458,57.92693229171756,5.205793739265255,TRUE
2024,plants_m2,year_descriptive,Fm464,52.4269322917176,5.205793739265255,TRUE
2024,plants_m2,year_descriptive,Fm474,51.42075811624548,5.204375449681523,TRUE
2024,plants_m2,year_descriptive,Fm475,36.825150434175775,6.82854605497573,TRUE
2024,plants_m2,year_descriptive,Fm477,12.260265625050927,5.205793739265255,TRUE
2024,plants_m2,year_descriptive,Fm478,30.49181710084244,6.82854605497573,TRUE
2024,plants_m2,year_descriptive,Fm480,,,FALSE
2024,plants_m2,year_descriptive,Fm482,50.3333333333334,4.535528416846499,TRUE
2024,plants_m2,year_descriptive,Fm484,32.15848376750911,6.82854605497573,TRUE
2024,plants_m2,year_descriptive,Fm489,21.666666666666742,4.535528416846499,TRUE
2024,plants_m2,year_descriptive,Fm491,14.426932291717602,5.205793739265257,TRUE
2024,plants_m2,year_descriptive,Fm492,44.76026562505091,5.205793739265257,TRUE
2024,plants_m2,year_descriptive,Fm496,21.491817100842432,6.82854605497573,TRUE
2024,plants_m2,year_descriptive,Fm505,50.760265625050906,5.205793739265257,TRUE
2024,plants_m2,year_descriptive,Fm507,19.76026562505093,5.205793739265257,TRUE
2024,plants_m2,year_descriptive,Fm510,28.1584837675091,6.82854605497573,TRUE
2024,plants_m2,year_descriptive,Fm518,63.00000000000006,4.535528416846499,TRUE
2024,plants_m2,year_descriptive,Fm519,22.158483767509097,6.828546054975731,TRUE
2024,plants_m2,year_descriptive,Fm522,23.491817100842432,6.828546054975731,TRUE
2024,plants_m2,year_descriptive,Fm523,34.158483767509104,6.828546054975731,TRUE
2024,plants_m2,year_descriptive,Fm524,75.42693229171758,5.205793739265258,TRUE
2024,plants_m2,year_descriptive,Fm537,95.26026562505089,5.205793739265257,TRUE
2024,plants_m2,year_descriptive,Fm552,22.760265625050927,5.205793739265257,TRUE
2024,plants_m2,year_descriptive,Fm56,77.1584837675091,6.828546054975729,TRUE
2024,plants_m2,year_descriptive,Fm560,22.260265625050927,5.205793739265257,TRUE
2024,plants_m2,year_descriptive,Fm566,89.66666666666673,4.5355284168465,TRUE
2024,plants_m2,year_descriptive,Fm569,74.49181710084244,6.828546054975729,TRUE
2024,plants_m2,year_descriptive,Fm585,8.333333333333414,4.5355284168465,TRUE
2024,plants_m2,year_descriptive,Fm589,32.09359895838426,5.205793739265258,TRUE
2024,plants_m2,year_descriptive,Fm590,80.82515043417577,6.828546054975729,TRUE
2024,plants_m2,year_descriptive,Fm592,51.825150434175775,6.828546054975728,TRUE
2024,plants_m2,year_descriptive,Fm600,42.15848376750911,6.828546054975729,TRUE
2024,plants_m2,year_descriptive,Fm601,41.00000000000007,4.535528416846501,TRUE
2024,plants_m2,year_descriptive,Fm610,92.49181710084244,6.828546054975729,TRUE
2024,plants_m2,year_descriptive,Fm611,105.82515043417578,6.828546054975729,TRUE
2024,plants_m2,year_descriptive,Fm612,49.09359895838425,5.205793739265258,TRUE
2024,plants_m2,year_descriptive,Fm614,45.15848376750911,6.828546054975729,TRUE
2024,plants_m2,year_descriptive,Fm615,,,FALSE
2024,plants_m2,year_descriptive,Fm616,40.26026562505092,5.205793739265258,TRUE
2024,plants_m2,year_descriptive,Fm620,54.66666666666674,4.5355284168465,TRUE
2024,plants_m2,year_descriptive,Fm621,,,FALSE
2024,plants_m2,year_descriptive,Fm65,57.09359895838424,5.205793739265258,TRUE
2024,plants_m2,year_descriptive,Fm78,4.926932291717591,5.205793739265257,TRUE
2024,plants_m2,year_descriptive,Fm79,19.093598958384266,5.205793739265257,TRUE
2024,plants_m2,year_descriptive,Fm86,67.82515043417577,6.828546054975729,TRUE
2024,plants_m2,year_descriptive,Fm9,65.1584837675091,6.828546054975729,TRUE
2024,number_of_tillers,year_descriptive,Fm134,24.50000000003309,0.5714308800575326,TRUE
2024,number_of_tillers,year_descriptive,Fm156,1.500000000000168,0.5714308800571333,TRUE
2024,number_of_tillers,year_descriptive,Fm161,2.5000000000000933,0.5714308800571334,TRUE
2024,number_of_tillers,year_descriptive,Fm168,0.9739249501228483,0.6367877722758022,TRUE
2024,number_of_tillers,year_descriptive,Fm170,2.3333333333333934,0.5714308800571333,TRUE
2024,number_of_tillers,year_descriptive,Fm173,9.166666666666725,0.5714308800571333,TRUE
2024,number_of_tillers,year_descriptive,Fm174,6.666666666666723,0.5714308800571333,TRUE
2024,number_of_tillers,year_descriptive,Fm176,4.000000000000053,0.5714308800571333,TRUE
2024,number_of_tillers,year_descriptive,Fm181,3.6666666666667176,0.5714308800571333,TRUE
2024,number_of_tillers,year_descriptive,Fm185,0.8333333333333806,0.5714308800571333,TRUE
2024,number_of_tillers,year_descriptive,Fm190,1.1666666666667114,0.5714308800571333,TRUE
2024,number_of_tillers,year_descriptive,Fm193,1.1666666666667083,0.5714308800571333,TRUE
2024,number_of_tillers,year_descriptive,Fm194,1.666666666666706,0.5714308800571332,TRUE
2024,number_of_tillers,year_descriptive,Fm195,3.6827313804998775e-14,0.5714308800571333,TRUE
2024,number_of_tillers,year_descriptive,Fm20,0.6666666666667019,0.5714308800571332,TRUE
2024,number_of_tillers,year_descriptive,Fm203,5.000000000000034,0.5714308800571333,TRUE
2024,number_of_tillers,year_descriptive,Fm208,0.5000000000000326,0.5714308800571333,TRUE
2024,number_of_tillers,year_descriptive,Fm214,3.000000000000033,0.5714308800571333,TRUE
2024,number_of_tillers,year_descriptive,Fm215,1.5000000000000315,0.5714308800571333,TRUE
2024,number_of_tillers,year_descriptive,Fm216,0.7818684256019085,0.8603679222049738,TRUE
2024,number_of_tillers,year_descriptive,Fm219,4.00000000000003,0.5714308800571333,TRUE
2024,number_of_tillers,year_descriptive,Fm221,1.3333333333333637,0.5714308800571333,TRUE
2024,number_of_tillers,year_descriptive,Fm225,3.6666666666666954,0.5714308800571332,TRUE
2024,number_of_tillers,year_descriptive,Fm227,2.333333333333363,0.5714308800571332,TRUE
2024,number_of_tillers,year_descriptive,Fm233,0.16666666666669436,0.5714308800571332,TRUE
2024,number_of_tillers,year_descriptive,Fm235,1.3333333333333603,0.5714308800571333,TRUE
2024,number_of_tillers,year_descriptive,Fm236,0.6666666666666936,0.5714308800571333,TRUE
2024,number_of_tillers,year_descriptive,Fm238,3.6666666666666936,0.5714308800571332,TRUE
2024,number_of_tillers,year_descriptive,Fm249,0.16666666666669328,0.5714308800571332,TRUE
2024,number_of_tillers,year_descriptive,Fm250,0.33333333333335846,0.5714308800571332,TRUE
2024,number_of_tillers,year_descriptive,Fm3,2.5000000000000258,0.5714308800571332,TRUE
2024,number_of_tillers,year_descriptive,Fm321,3.5000000000000258,0.5714308800571332,TRUE
2024,number_of_tillers,year_descriptive,Fm322,0.33333333333335824,0.5714308800571332,TRUE
2024,number_of_tillers,year_descriptive,Fm337,0.33333333333335674,0.5714308800571332,TRUE
2024,number_of_tillers,year_descriptive,Fm341,3.000000000000024,0.5714308800571332,TRUE
2024,number_of_tillers,year_descriptive,Fm343,1.3333333333333581,0.5714308800571332,TRUE
2024,number_of_tillers,year_descriptive,Fm344,1.000000000000024,0.5714308800571332,TRUE
2024,number_of_tillers,year_descriptive,Fm345,2.333333333333357,0.5714308800571332,TRUE
2024,number_of_tillers,year_descriptive,Fm346,0.4897538608042239,0.6994142571213691,TRUE
2024,number_of_tillers,year_descriptive,Fm347,1.000000000000023,0.5714308800571332,TRUE
2024,number_of_tillers,year_descriptive,Fm349,1.6666666666666898,0.5714308800571332,TRUE
2024,number_of_tillers,year_descriptive,Fm351,1.8333333333333564,0.5714308800571332,TRUE
2024,number_of_tillers,year_descriptive,Fm352,2.163640116010081,0.6404819704590261,TRUE
2024,number_of_tillers,year_descriptive,Fm354,0.6666666666666888,0.5714308800571332,TRUE
2024,number_of_tillers,year_descriptive,Fm355,1.0000000000000229,0.5714308800571332,TRUE
2024,number_of_tillers,year_descriptive,Fm356,0.3333333333333551,0.5714308800571332,TRUE
2024,number_of_tillers,year_descriptive,Fm358,1.6666666666666894,0.5714308800571332,TRUE
2024,number_of_tillers,year_descriptive,Fm359,1.1666666666666887,0.5714308800571332,TRUE
2024,number_of_tillers,year_descriptive,Fm36,3.8333333333333544,0.5714308800571332,TRUE
2024,number_of_tillers,year_descriptive,Fm361,1.1405916167895023,0.6367877722758022,TRUE
2024,number_of_tillers,year_descriptive,Fm363,1.1666666666666887,0.5714308800571332,TRUE
2024,number_of_tillers,year_descriptive,Fm364,0.5000000000000202,0.5714308800571332,TRUE
2024,number_of_tillers,year_descriptive,Fm365,0.8333333333333548,0.5714308800571332,TRUE
2024,number_of_tillers,year_descriptive,Fm366,0.3333333333333537,0.5714308800571332,TRUE
2024,number_of_tillers,year_descriptive,Fm368,1.5000000000000213,0.5714308800571332,TRUE
2024,number_of_tillers,year_descriptive,Fm369,1.166666666666687,0.5714308800571332,TRUE
2024,number_of_tillers,year_descriptive,Fm370,2.1666666666666874,0.5714308800571332,TRUE
2024,number_of_tillers,year_descriptive,Fm372,4.166666666666687,0.5714308800571332,TRUE
2024,number_of_tillers,year_descriptive,Fm375,2.8333333333333544,0.5714308800571332,TRUE
2024,number_of_tillers,year_descriptive,Fm376,1.8333333333333546,0.5714308800571332,TRUE
2024,number_of_tillers,year_descriptive,Fm377,1.6666666666666878,0.5714308800571332,TRUE
2024,number_of_tillers,year_descriptive,Fm378,2.6666666666666874,0.5714308800571332,TRUE
2024,number_of_tillers,year_descriptive,Fm379,4.166666666666687,0.5714308800571332,TRUE
2024,number_of_tillers,year_descriptive,Fm380,1.8333333333333548,0.5714308800571332,TRUE
2024,number_of_tillers,year_descriptive,Fm381,1.3333333333333552,0.5714308800571332,TRUE
2024,number_of_tillers,year_descriptive,Fm382,6.333333333333355,0.5714308800571332,TRUE
2024,number_of_tillers,year_descriptive,Fm384,1.6666666666666885,0.5714308800571332,TRUE
2024,number_of_tillers,year_descriptive,Fm387,1.5000000000000222,0.5714308800571332,TRUE
2024,number_of_tillers,year_descriptive,Fm388,4.666666666666689,0.5714308800571332,TRUE
2024,number_of_tillers,year_descriptive,Fm389,1.333333333333355,0.5714308800571332,TRUE
2024,number_of_tillers,year_descriptive,Fm391,2.166666666666688,0.5714308800571332,TRUE
2024,number_of_tillers,year_descriptive,Fm392,4.333333333333354,0.5714308800571332,TRUE
2024,number_of_tillers,year_descriptive,Fm394,4.166666666666688,0.5714308800571332,TRUE
2024,number_of_tillers,year_descriptive,Fm395,2.1666666666666883,0.5714308800571332,TRUE
2024,number_of_tillers,year_descriptive,Fm396,5.166666666666689,0.5714308800571332,TRUE
2024,number_of_tillers,year_descriptive,Fm398,2.473924950122838,0.6367877722758021,TRUE
2024,number_of_tillers,year_descriptive,Fm400,1.8333333333333552,0.5714308800571332,TRUE
2024,number_of_tillers,year_descriptive,Fm401,0.8333333333333548,0.5714308800571333,TRUE
2024,number_of_tillers,year_descriptive,Fm402,2.3333333333333552,0.5714308800571332,TRUE
2024,number_of_tillers,year_descriptive,Fm404,1.4499613050831848,0.6367868820038647,TRUE
2024,number_of_tillers,year_descriptive,Fm405,2.3333333333333552,0.5714308800571332,TRUE
2024,number_of_tillers,year_descriptive,Fm406,0.6666666666666886,0.5714308800571332,TRUE
2024,number_of_tillers,year_descriptive,Fm407,0.5000000000000216,0.5714308800571332,TRUE
2024,number_of_tillers,year_descriptive,Fm41,4.833333333333355,0.5714308800571332,TRUE
2024,number_of_tillers,year_descriptive,Fm410,1.3333333333333555,0.5714308800571332,TRUE
2024,number_of_tillers,year_descriptive,Fm411,1.6666666666666887,0.5714308800571333,TRUE
2024,number_of_tillers,year_descriptive,Fm412,4.666666666666689,0.5714308800571333,TRUE
2024,number_of_tillers,year_descriptive,Fm413,4.500000000000021,0.5714308800571332,TRUE
2024,number_of_tillers,year_descriptive,Fm414,0.5000000000000213,0.5714308800571333,TRUE
2024,number_of_tillers,year_descriptive,Fm415,4.333333333333356,0.5714308800571333,TRUE
2024,number_of_tillers,year_descriptive,Fm416,1.6666666666666883,0.5714308800571333,TRUE
2024,number_of_tillers,year_descriptive,Fm417,3.0000000000000226,0.5714308800571333,TRUE
2024,number_of_tillers,year_descriptive,Fm418,0.8333333333333546,0.5714308800571333,TRUE
2024,number_of_tillers,year_descriptive,Fm419,2.500000000000022,0.5714308800571333,TRUE
2024,number_of_tillers,year_descriptive,Fm420,0.16666666666668775,0.5714308800571333,TRUE
2024,number_of_tillers,year_descriptive,Fm421,1.8333333333333552,0.5714308800571333,TRUE
2024,number_of_tillers,year_descriptive,Fm428,5.500000000000024,0.5714308800571334,TRUE
2024,number_of_tillers,year_descriptive,Fm429,0.3333333333333546,0.5714308800571333,TRUE
2024,number_of_tillers,year_descriptive,Fm43,4.000000000000023,0.5714308800571333,TRUE
2024,number_of_tillers,year_descriptive,Fm44,3.8333333333333566,0.5714308800571333,TRUE
2024,number_of_tillers,year_descriptive,Fm442,1.1666666666666885,0.5714308800571333,TRUE
2024,number_of_tillers,year_descriptive,Fm443,3.4969734493434164,0.6404819704590262,TRUE
2024,number_of_tillers,year_descriptive,Fm444,0.33333333333335535,0.5714308800571333,TRUE
2024,number_of_tillers,year_descriptive,Fm446,1.1666666666666883,0.5714308800571333,TRUE
2024,number_of_tillers,year_descriptive,Fm458,0.33333333333335435,0.5714308800571333,TRUE
2024,number_of_tillers,year_descriptive,Fm464,4.500000000000023,0.5714308800571333,TRUE
2024,number_of_tillers,year_descriptive,Fm474,2.666666666666689,0.5714308800571333,TRUE
2024,number_of_tillers,year_descriptive,Fm475,1.1666666666666878,0.5714308800571333,TRUE
2024,number_of_tillers,year_descriptive,Fm477,2.000000000000022,0.5714308800571333,TRUE
2024,number_of_tillers,year_descriptive,Fm478,2.3333333333333557,0.5714308800571333,TRUE
2024,number_of_tillers,year_descriptive,Fm480,0.8333333333333548,0.5714308800571333,TRUE
2024,number_of_tillers,year_descriptive,Fm482,1.3333333333333555,0.5714308800571333,TRUE
2024,number_of_tillers,year_descriptive,Fm484,1.1666666666666887,0.5714308800571334,TRUE
2024,number_of_tillers,year_descriptive,Fm489,1.0000000000000213,0.5714308800571333,TRUE
2024,number_of_tillers,year_descriptive,Fm491,1.3333333333333541,0.5714308800571333,TRUE
2024,number_of_tillers,year_descriptive,Fm492,1.666666666666688,0.5714308800571334,TRUE
2024,number_of_tillers,year_descriptive,Fm496,1.0000000000000213,0.5714308800571334,TRUE
2024,number_of_tillers,year_descriptive,Fm505,0.8333333333333544,0.5714308800571333,TRUE
2024,number_of_tillers,year_descriptive,Fm507,14.833333333333357,0.5714308800571333,TRUE
2024,number_of_tillers,year_descriptive,Fm510,2.0591387571098923e-14,0.5714308800571333,TRUE
2024,number_of_tillers,year_descriptive,Fm518,4.333333333333356,0.5714308800571333,TRUE
2024,number_of_tillers,year_descriptive,Fm519,3.833333333333356,0.5714308800571333,TRUE
2024,number_of_tillers,year_descriptive,Fm522,5.16666666666669,0.5714308800571333,TRUE
2024,number_of_tillers,year_descriptive,Fm523,0.5000000000000209,0.5714308800571333,TRUE
2024,number_of_tillers,year_descriptive,Fm524,5.000000000000023,0.5714308800571333,TRUE
2024,number_of_tillers,year_descriptive,Fm537,2.666666666666689,0.5714308800571333,TRUE
2024,number_of_tillers,year_descriptive,Fm552,4.333333333333357,0.5714308800571334,TRUE
2024,number_of_tillers,year_descriptive,Fm56,6.333333333333359,0.5714308800571333,TRUE
2024,number_of_tillers,year_descriptive,Fm560,22.833333333333357,0.5714308800571332,TRUE
2024,number_of_tillers,year_descriptive,Fm566,12.500000000000025,0.5714308800571334,TRUE
2024,number_of_tillers,year_descriptive,Fm569,21.333333333333364,0.5714308800571333,TRUE
2024,number_of_tillers,year_descriptive,Fm585,7.0544635440037995,0.8521025599938548,TRUE
2024,number_of_tillers,year_descriptive,Fm589,4.666666666666693,0.5714308800571332,TRUE
2024,number_of_tillers,year_descriptive,Fm590,21.833333333333357,0.5714308800571332,TRUE
2024,number_of_tillers,year_descriptive,Fm592,27.50000000000003,0.5714308800571332,TRUE
2024,number_of_tillers,year_descriptive,Fm600,4.3333333333333615,0.5714308800571333,TRUE
2024,number_of_tillers,year_descriptive,Fm601,8.833333333333362,0.5714308800571332,TRUE
2024,number_of_tillers,year_descriptive,Fm610,10.166666666666693,0.5714308800571332,TRUE
2024,number_of_tillers,year_descriptive,Fm611,11.666666666666693,0.5714308800571332,TRUE
2024,number_of_tillers,year_descriptive,Fm612,20.1666666666667,0.5714308800571332,TRUE
2024,number_of_tillers,year_descriptive,Fm614,0.8333333333333621,0.5714308800571332,TRUE
2024,number_of_tillers,year_descriptive,Fm615,0.6666666666666954,0.5714308800571332,TRUE
2024,number_of_tillers,year_descriptive,Fm616,9.666666666666696,0.5714308800571332,TRUE
2024,number_of_tillers,year_descriptive,Fm620,6.833333333333364,0.5714308800571332,TRUE
2024,number_of_tillers,year_descriptive,Fm621,4.666666666666697,0.5714308800571332,TRUE
2024,number_of_tillers,year_descriptive,Fm65,3.333333333333363,0.5714308800571332,TRUE
2024,number_of_tillers,year_descriptive,Fm78,4.750713106407343,0.6404819340150392,TRUE
2024,number_of_tillers,year_descriptive,Fm79,9.833333333333364,0.5714308800571332,TRUE
2024,number_of_tillers,year_descriptive,Fm86,6.833333333333364,0.5714308800571332,TRUE
2024,number_of_tillers,year_descriptive,Fm9,1.0000000000000306,0.5714308800571332,TRUE
2024,days_to_harvest,year_descriptive,Fm134,173.99999999999062,2.9003721606942934,TRUE
2024,days_to_harvest,year_descriptive,Fm170,178.66666666666575,2.9003721606944612,TRUE
2024,days_to_harvest,year_descriptive,Fm173,186.3990794597625,3.25060066757521,TRUE
2024,days_to_harvest,year_descriptive,Fm174,180.71717875978558,3.2506032005202425,TRUE
2024,days_to_harvest,year_descriptive,Fm176,186.99999999999892,2.900372160694461,TRUE
2024,days_to_harvest,year_descriptive,Fm181,127.16666666666558,2.900372160694461,TRUE
2024,days_to_harvest,year_descriptive,Fm185,183.33333333333238,2.9003721606944612,TRUE
2024,days_to_harvest,year_descriptive,Fm190,148.99999999999903,2.900372160694461,TRUE
2024,days_to_harvest,year_descriptive,Fm193,147.3333333333324,2.900372160694461,TRUE
2024,days_to_harvest,year_descriptive,Fm194,155.9999999999991,2.900372160694461,TRUE
2024,days_to_harvest,year_descriptive,Fm195,157.1666666666658,2.900372160694461,TRUE
2024,days_to_harvest,year_descriptive,Fm203,131.66666666666583,2.900372160694461,TRUE
2024,days_to_harvest,year_descriptive,Fm208,182.33333333333252,2.9003721606944612,TRUE
2024,days_to_harvest,year_descriptive,Fm214,135.9999999999992,2.900372160694461,TRUE
2024,days_to_harvest,year_descriptive,Fm215,122.9999999999992,2.900372160694461,TRUE
2024,days_to_harvest,year_descriptive,Fm216,161.23230914709256,4.126646175447493,TRUE
2024,days_to_harvest,year_descriptive,Fm219,121.64223549740191,3.2212017737236684,TRUE
2024,days_to_harvest,year_descriptive,Fm221,153.8333333333326,2.900372160694461,TRUE
2024,days_to_harvest,year_descriptive,Fm225,129.4999999999993,2.900372160694461,TRUE
2024,days_to_harvest,year_descriptive,Fm227,173.49999999999935,2.900372160694461,TRUE
2024,days_to_harvest,year_descriptive,Fm233,184.99999999999932,2.900372160694461,TRUE
2024,days_to_harvest,year_descriptive,Fm235,181.4999999999993,2.900372160694461,TRUE
2024,days_to_harvest,year_descriptive,Fm236,146.49999999999926,2.900372160694461,TRUE
2024,days_to_harvest,year_descriptive,Fm238,184.3838454264526,3.250603200520242,TRUE
2024,days_to_harvest,year_descriptive,Fm249,184.8990794597628,3.2506006675752093,TRUE
2024,days_to_harvest,year_descriptive,Fm250,184.99999999999926,2.900372160694461,TRUE
2024,days_to_harvest,year_descriptive,Fm3,180.83333333333258,2.900372160694461,TRUE
2024,days_to_harvest,year_descriptive,Fm321,138.33333333333255,2.900372160694461,TRUE
2024,days_to_harvest,year_descriptive,Fm322,181.49999999999923,2.900372160694461,TRUE
2024,days_to_harvest,year_descriptive,Fm337,160.1666666666659,2.900372160694461,TRUE
2024,days_to_harvest,year_descriptive,Fm341,160.9999999999992,2.900372160694461,TRUE
2024,days_to_harvest,year_descriptive,Fm343,184.49999999999923,2.9003721606944604,TRUE
2024,days_to_harvest,year_descriptive,Fm344,182.83333333333258,2.900372160694461,TRUE
2024,days_to_harvest,year_descriptive,Fm345,173.98241279309605,3.25060066757521,TRUE
2024,days_to_harvest,year_descriptive,Fm346,182.64898525737686,4.358069187721195,TRUE
2024,days_to_harvest,year_descriptive,Fm347,154.33333333333252,2.9003721606944604,TRUE
2024,days_to_harvest,year_descriptive,Fm349,169.4999999999992,2.900372160694461,TRUE
2024,days_to_harvest,year_descriptive,Fm351,180.16666666666583,2.900372160694461,TRUE
2024,days_to_harvest,year_descriptive,Fm352,161.71707511378236,3.25059982325976,TRUE
2024,days_to_harvest,year_descriptive,Fm354,171.6666666666659,2.900372160694461,TRUE
2024,days_to_harvest,year_descriptive,Fm355,162.9999999999992,2.900372160694461,TRUE
2024,days_to_harvest,year_descriptive,Fm356,182.30890216406866,3.2212017737236684,TRUE
2024,days_to_harvest,year_descriptive,Fm358,182.66666666666586,2.900372160694461,TRUE
2024,days_to_harvest,year_descriptive,Fm359,172.16666666666586,2.9003721606944604,TRUE
2024,days_to_harvest,year_descriptive,Fm36,177.6666666666659,2.9003721606944604,TRUE
2024,days_to_harvest,year_descriptive,Fm361,154.49999999999918,2.900372160694461,TRUE
2024,days_to_harvest,year_descriptive,Fm363,165.16666666666583,2.9003721606944604,TRUE
2024,days_to_harvest,year_descriptive,Fm364,178.64907945976267,3.25060066757521,TRUE
2024,days_to_harvest,year_descriptive,Fm365,163.83333333333252,2.900372160694461,TRUE
2024,days_to_harvest,year_descriptive,Fm366,158.99999999999918,2.900372160694461,TRUE
2024,days_to_harvest,year_descriptive,Fm368,172.46717875978595,3.250603200520241,TRUE
2024,days_to_harvest,year_descriptive,Fm369,169.99999999999918,2.900372160694461,TRUE
2024,days_to_harvest,year_descriptive,Fm370,177.6666666666659,2.900372160694461,TRUE
2024,days_to_harvest,year_descriptive,Fm372,164.1666666666659,2.900372160694461,TRUE
2024,days_to_harvest,year_descriptive,Fm375,160.33333333333252,2.900372160694461,TRUE
2024,days_to_harvest,year_descriptive,Fm376,157.83333333333252,2.900372160694461,TRUE
2024,days_to_harvest,year_descriptive,Fm377,165.1666666666659,2.900372160694461,TRUE
2024,days_to_harvest,year_descriptive,Fm378,163.1666666666659,2.9003721606944612,TRUE
2024,days_to_harvest,year_descriptive,Fm379,157.88384542645258,3.250603200520242,TRUE
2024,days_to_harvest,year_descriptive,Fm380,167.16666666666586,2.9003721606944617,TRUE
2024,days_to_harvest,year_descriptive,Fm381,158.33333333333252,2.9003721606944612,TRUE
2024,days_to_harvest,year_descriptive,Fm382,157.9999999999992,2.9003721606944612,TRUE
2024,days_to_harvest,year_descriptive,Fm384,184.9999999999992,2.900372160694461,TRUE
2024,days_to_harvest,year_descriptive,Fm387,186.53047751023718,3.2211462132180713,TRUE
2024,days_to_harvest,year_descriptive,Fm388,166.99999999999918,2.900372160694461,TRUE
2024,days_to_harvest,year_descriptive,Fm389,182.49999999999918,2.900372160694461,TRUE
2024,days_to_harvest,year_descriptive,Fm391,161.99999999999918,2.900372160694461,TRUE
2024,days_to_harvest,year_descriptive,Fm392,140.66666666666583,2.900372160694461,TRUE
2024,days_to_harvest,year_descriptive,Fm394,160.12464829049875,3.539828653557889,TRUE
2024,days_to_harvest,year_descriptive,Fm395,165.4999999999992,2.900372160694461,TRUE
2024,days_to_harvest,year_descriptive,Fm396,167.83333333333252,2.900372160694461,TRUE
2024,days_to_harvest,year_descriptive,Fm398,160.19264394451844,3.5398278782287482,TRUE
2024,days_to_harvest,year_descriptive,Fm400,166.83333333333252,2.900372160694461,TRUE
2024,days_to_harvest,year_descriptive,Fm401,157.33333333333252,2.900372160694461,TRUE
2024,days_to_harvest,year_descriptive,Fm402,150.33333333333252,2.900372160694461,TRUE
2024,days_to_harvest,year_descriptive,Fm404,162.8272869923587,3.2211369530406317,TRUE
2024,days_to_harvest,year_descriptive,Fm405,169.16666666666583,2.900372160694461,TRUE
2024,days_to_harvest,year_descriptive,Fm406,157.33333333333252,2.9003721606944612,TRUE
2024,days_to_harvest,year_descriptive,Fm407,156.16666666666583,2.9003721606944612,TRUE
2024,days_to_harvest,year_descriptive,Fm41,183.83333333333252,2.900372160694461,TRUE
2024,days_to_harvest,year_descriptive,Fm410,170.9755688307353,3.221201773723669,TRUE
2024,days_to_harvest,year_descriptive,Fm411,157.83333333333252,2.900372160694461,TRUE
2024,days_to_harvest,year_descriptive,Fm412,152.16666666666586,2.900372160694461,TRUE
2024,days_to_harvest,year_descriptive,Fm413,163.83333333333252,2.900372160694461,TRUE
2024,days_to_harvest,year_descriptive,Fm414,150.4999999999992,2.900372160694461,TRUE
2024,days_to_harvest,year_descriptive,Fm415,148.99999999999918,2.900372160694461,TRUE
2024,days_to_harvest,year_descriptive,Fm416,173.83333333333252,2.900372160694461,TRUE
2024,days_to_harvest,year_descriptive,Fm417,183.66666666666586,2.900372160694461,TRUE
2024,days_to_harvest,year_descriptive,Fm418,181.33333333333252,2.9003721606944612,TRUE
2024,days_to_harvest,year_descriptive,Fm419,143.9999999999992,2.900372160694461,TRUE
2024,days_to_harvest,year_descriptive,Fm420,157.05051209311927,3.2506032005202425,TRUE
2024,days_to_harvest,year_descriptive,Fm421,176.9999999999992,2.9003721606944612,TRUE
2024,days_to_harvest,year_descriptive,Fm428,147.30051209311927,3.250603200520242,TRUE
2024,days_to_harvest,year_descriptive,Fm429,146.4999999999992,2.9003721606944612,TRUE
2024,days_to_harvest,year_descriptive,Fm43,182.33333333333252,2.9003721606944612,TRUE
2024,days_to_harvest,year_descriptive,Fm44,174.9999999999992,2.9003721606944612,TRUE
2024,days_to_harvest,year_descriptive,Fm442,168.16666666666583,2.9003721606944612,TRUE
2024,days_to_harvest,year_descriptive,Fm443,164.05040844711567,3.2505998232597606,TRUE
2024,days_to_harvest,year_descriptive,Fm444,171.9999999999992,2.9003721606944612,TRUE
2024,days_to_harvest,year_descriptive,Fm446,164.83333333333252,2.9003721606944612,TRUE
2024,days_to_harvest,year_descriptive,Fm458,180.6666666666659,2.900372160694461,TRUE
2024,days_to_harvest,year_descriptive,Fm464,181.4999999999992,2.900372160694461,TRUE
2024,days_to_harvest,year_descriptive,Fm474,158.33333333333252,2.900372160694461,TRUE
2024,days_to_harvest,year_descriptive,Fm475,155.4939536590254,3.2211369530406317,TRUE
2024,days_to_harvest,year_descriptive,Fm477,184.66666666666583,2.900372160694461,TRUE
2024,days_to_harvest,year_descriptive,Fm478,167.49999999999915,2.900372160694461,TRUE
2024,days_to_harvest,year_descriptive,Fm480,175.4999999999992,2.900372160694461,TRUE
2024,days_to_harvest,year_descriptive,Fm482,169.49999999999915,2.900372160694461,TRUE
2024,days_to_harvest,year_descriptive,Fm484,166.66666666666583,2.900372160694461,TRUE
2024,days_to_harvest,year_descriptive,Fm489,153.66666666666583,2.900372160694461,TRUE
2024,days_to_harvest,year_descriptive,Fm491,162.8333333333325,2.900372160694461,TRUE
2024,days_to_harvest,year_descriptive,Fm492,160.33333333333246,2.900372160694461,TRUE
2024,days_to_harvest,year_descriptive,Fm496,144.99999999999912,2.900372160694461,TRUE
2024,days_to_harvest,year_descriptive,Fm505,183.99999999999915,2.900372160694461,TRUE
2024,days_to_harvest,year_descriptive,Fm507,167.69714417690386,3.2211462132180717,TRUE
2024,days_to_harvest,year_descriptive,Fm510,182.3333333333325,2.900372160694461,TRUE
2024,days_to_harvest,year_descriptive,Fm518,153.16666666666583,2.900372160694461,TRUE
2024,days_to_harvest,year_descriptive,Fm519,164.3333333333325,2.900372160694461,TRUE
2024,days_to_harvest,year_descriptive,Fm522,178.16666666666583,2.900372160694461,TRUE
2024,days_to_harvest,year_descriptive,Fm523,145.1666666666658,2.900372160694461,TRUE
2024,days_to_harvest,year_descriptive,Fm524,153.6666666666658,2.900372160694461,TRUE
2024,days_to_harvest,year_descriptive,Fm537,161.9755688307353,3.2212017737236693,TRUE
2024,days_to_harvest,year_descriptive,Fm552,160.3333333333325,2.900372160694461,TRUE
2024,days_to_harvest,year_descriptive,Fm56,182.49999999999915,2.900372160694461,TRUE
2024,days_to_harvest,year_descriptive,Fm560,128.66666666666583,2.900372160694461,TRUE
2024,days_to_harvest,year_descriptive,Fm566,155.49999999999915,2.900372160694461,TRUE
2024,days_to_harvest,year_descriptive,Fm569,128.96707511378224,3.2505998232597593,TRUE
2024,days_to_harvest,year_descriptive,Fm585,159.04886233852727,4.033371723083265,TRUE
2024,days_to_harvest,year_descriptive,Fm589,121.21717875978582,3.250603200520243,TRUE
2024,days_to_harvest,year_descriptive,Fm590,131.80890216406866,3.22120177372367,TRUE
2024,days_to_harvest,year_descriptive,Fm592,135.66666666666583,2.9003721606944612,TRUE
2024,days_to_harvest,year_descriptive,Fm600,181.99999999999918,2.9003721606944612,TRUE
2024,days_to_harvest,year_descriptive,Fm601,183.83333333333252,2.900372160694461,TRUE
2024,days_to_harvest,year_descriptive,Fm610,158.3333333333325,2.900372160694461,TRUE
2024,days_to_harvest,year_descriptive,Fm611,153.66666666666583,2.900372160694461,TRUE
2024,days_to_harvest,year_descriptive,Fm612,155.33333333333246,2.900372160694461,TRUE
2024,days_to_harvest,year_descriptive,Fm614,182.3333333333325,2.900372160694461,TRUE
2024,days_to_harvest,year_descriptive,Fm615,161.99999999999915,2.900372160694461,TRUE
2024,days_to_harvest,year_descriptive,Fm616,122.6422354974019,3.22120177372367,TRUE
2024,days_to_harvest,year_descriptive,Fm620,131.49999999999915,2.900372160694461,TRUE
2024,days_to_harvest,year_descriptive,Fm621,157.49999999999915,2.900372160694461,TRUE
2024,days_to_harvest,year_descriptive,Fm65,177.49999999999915,2.900372160694461,TRUE
2024,days_to_harvest,year_descriptive,Fm78,184.2171787597859,3.2506032005202425,TRUE
2024,days_to_harvest,year_descriptive,Fm79,186.39223549740194,3.22120177372367,TRUE
2024,days_to_harvest,year_descriptive,Fm86,184.33333333333246,2.900372160694461,TRUE
2024,normalized_difference_vegetation_index,year_descriptive,Fm134,0.6499999999995486,0.026626451920451075,TRUE
2024,normalized_difference_vegetation_index,year_descriptive,Fm156,0.583333333333325,0.026626451920457365,TRUE
2024,normalized_difference_vegetation_index,year_descriptive,Fm161,0.6716666666666586,0.026626451920457365,TRUE
2024,normalized_difference_vegetation_index,year_descriptive,Fm168,0.6630044352065994,0.029876809495062315,TRUE
2024,normalized_difference_vegetation_index,year_descriptive,Fm170,0.5749999999999916,0.026626451920457365,TRUE
2024,normalized_difference_vegetation_index,year_descriptive,Fm173,0.6966666666666586,0.026626451920457365,TRUE
2024,normalized_difference_vegetation_index,year_descriptive,Fm174,0.7349999999999918,0.026626451920457365,TRUE
2024,normalized_difference_vegetation_index,year_descriptive,Fm176,0.501666666666658,0.026626451920457365,TRUE
2024,normalized_difference_vegetation_index,year_descriptive,Fm181,0.6299999999999917,0.026626451920457365,TRUE
2024,normalized_difference_vegetation_index,year_descriptive,Fm185,0.423333333333325,0.026626451920457365,TRUE
2024,normalized_difference_vegetation_index,year_descriptive,Fm190,0.6583333333333253,0.026626451920457365,TRUE
2024,normalized_difference_vegetation_index,year_descriptive,Fm193,0.5983333333333254,0.026626451920457365,TRUE
2024,normalized_difference_vegetation_index,year_descriptive,Fm194,0.599999999999992,0.026626451920457365,TRUE
2024,normalized_difference_vegetation_index,year_descriptive,Fm195,0.644999999999992,0.026626451920457365,TRUE
2024,normalized_difference_vegetation_index,year_descriptive,Fm20,0.6033333333333253,0.026626451920457365,TRUE
2024,normalized_difference_vegetation_index,year_descriptive,Fm203,0.644999999999992,0.026626451920457365,TRUE
2024,normalized_difference_vegetation_index,year_descriptive,Fm208,0.6166666666666587,0.026626451920457365,TRUE
2024,normalized_difference_vegetation_index,year_descriptive,Fm214,0.644999999999992,0.026626451920457365,TRUE
2024,normalized_difference_vegetation_index,year_descriptive,Fm215,0.5966666666666587,0.026626451920457365,TRUE
2024,normalized_difference_vegetation_index,year_descriptive,Fm216,0.6207514231741673,0.03712561990970218,TRUE
2024,normalized_difference_vegetation_index,year_descriptive,Fm219,0.5899999999999919,0.026626451920457365,TRUE
2024,normalized_difference_vegetation_index,year_descriptive,Fm221,0.6133333333333253,0.026626451920457365,TRUE
2024,normalized_difference_vegetation_index,year_descriptive,Fm225,0.5949999999999921,0.026626451920457365,TRUE
2024,normalized_difference_vegetation_index,year_descriptive,Fm227,0.5283333333333253,0.026626451920457365,TRUE
2024,normalized_difference_vegetation_index,year_descriptive,Fm233,0.5733333333333253,0.026626451920457365,TRUE
2024,normalized_difference_vegetation_index,year_descriptive,Fm235,0.5966666666666587,0.026626451920457365,TRUE
2024,normalized_difference_vegetation_index,year_descriptive,Fm236,0.5983333333333254,0.026626451920457365,TRUE
2024,normalized_difference_vegetation_index,year_descriptive,Fm238,0.44333333333332525,0.026626451920457365,TRUE
2024,normalized_difference_vegetation_index,year_descriptive,Fm249,0.6316666666666588,0.026626451920457365,TRUE
2024,normalized_difference_vegetation_index,year_descriptive,Fm250,0.6166666666666589,0.026626451920457365,TRUE
2024,normalized_difference_vegetation_index,year_descriptive,Fm3,0.6816666666666589,0.026626451920457365,TRUE
2024,normalized_difference_vegetation_index,year_descriptive,Fm321,0.6949999999999921,0.026626451920457362,TRUE
2024,normalized_difference_vegetation_index,year_descriptive,Fm322,0.6849999999999921,0.026626451920457365,TRUE
2024,normalized_difference_vegetation_index,year_descriptive,Fm337,0.574999999999992,0.026626451920457362,TRUE
2024,normalized_difference_vegetation_index,year_descriptive,Fm341,0.6866666666666588,0.026626451920457365,TRUE
2024,normalized_difference_vegetation_index,year_descriptive,Fm343,0.6383333333333254,0.026626451920457365,TRUE
2024,normalized_difference_vegetation_index,year_descriptive,Fm344,0.44833333333332537,0.026626451920457365,TRUE
2024,normalized_difference_vegetation_index,year_descriptive,Fm345,0.664999999999992,0.026626451920457365,TRUE
2024,normalized_difference_vegetation_index,year_descriptive,Fm346,0.5013931340505988,0.03255705314783713,TRUE
2024,normalized_difference_vegetation_index,year_descriptive,Fm347,0.6283333333333253,0.026626451920457365,TRUE
2024,normalized_difference_vegetation_index,year_descriptive,Fm349,0.6833333333333254,0.026626451920457365,TRUE
2024,normalized_difference_vegetation_index,year_descriptive,Fm351,0.5766666666666587,0.026626451920457365,TRUE
2024,normalized_difference_vegetation_index,year_descriptive,Fm352,0.6307607878586308,0.029602566524856554,TRUE
2024,normalized_difference_vegetation_index,year_descriptive,Fm354,0.6266666666666587,0.026626451920457365,TRUE
2024,normalized_difference_vegetation_index,year_descriptive,Fm355,0.6266666666666587,0.026626451920457365,TRUE
2024,normalized_difference_vegetation_index,year_descriptive,Fm356,0.5366666666666586,0.026626451920457365,TRUE
2024,normalized_difference_vegetation_index,year_descriptive,Fm358,0.5016666666666586,0.026626451920457365,TRUE
2024,normalized_difference_vegetation_index,year_descriptive,Fm359,0.6199999999999921,0.026626451920457365,TRUE
2024,normalized_difference_vegetation_index,year_descriptive,Fm36,0.42666666666665864,0.026626451920457362,TRUE
2024,normalized_difference_vegetation_index,year_descriptive,Fm361,0.6705044352065994,0.029876809495062315,TRUE
2024,normalized_difference_vegetation_index,year_descriptive,Fm363,0.6316666666666587,0.026626451920457365,TRUE
2024,normalized_difference_vegetation_index,year_descriptive,Fm364,0.5766666666666588,0.026626451920457365,TRUE
2024,normalized_difference_vegetation_index,year_descriptive,Fm365,0.574999999999992,0.026626451920457362,TRUE
2024,normalized_difference_vegetation_index,year_descriptive,Fm366,0.6799999999999919,0.026626451920457362,TRUE
2024,normalized_difference_vegetation_index,year_descriptive,Fm368,0.5716666666666588,0.026626451920457362,TRUE
2024,normalized_difference_vegetation_index,year_descriptive,Fm369,0.6166666666666587,0.026626451920457362,TRUE
2024,normalized_difference_vegetation_index,year_descriptive,Fm370,0.4866666666666588,0.026626451920457362,TRUE
2024,normalized_difference_vegetation_index,year_descriptive,Fm372,0.6566666666666587,0.026626451920457362,TRUE
2024,normalized_difference_vegetation_index,year_descriptive,Fm375,0.6216666666666587,0.026626451920457362,TRUE
2024,normalized_difference_vegetation_index,year_descriptive,Fm376,0.6166666666666587,0.026626451920457362,TRUE
2024,normalized_difference_vegetation_index,year_descriptive,Fm377,0.6799999999999919,0.026626451920457362,TRUE
2024,normalized_difference_vegetation_index,year_descriptive,Fm378,0.589999999999992,0.026626451920457362,TRUE
2024,normalized_difference_vegetation_index,year_descriptive,Fm379,0.6966666666666588,0.026626451920457362,TRUE
2024,normalized_difference_vegetation_index,year_descriptive,Fm380,0.594999999999992,0.026626451920457362,TRUE
2024,normalized_difference_vegetation_index,year_descriptive,Fm381,0.6466666666666587,0.026626451920457362,TRUE
2024,normalized_difference_vegetation_index,year_descriptive,Fm382,0.6749999999999919,0.026626451920457362,TRUE
2024,normalized_difference_vegetation_index,year_descriptive,Fm384,0.5216666666666585,0.026626451920457362,TRUE
2024,normalized_difference_vegetation_index,year_descriptive,Fm387,0.5833333333333253,0.026626451920457362,TRUE
2024,normalized_difference_vegetation_index,year_descriptive,Fm388,0.6083333333333252,0.026626451920457362,TRUE
2024,normalized_difference_vegetation_index,year_descriptive,Fm389,0.5083333333333253,0.026626451920457362,TRUE
2024,normalized_difference_vegetation_index,year_descriptive,Fm391,0.6466666666666586,0.02662645192045736,TRUE
2024,normalized_difference_vegetation_index,year_descriptive,Fm392,0.6366666666666586,0.02662645192045736,TRUE
2024,normalized_difference_vegetation_index,year_descriptive,Fm394,0.5933333333333253,0.02662645192045736,TRUE
2024,normalized_difference_vegetation_index,year_descriptive,Fm395,0.6716666666666586,0.026626451920457362,TRUE
2024,normalized_difference_vegetation_index,year_descriptive,Fm396,0.6416666666666586,0.026626451920457362,TRUE
2024,normalized_difference_vegetation_index,year_descriptive,Fm398,0.5887652230652379,0.03255714589134582,TRUE
2024,normalized_difference_vegetation_index,year_descriptive,Fm400,0.6666666666666587,0.02662645192045736,TRUE
2024,normalized_difference_vegetation_index,year_descriptive,Fm401,0.6016666666666586,0.02662645192045736,TRUE
2024,normalized_difference_vegetation_index,year_descriptive,Fm402,0.684999999999992,0.02662645192045736,TRUE
2024,normalized_difference_vegetation_index,year_descriptive,Fm404,0.6605298852680824,0.029876758963190832,TRUE
2024,normalized_difference_vegetation_index,year_descriptive,Fm405,0.6016666666666586,0.02662645192045736,TRUE
2024,normalized_difference_vegetation_index,year_descriptive,Fm406,0.6083333333333254,0.02662645192045736,TRUE
2024,normalized_difference_vegetation_index,year_descriptive,Fm407,0.6799999999999919,0.02662645192045736,TRUE
2024,normalized_difference_vegetation_index,year_descriptive,Fm41,0.6866666666666585,0.02662645192045736,TRUE
2024,normalized_difference_vegetation_index,year_descriptive,Fm410,0.6583333333333253,0.026626451920457362,TRUE
2024,normalized_difference_vegetation_index,year_descriptive,Fm411,0.6883333333333252,0.026626451920457362,TRUE
2024,normalized_difference_vegetation_index,year_descriptive,Fm412,0.634999999999992,0.026626451920457362,TRUE
2024,normalized_difference_vegetation_index,year_descriptive,Fm413,0.6533333333333253,0.026626451920457362,TRUE
2024,normalized_difference_vegetation_index,year_descriptive,Fm414,0.5566666666666586,0.026626451920457362,TRUE
2024,normalized_difference_vegetation_index,year_descriptive,Fm415,0.6116666666666588,0.026626451920457362,TRUE
2024,normalized_difference_vegetation_index,year_descriptive,Fm416,0.5983333333333254,0.026626451920457362,TRUE
2024,normalized_difference_vegetation_index,year_descriptive,Fm417,0.5833333333333255,0.026626451920457362,TRUE
2024,normalized_difference_vegetation_index,year_descriptive,Fm418,0.6316666666666587,0.026626451920457362,TRUE
2024,normalized_difference_vegetation_index,year_descriptive,Fm419,0.6466666666666587,0.026626451920457365,TRUE
2024,normalized_difference_vegetation_index,year_descriptive,Fm420,0.6366666666666587,0.026626451920457365,TRUE
2024,normalized_difference_vegetation_index,year_descriptive,Fm421,0.5166666666666587,0.026626451920457362,TRUE
2024,normalized_difference_vegetation_index,year_descriptive,Fm428,0.6666666666666587,0.026626451920457365,TRUE
2024,normalized_difference_vegetation_index,year_descriptive,Fm429,0.6699999999999919,0.026626451920457362,TRUE
2024,normalized_difference_vegetation_index,year_descriptive,Fm43,0.6866666666666588,0.026626451920457362,TRUE
2024,normalized_difference_vegetation_index,year_descriptive,Fm44,0.6516666666666586,0.026626451920457362,TRUE
2024,normalized_difference_vegetation_index,year_descriptive,Fm442,0.6266666666666587,0.026626451920457362,TRUE
2024,normalized_difference_vegetation_index,year_descriptive,Fm443,0.5540941211919641,0.029602566524856558,TRUE
2024,normalized_difference_vegetation_index,year_descriptive,Fm444,0.6216666666666586,0.02662645192045736,TRUE
2024,normalized_difference_vegetation_index,year_descriptive,Fm446,0.674999999999992,0.02662645192045736,TRUE
2024,normalized_difference_vegetation_index,year_descriptive,Fm458,0.684999999999992,0.02662645192045736,TRUE
2024,normalized_difference_vegetation_index,year_descriptive,Fm464,0.6066666666666587,0.02662645192045736,TRUE
2024,normalized_difference_vegetation_index,year_descriptive,Fm474,0.499999999999992,0.026626451920457362,TRUE
2024,normalized_difference_vegetation_index,year_descriptive,Fm475,0.6788632186014159,0.029876758963190832,TRUE
2024,normalized_difference_vegetation_index,year_descriptive,Fm477,0.44666666666665866,0.02662645192045736,TRUE
2024,normalized_difference_vegetation_index,year_descriptive,Fm478,0.669999999999992,0.02662645192045736,TRUE
2024,normalized_difference_vegetation_index,year_descriptive,Fm480,0.489999999999992,0.02662645192045736,TRUE
2024,normalized_difference_vegetation_index,year_descriptive,Fm482,0.5716666666666588,0.02662645192045736,TRUE
2024,normalized_difference_vegetation_index,year_descriptive,Fm484,0.6616666666666586,0.02662645192045736,TRUE
2024,normalized_difference_vegetation_index,year_descriptive,Fm489,0.579999999999992,0.02662645192045736,TRUE
2024,normalized_difference_vegetation_index,year_descriptive,Fm491,0.5533333333333254,0.02662645192045736,TRUE
2024,normalized_difference_vegetation_index,year_descriptive,Fm492,0.6699999999999919,0.026626451920457362,TRUE
2024,normalized_difference_vegetation_index,year_descriptive,Fm496,0.6299999999999919,0.026626451920457362,TRUE
2024,normalized_difference_vegetation_index,year_descriptive,Fm505,0.6799999999999919,0.02662645192045736,TRUE
2024,normalized_difference_vegetation_index,year_descriptive,Fm507,0.5083333333333253,0.02662645192045736,TRUE
2024,normalized_difference_vegetation_index,year_descriptive,Fm510,0.6799999999999919,0.02662645192045736,TRUE
2024,normalized_difference_vegetation_index,year_descriptive,Fm518,0.6533333333333253,0.02662645192045736,TRUE
2024,normalized_difference_vegetation_index,year_descriptive,Fm519,0.6266666666666587,0.02662645192045736,TRUE
2024,normalized_difference_vegetation_index,year_descriptive,Fm522,0.5299999999999921,0.02662645192045735,TRUE
2024,normalized_difference_vegetation_index,year_descriptive,Fm523,0.6333333333333253,0.02662645192045735,TRUE
2024,normalized_difference_vegetation_index,year_descriptive,Fm524,0.6566666666666587,0.02662645192045735,TRUE
2024,normalized_difference_vegetation_index,year_descriptive,Fm537,0.6033333333333253,0.02662645192045735,TRUE
2024,normalized_difference_vegetation_index,year_descriptive,Fm552,0.6216666666666587,0.02662645192045736,TRUE
2024,normalized_difference_vegetation_index,year_descriptive,Fm56,0.6216666666666587,0.02662645192045736,TRUE
2024,normalized_difference_vegetation_index,year_descriptive,Fm560,0.614999999999992,0.02662645192045736,TRUE
2024,normalized_difference_vegetation_index,year_descriptive,Fm566,0.5833333333333254,0.02662645192045736,TRUE
2024,normalized_difference_vegetation_index,year_descriptive,Fm569,0.6466666666666587,0.02662645192045736,TRUE
2024,normalized_difference_vegetation_index,year_descriptive,Fm585,0.6327727199818922,0.04013635614690892,TRUE
2024,normalized_difference_vegetation_index,year_descriptive,Fm589,0.6599999999999921,0.02662645192045736,TRUE
2024,normalized_difference_vegetation_index,year_descriptive,Fm590,0.5983333333333254,0.026626451920457362,TRUE
2024,normalized_difference_vegetation_index,year_descriptive,Fm592,0.6466666666666587,0.02662645192045736,TRUE
2024,normalized_difference_vegetation_index,year_descriptive,Fm600,0.5383333333333254,0.02662645192045736,TRUE
2024,normalized_difference_vegetation_index,year_descriptive,Fm601,0.5416666666666587,0.02662645192045736,TRUE
2024,normalized_difference_vegetation_index,year_descriptive,Fm610,0.5416666666666587,0.02662645192045736,TRUE
2024,normalized_difference_vegetation_index,year_descriptive,Fm611,0.4833333333333254,0.02662645192045736,TRUE
2024,normalized_difference_vegetation_index,year_descriptive,Fm612,0.5966666666666589,0.02662645192045736,TRUE
2024,normalized_difference_vegetation_index,year_descriptive,Fm614,0.5683333333333256,0.02662645192045736,TRUE
2024,normalized_difference_vegetation_index,year_descriptive,Fm615,0.6083333333333254,0.02662645192045736,TRUE
2024,normalized_difference_vegetation_index,year_descriptive,Fm616,0.6583333333333254,0.02662645192045736,TRUE
2024,normalized_difference_vegetation_index,year_descriptive,Fm620,0.6733333333333256,0.02662645192045736,TRUE
2024,normalized_difference_vegetation_index,year_descriptive,Fm621,0.7066666666666589,0.02662645192045736,TRUE
2024,normalized_difference_vegetation_index,year_descriptive,Fm65,0.5649999999999922,0.02662645192045736,TRUE
2024,normalized_difference_vegetation_index,year_descriptive,Fm78,0.5071242884129046,0.029602430133761636,TRUE
2024,normalized_difference_vegetation_index,year_descriptive,Fm79,0.6383333333333255,0.026626451920457355,TRUE
2024,normalized_difference_vegetation_index,year_descriptive,Fm86,0.6699999999999922,0.026626451920457355,TRUE
2024,normalized_difference_vegetation_index,year_descriptive,Fm9,0.6583333333333256,0.02662645192045736,TRUE
2024,fluorescence,year_descriptive,Fm134,0.4516666666666045,0.04152883203148826,TRUE
2024,fluorescence,year_descriptive,Fm156,0.5716666666666637,0.04152883203148468,TRUE
2024,fluorescence,year_descriptive,Fm161,0.6466666666666636,0.041528832031484685,TRUE
2024,fluorescence,year_descriptive,Fm168,0.534044452112457,0.046881528224247855,TRUE
2024,fluorescence,year_descriptive,Fm170,0.586666666666663,0.041528832031484685,TRUE
2024,fluorescence,year_descriptive,Fm173,0.6666666666666631,0.041528832031484685,TRUE
2024,fluorescence,year_descriptive,Fm174,0.6749999999999963,0.041528832031484685,TRUE
2024,fluorescence,year_descriptive,Fm176,0.3983333333333292,0.041528832031484685,TRUE
2024,fluorescence,year_descriptive,Fm181,0.6683333333333297,0.041528832031484685,TRUE
2024,fluorescence,year_descriptive,Fm185,0.4133333333333294,0.041528832031484685,TRUE
2024,fluorescence,year_descriptive,Fm190,0.7116666666666629,0.041528832031484685,TRUE
2024,fluorescence,year_descriptive,Fm193,0.6266666666666629,0.041528832031484685,TRUE
2024,fluorescence,year_descriptive,Fm194,0.6233333333333296,0.041528832031484685,TRUE
2024,fluorescence,year_descriptive,Fm195,0.7083333333333297,0.041528832031484685,TRUE
2024,fluorescence,year_descriptive,Fm20,0.6049999999999962,0.041528832031484685,TRUE
2024,fluorescence,year_descriptive,Fm203,0.6816666666666629,0.041528832031484685,TRUE
2024,fluorescence,year_descriptive,Fm208,0.6083333333333295,0.041528832031484685,TRUE
2024,fluorescence,year_descriptive,Fm214,0.7616666666666632,0.041528832031484685,TRUE
2024,fluorescence,year_descriptive,Fm215,0.7683333333333295,0.041528832031484685,TRUE
2024,fluorescence,year_descriptive,Fm216,0.7119233518137105,0.056698895999386274,TRUE
2024,fluorescence,year_descriptive,Fm219,0.7533333333333296,0.04152883203148468,TRUE
2024,fluorescence,year_descriptive,Fm221,0.6549999999999964,0.04152883203148468,TRUE
2024,fluorescence,year_descriptive,Fm225,0.6249999999999962,0.041528832031484685,TRUE
2024,fluorescence,year_descriptive,Fm227,0.5933333333333297,0.04152883203148468,TRUE
2024,fluorescence,year_descriptive,Fm233,0.5366666666666629,0.04152883203148468,TRUE
2024,fluorescence,year_descriptive,Fm235,0.4849999999999961,0.04152883203148468,TRUE
2024,fluorescence,year_descriptive,Fm236,0.6733333333333296,0.04152883203148468,TRUE
2024,fluorescence,year_descriptive,Fm238,0.5549999999999962,0.04152883203148468,TRUE
2024,fluorescence,year_descriptive,Fm249,0.6599999999999961,0.04152883203148468,TRUE
2024,fluorescence,year_descriptive,Fm250,0.656666666666663,0.041528832031484685,TRUE
2024,fluorescence,year_descriptive,Fm3,0.6799999999999963,0.041528832031484685,TRUE
2024,fluorescence,year_descriptive,Fm321,0.7483333333333295,0.041528832031484685,TRUE
2024,fluorescence,year_descriptive,Fm322,0.6483333333333295,0.04152883203148468,TRUE
2024,fluorescence,year_descriptive,Fm337,0.5983333333333294,0.041528832031484685,TRUE
2024,fluorescence,year_descriptive,Fm341,0.6566666666666628,0.04152883203148468,TRUE
2024,fluorescence,year_descriptive,Fm343,0.6516666666666628,0.04152883203148468,TRUE
2024,fluorescence,year_descriptive,Fm344,0.3483333333333293,0.04152883203148468,TRUE
2024,fluorescence,year_descriptive,Fm345,0.6633333333333296,0.04152883203148468,TRUE
2024,fluorescence,year_descriptive,Fm346,0.4939238354511044,0.05069926486569086,TRUE
2024,fluorescence,year_descriptive,Fm347,0.666666666666663,0.04152883203148468,TRUE
2024,fluorescence,year_descriptive,Fm349,0.6899999999999964,0.04152883203148467,TRUE
2024,fluorescence,year_descriptive,Fm351,0.641666666666663,0.04152883203148467,TRUE
2024,fluorescence,year_descriptive,Fm352,0.6059510199280667,0.04579523234549466,TRUE
2024,fluorescence,year_descriptive,Fm354,0.6183333333333296,0.04152883203148468,TRUE
2024,fluorescence,year_descriptive,Fm355,0.6583333333333297,0.04152883203148468,TRUE
2024,fluorescence,year_descriptive,Fm356,0.5649999999999962,0.04152883203148468,TRUE
2024,fluorescence,year_descriptive,Fm358,0.4749999999999962,0.04152883203148468,TRUE
2024,fluorescence,year_descriptive,Fm359,0.5849999999999961,0.04152883203148468,TRUE
2024,fluorescence,year_descriptive,Fm36,0.5033333333333294,0.04152883203148468,TRUE
2024,fluorescence,year_descriptive,Fm361,0.7182111187791224,0.046881528224247834,TRUE
2024,fluorescence,year_descriptive,Fm363,0.6699999999999962,0.04152883203148468,TRUE
2024,fluorescence,year_descriptive,Fm364,0.5749999999999962,0.04152883203148467,TRUE
2024,fluorescence,year_descriptive,Fm365,0.6633333333333296,0.04152883203148467,TRUE
2024,fluorescence,year_descriptive,Fm366,0.6949999999999962,0.04152883203148468,TRUE
2024,fluorescence,year_descriptive,Fm368,0.5949999999999962,0.04152883203148467,TRUE
2024,fluorescence,year_descriptive,Fm369,0.6399999999999963,0.04152883203148467,TRUE
2024,fluorescence,year_descriptive,Fm370,0.4883333333333294,0.04152883203148467,TRUE
2024,fluorescence,year_descriptive,Fm372,0.6799999999999962,0.04152883203148467,TRUE
2024,fluorescence,year_descriptive,Fm375,0.6133333333333295,0.04152883203148467,TRUE
2024,fluorescence,year_descriptive,Fm376,0.5383333333333296,0.04152883203148467,TRUE
2024,fluorescence,year_descriptive,Fm377,0.6883333333333295,0.04152883203148467,TRUE
2024,fluorescence,year_descriptive,Fm378,0.5566666666666629,0.04152883203148467,TRUE
2024,fluorescence,year_descriptive,Fm379,0.669999999999996,0.04152883203148467,TRUE
2024,fluorescence,year_descriptive,Fm380,0.6183333333333295,0.04152883203148467,TRUE
2024,fluorescence,year_descriptive,Fm381,0.6099999999999961,0.04152883203148467,TRUE
2024,fluorescence,year_descriptive,Fm382,0.6866666666666629,0.041528832031484664,TRUE
2024,fluorescence,year_descriptive,Fm384,0.4633333333333295,0.041528832031484664,TRUE
2024,fluorescence,year_descriptive,Fm387,0.6716666666666629,0.041528832031484664,TRUE
2024,fluorescence,year_descriptive,Fm388,0.5749999999999962,0.04152883203148467,TRUE
2024,fluorescence,year_descriptive,Fm389,0.5016666666666627,0.041528832031484664,TRUE
2024,fluorescence,year_descriptive,Fm391,0.6699999999999962,0.041528832031484664,TRUE
2024,fluorescence,year_descriptive,Fm392,0.7549999999999962,0.04152883203148467,TRUE
2024,fluorescence,year_descriptive,Fm394,0.6376176865947333,0.04579523234549466,TRUE
2024,fluorescence,year_descriptive,Fm395,0.6713333333333296,0.041528832031484664,TRUE
2024,fluorescence,year_descriptive,Fm396,0.6716666666666629,0.041528832031484664,TRUE
2024,fluorescence,year_descriptive,Fm398,0.6074954720405262,0.05069947834366267,TRUE
2024,fluorescence,year_descriptive,Fm400,0.7333333333333294,0.04152883203148467,TRUE
2024,fluorescence,year_descriptive,Fm401,0.6699999999999962,0.04152883203148467,TRUE
2024,fluorescence,year_descriptive,Fm402,0.7116666666666628,0.041528832031484664,TRUE
2024,fluorescence,year_descriptive,Fm404,0.6796493990311643,0.046881412792725466,TRUE
2024,fluorescence,year_descriptive,Fm405,0.649999999999996,0.041528832031484664,TRUE
2024,fluorescence,year_descriptive,Fm406,0.664999999999996,0.041528832031484664,TRUE
2024,fluorescence,year_descriptive,Fm407,0.6849999999999961,0.041528832031484664,TRUE
2024,fluorescence,year_descriptive,Fm41,0.689999999999996,0.041528832031484664,TRUE
2024,fluorescence,year_descriptive,Fm410,0.614999999999996,0.041528832031484664,TRUE
2024,fluorescence,year_descriptive,Fm411,0.629999999999996,0.04152883203148467,TRUE
2024,fluorescence,year_descriptive,Fm412,0.6533333333333293,0.04152883203148467,TRUE
2024,fluorescence,year_descriptive,Fm413,0.664999999999996,0.04152883203148467,TRUE
2024,fluorescence,year_descriptive,Fm414,0.6366666666666627,0.04152883203148467,TRUE
2024,fluorescence,year_descriptive,Fm415,0.6533333333333293,0.04152883203148467,TRUE
2024,fluorescence,year_descriptive,Fm416,0.5299999999999959,0.041528832031484664,TRUE
2024,fluorescence,year_descriptive,Fm417,0.46999999999999587,0.041528832031484664,TRUE
2024,fluorescence,year_descriptive,Fm418,0.6516666666666626,0.041528832031484664,TRUE
2024,fluorescence,year_descriptive,Fm419,0.7149999999999959,0.041528832031484664,TRUE
2024,fluorescence,year_descriptive,Fm420,0.7016666666666626,0.041528832031484664,TRUE
2024,fluorescence,year_descriptive,Fm421,0.5349999999999959,0.041528832031484664,TRUE
2024,fluorescence,year_descriptive,Fm428,0.709999999999996,0.041528832031484664,TRUE
2024,fluorescence,year_descriptive,Fm429,0.6783333333333292,0.041528832031484664,TRUE
2024,fluorescence,year_descriptive,Fm43,0.6083333333333294,0.041528832031484664,TRUE
2024,fluorescence,year_descriptive,Fm44,0.6183333333333292,0.041528832031484664,TRUE
2024,fluorescence,year_descriptive,Fm442,0.539999999999996,0.041528832031484664,TRUE
2024,fluorescence,year_descriptive,Fm443,0.6151176865947332,0.04579523234549466,TRUE
2024,fluorescence,year_descriptive,Fm444,0.5866666666666627,0.041528832031484664,TRUE
2024,fluorescence,year_descriptive,Fm446,0.704999999999996,0.041528832031484664,TRUE
2024,fluorescence,year_descriptive,Fm458,0.7033333333333294,0.041528832031484664,TRUE
2024,fluorescence,year_descriptive,Fm464,0.5166666666666628,0.041528832031484664,TRUE
2024,fluorescence,year_descriptive,Fm474,0.4983333333333293,0.041528832031484664,TRUE
2024,fluorescence,year_descriptive,Fm475,0.722149399031164,0.046881412792725466,TRUE
2024,fluorescence,year_descriptive,Fm477,0.34833333333332916,0.041528832031484664,TRUE
2024,fluorescence,year_descriptive,Fm478,0.6016666666666627,0.041528832031484664,TRUE
2024,fluorescence,year_descriptive,Fm480,0.5333333333333294,0.041528832031484664,TRUE
2024,fluorescence,year_descriptive,Fm482,0.6199999999999959,0.041528832031484664,TRUE
2024,fluorescence,year_descriptive,Fm484,0.7333333333333292,0.041528832031484664,TRUE
2024,fluorescence,year_descriptive,Fm489,0.629999999999996,0.04152883203148467,TRUE
2024,fluorescence,year_descriptive,Fm491,0.5816666666666626,0.04152883203148467,TRUE
2024,fluorescence,year_descriptive,Fm492,0.6699999999999959,0.04152883203148467,TRUE
2024,fluorescence,year_descriptive,Fm496,0.674999999999996,0.041528832031484664,TRUE
2024,fluorescence,year_descriptive,Fm505,0.7083333333333295,0.041528832031484664,TRUE
2024,fluorescence,year_descriptive,Fm507,0.3916666666666627,0.041528832031484664,TRUE
2024,fluorescence,year_descriptive,Fm510,0.6666666666666625,0.041528832031484664,TRUE
2024,fluorescence,year_descriptive,Fm518,0.6666666666666627,0.04152883203148467,TRUE
2024,fluorescence,year_descriptive,Fm519,0.629999999999996,0.04152883203148467,TRUE
2024,fluorescence,year_descriptive,Fm522,0.509999999999996,0.04152883203148467,TRUE
2024,fluorescence,year_descriptive,Fm523,0.6933333333333294,0.041528832031484664,TRUE
2024,fluorescence,year_descriptive,Fm524,0.674999999999996,0.04152883203148467,TRUE
2024,fluorescence,year_descriptive,Fm537,0.6399999999999961,0.04152883203148467,TRUE
2024,fluorescence,year_descriptive,Fm552,0.5999999999999961,0.04152883203148467,TRUE
2024,fluorescence,year_descriptive,Fm56,0.6333333333333295,0.041528832031484664,TRUE
2024,fluorescence,year_descriptive,Fm560,0.7049999999999961,0.04152883203148467,TRUE
2024,fluorescence,year_descriptive,Fm566,0.709999999999996,0.04152883203148467,TRUE
2024,fluorescence,year_descriptive,Fm569,0.6883333333333294,0.04152883203148467,TRUE
2024,fluorescence,year_descriptive,Fm585,0.7019217517538625,0.06316731207102666,TRUE
2024,fluorescence,year_descriptive,Fm589,0.7733333333333294,0.04152883203148467,TRUE
2024,fluorescence,year_descriptive,Fm590,0.6866666666666627,0.04152883203148468,TRUE
2024,fluorescence,year_descriptive,Fm592,0.709999999999996,0.04152883203148467,TRUE
2024,fluorescence,year_descriptive,Fm600,0.6016666666666628,0.04152883203148467,TRUE
2024,fluorescence,year_descriptive,Fm601,0.5283333333333293,0.04152883203148467,TRUE
2024,fluorescence,year_descriptive,Fm610,0.5933333333333295,0.04152883203148467,TRUE
2024,fluorescence,year_descriptive,Fm611,0.6116666666666628,0.04152883203148467,TRUE
2024,fluorescence,year_descriptive,Fm612,0.6616666666666627,0.04152883203148467,TRUE
2024,fluorescence,year_descriptive,Fm614,0.5616666666666628,0.04152883203148467,TRUE
2024,fluorescence,year_descriptive,Fm615,0.6733333333333296,0.04152883203148467,TRUE
2024,fluorescence,year_descriptive,Fm616,0.7883333333333293,0.04152883203148467,TRUE
2024,fluorescence,year_descriptive,Fm620,0.669999999999996,0.04152883203148467,TRUE
2024,fluorescence,year_descriptive,Fm621,0.6783333333333295,0.04152883203148467,TRUE
2024,fluorescence,year_descriptive,Fm65,0.5749999999999961,0.04152883203148467,TRUE
2024,fluorescence,year_descriptive,Fm78,0.4690383240931395,0.04579491368385528,TRUE
2024,fluorescence,year_descriptive,Fm79,0.6233333333333295,0.04152883203148467,TRUE
2024,fluorescence,year_descriptive,Fm86,0.5483333333333296,0.04152883203148467,TRUE
2024,fluorescence,year_descriptive,Fm9,0.5283333333333294,0.04152883203148467,TRUE
2024,protein_pct,year_descriptive,Fm181,14.619999918334113,0.805813775037014,TRUE
2024,protein_pct,year_descriptive,Fm190,14.749166584997669,0.8058137750369058,TRUE
2024,protein_pct,year_descriptive,Fm193,15.478333333333367,0.7405443808371657,TRUE
2024,protein_pct,year_descriptive,Fm194,14.753333251664337,0.8058137750369058,TRUE
2024,protein_pct,year_descriptive,Fm195,18.204999918331005,0.8058137750369058,TRUE
2024,protein_pct,year_descriptive,Fm203,12.862499918331007,0.8058137750369058,TRUE
2024,protein_pct,year_descriptive,Fm214,13.675000000000033,0.7405443808371657,TRUE
2024,protein_pct,year_descriptive,Fm215,14.27666658499767,0.8058137750369058,TRUE
2024,protein_pct,year_descriptive,Fm219,12.1966665561275,0.9757691428756868,TRUE
2024,protein_pct,year_descriptive,Fm221,13.826666666666698,0.7405443808371656,TRUE
2024,protein_pct,year_descriptive,Fm225,13.425833251664335,0.8058137750369057,TRUE
2024,protein_pct,year_descriptive,Fm233,17.533333222794163,0.9757691428756867,TRUE
2024,protein_pct,year_descriptive,Fm236,15.905707535742035,0.8493999578685338,TRUE
2024,protein_pct,year_descriptive,Fm321,15.6816666666667,0.7405443808371656,TRUE
2024,protein_pct,year_descriptive,Fm337,17.240000000000034,0.7405443808371656,TRUE
2024,protein_pct,year_descriptive,Fm341,14.096666584997669,0.8058137750369058,TRUE
2024,protein_pct,year_descriptive,Fm347,13.287499918331001,0.8058137750369058,TRUE
2024,protein_pct,year_descriptive,Fm349,14.546666556127498,0.9757691428756866,TRUE
2024,protein_pct,year_descriptive,Fm351,16.751666556127496,0.9757691428756867,TRUE
2024,protein_pct,year_descriptive,Fm354,14.454999889460835,0.9757691428756867,TRUE
2024,protein_pct,year_descriptive,Fm355,15.350833251664335,0.8058137750369058,TRUE
2024,protein_pct,year_descriptive,Fm356,17.2823740918695,1.0607543205784826,TRUE
2024,protein_pct,year_descriptive,Fm359,18.98987412073967,0.9068683192596347,TRUE
2024,protein_pct,year_descriptive,Fm361,18.504999918331006,0.8058137750369057,TRUE
2024,protein_pct,year_descriptive,Fm363,14.319999889460725,0.9757691428756866,TRUE
2024,protein_pct,year_descriptive,Fm364,,,FALSE
2024,protein_pct,year_descriptive,Fm365,15.501666584997674,0.8058137750369057,TRUE
2024,protein_pct,year_descriptive,Fm366,14.631666666666701,0.7405443808371656,TRUE
2024,protein_pct,year_descriptive,Fm368,16.534874120739673,0.9068683192596347,TRUE
2024,protein_pct,year_descriptive,Fm369,15.893333222794059,0.9757691428756866,TRUE
2024,protein_pct,year_descriptive,Fm372,15.926666584997673,0.8058137750369057,TRUE
2024,protein_pct,year_descriptive,Fm375,16.215833251664343,0.8058137750369055,TRUE
2024,protein_pct,year_descriptive,Fm376,16.173333251664342,0.8058137750369057,TRUE
2024,protein_pct,year_descriptive,Fm377,16.73237409186939,1.0607543205784826,TRUE
2024,protein_pct,year_descriptive,Fm378,20.359999889460724,0.9757691428756866,TRUE
2024,protein_pct,year_descriptive,Fm379,16.359166584997674,0.8058137750369055,TRUE
2024,protein_pct,year_descriptive,Fm380,16.707499918331006,0.8058137750369055,TRUE
2024,protein_pct,year_descriptive,Fm381,14.636666556127391,0.9757691428756866,TRUE
2024,protein_pct,year_descriptive,Fm382,14.46749991833101,0.8058137750369055,TRUE
2024,protein_pct,year_descriptive,Fm384,17.60499988946072,0.9757691428756866,TRUE
2024,protein_pct,year_descriptive,Fm388,16.139166584997675,0.8058137750369057,TRUE
2024,protein_pct,year_descriptive,Fm389,17.05666655612739,0.9757691428756868,TRUE
2024,protein_pct,year_descriptive,Fm391,17.040000000000035,0.7405443808371655,TRUE
2024,protein_pct,year_descriptive,Fm392,13.516666666666698,0.7405443808371656,TRUE
2024,protein_pct,year_descriptive,Fm394,16.544999918331005,0.8058137750369055,TRUE
2024,protein_pct,year_descriptive,Fm395,15.991666556127392,0.9757691428756868,TRUE
2024,protein_pct,year_descriptive,Fm398,16.46987412073967,0.9068683192596347,TRUE
2024,protein_pct,year_descriptive,Fm400,15.06833325166434,0.8058137750369055,TRUE
2024,protein_pct,year_descriptive,Fm401,17.003333333333366,0.7405443808371655,TRUE
2024,protein_pct,year_descriptive,Fm402,14.234999918331006,0.8058137750369055,TRUE
2024,protein_pct,year_descriptive,Fm404,15.179961962334833,1.0607432546916358,TRUE
2024,protein_pct,year_descriptive,Fm405,16.68237412073967,0.9068683192596347,TRUE
2024,protein_pct,year_descriptive,Fm406,15.369999918331008,0.8058137750369055,TRUE
2024,protein_pct,year_descriptive,Fm407,15.439166584997672,0.8058137750369055,TRUE
2024,protein_pct,year_descriptive,Fm41,15.439874091869388,1.0607543205784828,TRUE
2024,protein_pct,year_descriptive,Fm410,16.521666584997675,0.8058137750369055,TRUE
2024,protein_pct,year_descriptive,Fm411,15.652499918331003,0.8058137750369055,TRUE
2024,protein_pct,year_descriptive,Fm412,14.254999918331006,0.8058137750369055,TRUE
2024,protein_pct,year_descriptive,Fm413,17.26583325166434,0.8058137750369055,TRUE
2024,protein_pct,year_descriptive,Fm414,16.754999918331002,0.8058137750369055,TRUE
2024,protein_pct,year_descriptive,Fm415,15.281666584997673,0.8058137750369055,TRUE
2024,protein_pct,year_descriptive,Fm418,23.06507577258278,1.1582483191358561,TRUE
2024,protein_pct,year_descriptive,Fm419,14.036666666666697,0.7405443808371656,TRUE
2024,protein_pct,year_descriptive,Fm420,16.15833322279405,0.9757691428756868,TRUE
2024,protein_pct,year_descriptive,Fm421,15.774874091869389,1.060754320578483,TRUE
2024,protein_pct,year_descriptive,Fm428,14.068333251664336,0.8058137750369055,TRUE
2024,protein_pct,year_descriptive,Fm429,16.118333333333364,0.7405443808371657,TRUE
2024,protein_pct,year_descriptive,Fm44,18.963333222794052,0.975769142875687,TRUE
2024,protein_pct,year_descriptive,Fm442,16.509166584997665,0.8058137750369054,TRUE
2024,protein_pct,year_descriptive,Fm444,19.55999988946072,0.975769142875687,TRUE
2024,protein_pct,year_descriptive,Fm446,14.291666556127389,0.975769142875687,TRUE
2024,protein_pct,year_descriptive,Fm464,20.07007574371249,1.28231382622592,TRUE
2024,protein_pct,year_descriptive,Fm474,21.781666666666702,0.7405443808371657,TRUE
2024,protein_pct,year_descriptive,Fm475,15.146666584997671,0.8058137750369054,TRUE
2024,protein_pct,year_descriptive,Fm480,20.30737412073967,0.9068683192596346,TRUE
2024,protein_pct,year_descriptive,Fm482,15.50737412073967,0.9068683192596346,TRUE
2024,protein_pct,year_descriptive,Fm489,16.1648742024087,0.8493999578685338,TRUE
2024,protein_pct,year_descriptive,Fm491,16.679040869075365,0.8493999578685338,TRUE
2024,protein_pct,year_descriptive,Fm492,15.137374091869393,1.060754320578483,TRUE
2024,protein_pct,year_descriptive,Fm496,14.409999918331005,0.8058137750369054,TRUE
2024,protein_pct,year_descriptive,Fm505,16.307575772582776,1.1582483191358555,TRUE
2024,protein_pct,year_descriptive,Fm518,11.2566666666667,0.7405443808371656,TRUE
2024,protein_pct,year_descriptive,Fm519,18.15999988946072,0.9757691428756871,TRUE
2024,protein_pct,year_descriptive,Fm522,,,FALSE
2024,protein_pct,year_descriptive,Fm523,15.568333333333369,0.7405443808371656,TRUE
2024,protein_pct,year_descriptive,Fm524,13.470000000000034,0.7405443808371656,TRUE
2024,protein_pct,year_descriptive,Fm537,17.3516666666667,0.7405443808371656,TRUE
2024,protein_pct,year_descriptive,Fm552,15.156666556127394,0.9757691428756871,TRUE
2024,protein_pct,year_descriptive,Fm560,12.339999918331007,0.8058137750369054,TRUE
2024,protein_pct,year_descriptive,Fm566,14.889166584997671,0.8058137750369055,TRUE
2024,protein_pct,year_descriptive,Fm569,12.18333322279406,0.9757691428756872,TRUE
2024,protein_pct,year_descriptive,Fm585,15.175075772582778,1.1582483191358555,TRUE
2024,protein_pct,year_descriptive,Fm589,9.864999918331003,0.8058137750369054,TRUE
2024,protein_pct,year_descriptive,Fm590,13.279999889460727,0.9757691428756871,TRUE
2024,protein_pct,year_descriptive,Fm592,13.141666584997669,0.8058137750369054,TRUE
2024,protein_pct,year_descriptive,Fm610,17.141666584997672,0.8058137750369055,TRUE
2024,protein_pct,year_descriptive,Fm611,15.989999918331005,0.8058137750369055,TRUE
2024,protein_pct,year_descriptive,Fm612,16.184999889460723,0.9757691428756872,TRUE
2024,protein_pct,year_descriptive,Fm615,21.354999889460714,0.9757691428756871,TRUE
2024,protein_pct,year_descriptive,Fm616,12.346666584997669,0.8058137750369055,TRUE
2024,protein_pct,year_descriptive,Fm620,12.51000000000003,0.7405443808371657,TRUE
2024,protein_pct,year_descriptive,Fm621,14.736666666666698,0.7405443808371657,TRUE
2024,protein_pct,year_descriptive,Fm216,,,FALSE
2024,protein_pct,year_descriptive,Fm227,,,FALSE
2024,protein_pct,year_descriptive,Fm238,,,FALSE
2024,protein_pct,year_descriptive,Fm322,,,FALSE
2024,protein_pct,year_descriptive,Fm345,,,FALSE
2024,protein_pct,year_descriptive,Fm346,,,FALSE
2024,protein_pct,year_descriptive,Fm352,,,FALSE
2024,protein_pct,year_descriptive,Fm358,,,FALSE
2024,protein_pct,year_descriptive,Fm36,,,FALSE
2024,protein_pct,year_descriptive,Fm370,,,FALSE
2024,protein_pct,year_descriptive,Fm396,,,FALSE
2024,protein_pct,year_descriptive,Fm416,,,FALSE
2024,protein_pct,year_descriptive,Fm417,,,FALSE
2024,protein_pct,year_descriptive,Fm443,,,FALSE
2024,protein_pct,year_descriptive,Fm477,,,FALSE
2024,protein_pct,year_descriptive,Fm478,,,FALSE
2024,protein_pct,year_descriptive,Fm484,,,FALSE
2024,protein_pct,year_descriptive,Fm507,,,FALSE
2024,protein_pct,year_descriptive,Fm600,,,FALSE
2024,protein_pct,year_descriptive,Fm614,,,FALSE
2024,protein_pct,year_descriptive,Fm65,,,FALSE
