genotype,dtf,height_cm,plants_m2,thousand_seed_weight_g,protein_pct,fat_pct,panicle_length_cm,pedicel_length_cm
Fm104,180.00000000032648,88.66666666652979,44.0000000000968,,,,,
Fm112,153.66666666666887,113.66666666666256,80.00000000000676,,,,11.999999999993959,1.3666666666650387
Fm113,149.33333333333542,115.66666666666195,80.00000000000676,,,,10.83333333333328,3.833333333333295
Fm119,162.00000000000202,118.33333333332838,120.00000000000955,,,,,
Fm12,149.66666666666868,124.6666666666616,76.00000000001104,,,,,
Fm131,187.00000000000202,107.33333333332799,70.00000000001103,,,,,
Fm132,131.00000000000202,130.9999999999947,60.00000000001083,,,,10.666666666666618,4.599999999999933
Fm134,103.33333333333526,118.66666666666127,36.00000000001054,,,,8.499999999999948,6.6666666666665835
Fm135,168.66666666666856,99.66666666666124,68.00000000001003,,,,9.333333333333286,0.4999999999998985
Fm136,155.00000000000196,112.33333333332797,96.00000000000999,,,,10.333333333333288,0.6333333333332488
Fm138,154.33333333333528,121.66666666666134,60.000000000010246,,,,10.333333333333288,1.6666666666665937
Fm139,148.00000000000193,122.99999999999466,44.0000000000101,,,,12.499999999999957,2.833333333333263
Fm141,149.00000000000193,116.66666666666129,80.00000000000988,,,,9.83333333333329,0.2999999999999302
Fm145,136.66666666666856,116.99999999999466,48.00000000000999,,,,,
Fm146,137.33333333333522,117.333333333328,48.00000000000981,,18.17639541624082,,10.999999999999957,0.9999999999999369
Fm150,160.3333333333352,97.6666666666613,80.00000000000966,,,,11.333333333333291,1.8999999999999406
Fm170,144.0000000000019,121.66666666666147,60.000000000009976,1.386310816511992,,,12.33333333333329,3.3333333333332744
Fm172,152.66666666666856,110.66666666666144,76.00000000000992,,,,,
Fm173,138.00000000000182,117.99999999999477,56.000000000009955,1.8988351431391899,,,11.499999999999956,0.5333333333332725
Fm174,137.6666666666685,99.33333333332807,44.00000000000987,1.927922531942215,16.53775278727197,,10.999999999999956,1.499999999999943
Fm175,143.6666666666685,114.99999999999478,88.00000000000973,,,,9.499999999999956,0.6999999999999434
Fm176,135.6666666666685,96.66666666666143,56.000000000009834,1.9634274253507427,,,11.999999999999957,6.499999999999945
Fm177,149.6666666666685,124.99999999999481,36.000000000009756,,,,12.333333333333291,0.9333333333332732
Fm180,139.33333333333516,96.33333333332811,60.00000000000963,,,,10.166666666666622,7.166666666666607
Fm181,79.33333333333509,111.33333333332816,52.000000000009614,1.982475644146423,15.230532964070473,4.53851500576483,15.333333333333291,13.166666666666604
Fm184,159.0000000000018,116.6666666666615,64.00000000000954,,,,14.333333333333291,3.3333333333332553
Fm185,134.33333333333513,127.66666666666147,88.0000000000095,1.1699225649046945,,,10.999999999999956,6.166666666666589
Fm190,102.3333333333351,110.33333333332811,36.000000000009585,2.9103782831185927,14.797174135843763,4.8209013932803675,20.999999999999954,5.666666666666585
Fm191,106.3333333333351,103.33333333332811,16.000000000009454,,,,,
Fm193,99.33333333333506,112.3333333333281,68.00000000000931,1.9452471093365007,14.990382512410335,3.85975065701323,14.166666666666623,7.499999999999915
Fm194,116.6666666666684,120.66666666666146,72.00000000000931,2.8629614892180513,15.817959785461284,3.0971033900192073,9.666666666666618,1.9999999999999112
Fm195,103.66666666666839,133.66666666666146,64.00000000000931,2.315622042278596,18.263930638631038,4.4622564876803485,17.999999999999954,20.99999999999992
Fm203,85.00000000000169,113.66666666666141,76.00000000000931,1.9809544534423833,,,15.33333333333329,5.499999999999897
Fm205,129.00000000000173,119.33333333332807,56.00000000000934,,,,,
Fm206,139.6666666666684,104.99999999999474,32.00000000000928,,,,,
Fm207,138.33333333333502,120.99999999999476,54.0000000000092,,,,16.333333333333286,1.4999999999998945
Fm208,142.66666666666836,110.33333333332807,32.000000000009145,1.2879763695742796,15.803777694702,,19.833333333333286,2.4999999999998974
Fm214,89.66666666666832,122.99999999999476,40.00000000000906,2.1872839572625495,11.890495936075698,3.161138957554071,12.166666666666618,4.9999999999999
Fm215,79.00000000000162,137.33333333332806,88.000000000009,2.379324553511288,14.04442755381252,4.1193188764910085,19.166666666666615,8.333333333333233
Fm216,107.00000000000166,101.9999999999947,20.000000000009074,3.6273016103379723,13.239104906717797,4.433837086725437,17.666666666666615,4.499999999999895
Fm219,87.00000000000166,123.66666666666138,56.00000000000895,2.1907475794821356,14.112579345702988,4.137578057566085,14.833333333333284,9.833333333333222
Fm220,129.66666666666833,106.33333333332806,68.00000000000892,,,,11.33333333333328,4.833333333333225
Fm221,96.33333333333498,130.9999999999947,54.000000000008946,1.698471954264878,13.82633209228502,2.857463553710318,11.666666666666616,7.333333333333224
Fm225,80.0000000000016,112.33333333332803,68.00000000000892,2.0382310498255296,17.17212804158515,,15.666666666666616,10.833333333333218
Fm227,105.6666666666683,133.99999999999469,48.000000000008946,2.310183902555528,,,14.333333333333284,8.999999999999883
Fm228,98.33333333333496,106.333333333328,72.0000000000089,2.6807631391683864,,,8.333333333333279,6.333333333333215
Fm232,113.66666666666829,116.66666666666136,68.00000000000892,2.569156936776693,,,10.666666666666615,5.166666666666547
Fm233,116.33333333333492,109.66666666666134,52.000000000008946,1.9258209610099988,13.883421579996606,3.549096177711451,13.666666666666618,3.3333333333332127
Fm234,140.00000000000162,106.99999999999469,64.0000000000089,,,,11.499999999999947,1.233333333333214
Fm235,130.00000000000165,134.66666666666137,54.00000000000892,2.485334946556692,15.285380363464219,,13.333333333333282,2.5666666666665487
Fm236,94.33333333333493,119.66666666666136,36.000000000008896,1.8180308449498641,17.107952117919787,2.632942705262981,13.666666666666616,9.666666666666547
Fm238,117.0000000000016,139.99999999999469,64.00000000000884,1.9793782857587199,18.81120681762681,3.3593929434528738,11.83333333333328,0.43333333333321444
Fm245,139.6666666666683,115.66666666666131,48.000000000008846,1.7641546800172472,,,16.833333333333282,3.4999999999998828
Fm246,138.33333333333493,109.6666666666613,72.00000000000882,,,,18.99999999999995,2.3333333333332167
Fm249,127.0000000000016,120.99999999999466,64.00000000000884,1.7049638506315008,,,18.333333333333282,8.999999999999885
Fm250,134.66666666666825,134.66666666666134,36.00000000000884,1.6836016439318824,16.511450767516955,3.912800196008704,17.99999999999995,4.833333333333216
Fm251,146.33333333333493,108.6666666666613,84.0000000000088,,,,11.499999999999945,1.3333333333332154
Fm255,83.00000000000152,121.33333333332797,72.00000000000882,2.9308708365753566,16.223560969034693,4.363422795507927,11.33333333333328,8.833333333333218
Fm28,144.33333333333493,117.33333333332794,36.000000000008846,,,,10.666666666666613,3.333333333333215
Fm3,140.00000000000162,118.99999999999463,60.0000000000088,2.137419559051875,,,9.499999999999947,2.1666666666665484
Fm30,140.66666666666828,113.33333333332793,84.00000000000881,,,,12.499999999999948,4.9999999999998845
Fm31,145.33333333333493,111.66666666666129,80.00000000000884,,,,10.499999999999945,0.9999999999998841
Fm321,89.66666666666826,120.6666666666613,76.00000000000887,1.5592898550724632,19.4883594512938,,10.999999999999947,8.166666666666552
Fm322,139.00000000000162,103.33333333332796,64.00000000000888,2.346287769553654,15.351224581400414,2.968221691597836,14.666666666666618,0.9999999999998841
Fm324,105.66666666666828,141.33333333332794,36.00000000000889,2.625523174369285,14.253714561462262,3.8935590979297507,12.166666666666615,9.166666666666552
Fm325,115.00000000000159,130.33333333332794,72.00000000000885,2.1824271146831573,13.10680421193427,4.0939815089494305,15.49999999999995,4.333333333333217
Fm328,111.33333333333495,130.9999999999946,52.000000000008875,2.556152172435648,14.468915939330914,4.497645003604759,12.999999999999948,3.6666666666665497
Fm332,123.0000000000016,110.33333333332791,44.000000000008846,,15.0891059239704,4.030439542089454,11.666666666666613,2.8333333333332154
Fm334,139.6666666666683,119.99999999999457,52.000000000008825,,,,12.833333333333282,0.8333333333332166
Fm336,100.66666666666826,126.66666666666126,50.0000000000088,2.3562058405923145,,,11.83333333333328,6.999999999999888
Fm337,108.66666666666828,112.3333333333279,36.000000000008775,2.751897199748848,13.189461708068709,4.3006980108637345,14.166666666666618,4.499999999999885
Fm341,114.0000000000016,117.66666666666126,36.000000000008725,2.542686449760865,15.088761011759306,3.9632035565046118,12.33333333333328,2.6666666666665515
Fm343,125.66666666666828,139.9999999999946,55.33333333334204,2.309955656840031,13.76716581980374,,10.833333333333279,3.499999999999886
Fm344,120.0000000000016,110.3333333333279,40.0000000000087,2.3066453455516753,16.48810164133694,4.119466424081226,13.49999999999995,4.333333333333219
Fm345,114.0000000000016,126.3333333333279,64.00000000000865,2.8791059583627474,,3.958870342190616,19.166666666666615,5.499999999999886
Fm346,121.33333333333495,93.99999999999454,12.000000000008663,2.95770022899092,,,,
Fm347,106.33333333333493,135.3333333333279,88.00000000000861,2.5022775847990943,10.512955983479682,3.24775040330729,14.499999999999948,7.499999999999888
Fm349,119.66666666666826,120.66666666666123,56.00000000000863,2.488444972555538,12.497230211893584,2.7397617193984822,15.49999999999995,1.4999999999998859
Fm351,117.0000000000016,132.33333333332791,84.00000000000864,2.5137746746274234,15.205609321594103,4.165173573070212,13.83333333333328,1.9999999999998872
Fm352,108.33333333333493,144.66666666666123,24.00000000000865,3.0093492143961798,15.103057861327994,3.8957941501684807,11.83333333333328,3.666666666666555
Fm354,108.66666666666828,126.99999999999453,62.00000000000861,2.599953156866929,11.393779118855658,3.606834643483766,18.666666666666618,3.1666666666665533
Fm355,110.00000000000162,123.99999999999451,52.00000000000862,2.5130941033058467,13.567890803019075,3.485704115364365,13.166666666666616,3.999999999999888
Fm356,115.66666666666826,121.66666666666117,72.00000000000861,2.517296614777527,14.6723709106444,3.3365580178846233,15.333333333333282,2.9999999999998876
Fm357,107.33333333333495,125.66666666666117,84.00000000000864,2.2075013861810753,15.711560567219921,4.158331782627778,10.833333333333279,7.333333333333224
Fm358,130.66666666666828,127.66666666666116,88.00000000000867,2.3571321566542967,15.977554639180367,3.515220585821763,11.33333333333328,4.833333333333221
Fm359,120.66666666666828,135.33333333332783,96.00000000000871,2.2322804533238543,15.793440500895054,3.532566312422015,14.333333333333282,4.999999999999888
Fm36,134.6666666666683,136.99999999999446,76.00000000000874,2.187475825817468,17.96776580810534,,10.666666666666611,2.166666666666553
Fm361,109.66666666666829,134.66666666666114,96.00000000000878,2.7843094225952867,15.782553990681834,3.707129826516018,12.666666666666615,2.499999999999887
Fm362,110.66666666666829,133.9999999999945,76.00000000000881,2.039319895098537,14.620900154113636,3.426161264541894,12.166666666666615,6.333333333333224
Fm363,111.0000000000016,129.3333333333278,44.000000000008804,2.6986507776165864,13.024508158365753,3.5873456927323972,17.499999999999954,5.49999999999989
Fm364,118.66666666666828,113.6666666666611,68.0000000000088,2.5538278606284077,14.197114626566437,3.366191188419696,15.66666666666662,3.4999999999998876
Fm365,106.66666666666828,133.3333333333278,76.00000000000881,2.408278566599053,,3.8117192656188195,14.333333333333284,8.333333333333226
Fm366,102.0000000000016,125.66666666666111,68.00000000000881,1.872087298066969,11.96755282084134,3.3036129924684254,17.666666666666618,5.166666666666554
Fm368,111.00000000000159,137.99999999999443,72.00000000000882,2.9283857789864283,13.436233202616243,3.8217954646077903,11.83333333333328,3.4999999999998868
Fm369,99.00000000000158,112.99999999999442,72.00000000000885,2.3161380814860646,14.646834055582548,3.6118022346565466,14.499999999999954,3.999999999999888
Fm370,114.66666666666825,130.33333333332777,72.00000000000885,2.212402493662941,14.641781806945666,3.318327022667403,13.833333333333284,3.666666666666555
Fm372,111.00000000000159,134.99999999999443,44.000000000008846,2.9408430434321087,,,12.166666666666616,2.499999999999887
Fm375,111.33333333333492,129.9999999999944,52.00000000000884,2.4848445002669415,15.344568570454781,4.5467482173161455,8.499999999999943,5.999999999999891
Fm376,101.3333333333349,132.33333333332777,80.00000000000884,2.365961379771184,16.226140022277697,4.40990886370721,12.666666666666618,3.833333333333221
Fm377,110.33333333333493,138.33333333332774,56.000000000008846,2.465686462603651,14.780982335408392,4.944294447831625,11.999999999999948,3.666666666666555
Fm378,104.00000000000159,145.33333333332774,60.00000000000883,2.283115085899657,,,11.99999999999995,7.833333333333225
Fm379,112.33333333333493,128.3333333333277,68.00000000000884,2.3971235444294363,15.67726103464749,4.011587132747111,8.499999999999943,4.166666666666555
Fm380,107.33333333333493,128.99999999999437,44.00000000000883,2.6950093524078094,14.661535898844265,3.3735511385777723,10.499999999999947,4.499999999999888
Fm381,105.3333333333349,143.33333333332772,60.00000000000882,2.2762907137907136,14.356973330179718,4.058332965742774,10.999999999999948,6.999999999999889
Fm382,106.00000000000158,131.99999999999434,52.00000000000882,2.7250945583071,,,12.99999999999995,4.833333333333221
Fm383,111.33333333333493,144.66666666666103,76.00000000000881,2.803679288688659,16.17431004842109,4.130465847894299,11.833333333333282,3.1666666666665533
Fm384,115.66666666666826,104.66666666666099,60.00000000000882,2.3501088198866564,15.032439867655302,3.8607610769447596,12.333333333333286,2.499999999999887
Fm387,134.66666666666828,121.66666666666099,68.00000000000882,2.0757037403609706,12.837387720743681,,12.999999999999952,1.9999999999998874
Fm388,106.66666666666826,139.3333333333277,56.00000000000882,2.714053562340701,15.426865577697619,4.761392852566668,15.333333333333286,3.4999999999998876
Fm389,113.0000000000016,104.99999999999434,74.00000000000882,2.4872623255923063,14.034364700317246,3.58440410762218,12.499999999999954,1.9999999999998872
Fm390,98.66666666666825,114.66666666666103,48.0000000000088,,,,11.333333333333286,5.49999999999989
Fm391,106.66666666666825,139.99999999999434,48.00000000000878,2.1421538467509125,13.405567804972193,3.9578962178435293,11.833333333333288,8.333333333333224
Fm392,91.00000000000156,115.666666666661,52.00000000000878,1.8473348437759929,15.010161081949736,3.7798534354853044,10.499999999999952,6.666666666666557
Fm394,99.00000000000156,127.33333333332769,80.00000000000877,2.2849924924674045,13.83396148681627,3.9662914929661306,13.166666666666622,6.999999999999891
Fm395,111.66666666666825,130.99999999999434,52.00000000000879,3.0055354693460155,15.271597862243516,3.6422771708684696,14.999999999999956,2.8333333333332202
Fm396,112.00000000000159,125.99999999999434,40.00000000000877,2.399942873148979,17.18562889099108,3.8779011563755432,14.666666666666622,3.166666666666554
Fm398,107.00000000000156,137.33333333332766,44.00000000000875,2.7571315602662887,,4.029489886309231,10.333333333333284,7.833333333333223
Fm400,109.00000000000158,133.33333333332766,76.00000000000874,2.6015140477210204,15.31904983520494,3.819132050595991,16.499999999999957,1.999999999999887
Fm401,106.33333333333489,112.33333333332766,72.00000000000877,2.599519597321271,14.925764401753604,3.705993200806502,14.333333333333288,3.4999999999998876
Fm402,106.33333333333489,138.33333333332766,56.00000000000876,2.4359183470631707,,,,
Fm403,102.3333333333349,119.99999999999432,100.00000000000875,2.3654364254675215,16.134878794352073,4.213166197132253,16.33333333333329,3.666666666666555
Fm404,111.3333333333349,135.99999999999432,44.00000000000878,2.354358206011232,14.333326339721541,4.273423038518001,11.333333333333286,2.3333333333332216
Fm405,116.00000000000156,142.99999999999432,54.000000000008775,2.6945445025116253,16.284625371297064,4.3834799875994594,12.999999999999952,5.666666666666555
Fm406,100.66666666666822,115.66666666666097,36.00000000000876,2.571536202629408,13.483076095580918,4.05366288072321,12.333333333333286,6.999999999999889
Fm407,104.33333333333489,117.9999999999943,66.00000000000875,2.5326957498348097,13.203465143839379,3.975012512428622,16.16666666666662,8.83333333333322
Fm409,110.00000000000156,128.33333333332766,44.00000000000875,2.607627789396596,15.779368400573592,4.022881072772582,17.666666666666618,3.833333333333219
Fm41,142.33333333333493,114.9999999999943,64.00000000000873,2.2899479256175796,16.700402259826518,,12.999999999999952,2.566666666666553
Fm410,107.66666666666825,136.33333333332766,72.00000000000874,2.67641195495932,16.564095815022647,3.725372971354837,,
Fm411,108.66666666666825,123.99999999999432,60.00000000000875,2.674047736433521,13.788757642110049,3.765912787967065,18.666666666666618,8.166666666666554
Fm412,106.33333333333492,122.33333333332764,44.00000000000874,2.493929326980036,,,12.499999999999952,3.499999999999885
Fm413,110.66666666666823,113.666666666661,56.00000000000873,2.799824509906711,15.325249354044457,4.082173058283769,13.833333333333286,2.9999999999998863
Fm414,96.6666666666682,126.99999999999434,80.00000000000874,2.1512265348466784,,,13.16666666666662,5.833333333333221
Fm415,98.33333333333488,136.99999999999432,76.00000000000875,1.8063183136578085,18.028011957804218,4.415937015273258,9.833333333333284,3.6666666666665537
Fm416,113.00000000000158,134.33333333332766,92.00000000000877,2.432798393573514,15.760430335998391,3.636244975914821,13.333333333333286,4.83333333333322
Fm417,133.0000000000016,122.33333333332766,64.00000000000878,2.383070752597044,19.05569585164374,4.039350113329766,9.166666666666618,1.9999999999998868
Fm418,116.00000000000155,110.99999999999433,92.00000000000881,2.6267653726531934,15.738319079081075,3.5401142963720162,12.333333333333284,2.233333333333221
Fm419,95.00000000000155,118.99999999999433,64.00000000000882,1.9209571204863218,13.805072148640809,3.200322211914948,10.833333333333282,4.333333333333222
Fm420,107.66666666666822,135.33333333332766,80.00000000000882,2.4405255035737494,12.466530799865582,3.155091749423409,,
Fm421,111.00000000000159,144.33333333332766,56.00000000000883,3.004956023032182,14.285505930582543,3.200620892437006,,
Fm428,93.66666666666823,114.66666666666099,36.000000000008825,2.519014653313528,,,,
Fm429,92.33333333333488,133.33333333332763,76.00000000000881,2.31184541598628,16.107912063598494,3.3511397236644096,,
Fm43,143.3333333333349,99.99999999999432,68.00000000000881,1.8471211099876423,,,10.66666666666662,3.333333333333221
Fm44,122.3333333333349,116.99999999999432,68.00000000000881,2.030767062289265,19.11905161539699,,10.833333333333286,3.666666666666555
Fm442,105.00000000000158,122.33333333332767,76.00000000000882,2.4050799271704273,15.001578648884948,3.630698708230196,,
Fm443,101.33333333333492,117.33333333332766,64.00000000000882,2.0606434268756058,13.385948816935079,3.8422639409276464,,
Fm444,113.00000000000156,106.66666666666099,104.00000000000884,2.276436993200228,,,,
Fm446,114.00000000000159,137.33333333332766,88.00000000000887,2.430802355210156,13.512921015421407,3.0857732468376726,,
Fm45,136.0000000000016,113.33333333332767,60.00000000000889,,,,10.833333333333288,1.333333333333221
Fm458,141.33333333333493,129.33333333332763,88.00000000000888,,,,,
Fm46,128.66666666666828,120.66666666666099,88.00000000000891,,,,11.33333333333329,4.333333333333222
Fm461,91.66666666666823,119.99999999999432,68.00000000000891,2.038716228383368,14.564233144124204,,,
Fm463,149.0000000000016,118.99999999999432,88.00000000000892,,,,,
Fm464,129.66666666666825,113.666666666661,56.00000000000895,,,,,
Fm468,138.00000000000156,120.666666666661,36.00000000000895,,,,,
Fm474,152.33333333333493,129.66666666666097,48.00000000000893,1.8685184421377634,16.43027464548733,3.952180440550732,,
Fm475,107.3333333333349,110.666666666661,80.00000000000891,3.190296402588512,13.649221738179385,4.686762157602536,,
Fm476,106.66666666666822,108.33333333332767,68.00000000000892,3.1875602149546323,13.793580055236673,4.017665783499505,,
Fm477,109.33333333333489,132.33333333332766,32.00000000000893,2.8487303486497697,12.174354871113954,3.2905300407902525,,
Fm478,111.00000000000155,144.3333333333277,100.66666666667558,1.9523804036667336,,,,
Fm480,112.00000000000153,124.33333333332766,68.00000000000894,2.1975604288499038,12.92977174123114,4.136377154481055,,
Fm482,108.33333333333488,146.33333333332766,80.00000000000892,1.8450123712673696,13.265347162882346,4.097714222249155,,
Fm484,99.33333333333486,108.99999999999432,42.00000000000896,2.8997163157903056,13.86881097157782,4.587338445714542,,
Fm489,94.33333333333488,138.666666666661,64.00000000000892,2.500699233319521,13.085368156432963,2.425977334672713,,
Fm491,109.66666666666822,113.99999999999436,48.000000000008946,2.9269416782501025,,3.8167802045689103,,
Fm492,118.00000000000155,144.99999999999434,80.00000000000891,,13.6337467829385,3.868709775885482,,
Fm496,93.66666666666822,131.99999999999432,52.000000000008946,,,,,
Fm505,136.66666666666822,106.66666666666099,64.00000000000892,,,,,
Fm507,107.33333333333489,96.33333333332769,32.00000000000894,,,,,
Fm510,138.33333333333488,120.666666666661,52.00000000000892,1.389027927012997,,,,
Fm518,105.00000000000155,125.666666666661,52.00000000000891,2.153094487959542,11.523692131042338,3.023637109317325,,
Fm519,104.00000000000155,113.33333333332767,72.00000000000888,2.217707336239247,13.304966290791691,3.127721331719793,,
Fm522,118.00000000000153,137.33333333332763,80.0000000000089,1.4445615451600942,,,,
Fm523,91.33333333333486,137.9999999999943,96.0000000000089,2.680877258901415,15.259088834126654,3.083624660245448,,
Fm524,101.00000000000155,127.9999999999943,68.00000000000892,2.847895905925886,15.380965232848988,3.859759984169459,,
Fm537,104.33333333333489,132.66666666666097,80.00000000000894,1.7099894834585136,16.341658274332545,4.083628795890944,,
Fm54,159.6666666666682,108.33333333332764,64.00000000000894,,,,8.499999999999952,1.4999999999998883
Fm55,139.66666666666822,137.33333333332763,92.00000000000892,,,,11.999999999999956,2.6666666666665555
Fm552,107.66666666666822,109.66666666666097,76.00000000000895,,,,,
Fm559,143.33333333333488,127.33333333332766,68.00000000000898,,,,,
Fm56,140.3333333333349,133.66666666666094,68.00000000000897,1.969271994347798,,,10.499999999999954,4.166666666666556
Fm560,84.00000000000156,87.33333333332766,80.00000000000898,,16.211385091145694,4.227331945333679,,
Fm566,106.66666666666823,110.33333333332763,72.00000000000898,2.4997602190411925,17.45218849182115,4.97950709255046,,
Fm569,84.66666666666822,119.9999999999943,68.000000000009,2.8399231891658734,15.605604489644232,4.080184514401703,,
Fm57,183.0000000000016,93.99999999999434,82.000000000009,,,,,
Fm573,142.00000000000156,106.666666666661,100.00000000000897,,,,,
Fm585,105.33333333333488,127.33333333332767,20.000000000009067,2.259441007644237,15.316801706949732,5.401730578824801,,
Fm589,107.33333333333489,116.66666666666102,96.00000000000898,2.2677186949632655,14.010453542073432,4.003612703941505,,
Fm590,88.66666666666822,89.33333333332769,96.00000000000901,2.256409897740905,16.34437179565416,4.34801171612144,,
Fm592,91.6666666666682,85.33333333332769,88.00000000000904,2.7920763724228275,18.877307256062682,4.9730195656777045,,
Fm595,161.33333333333485,124.3333333333277,80.00000000000905,,,,,
Fm597,143.33333333333485,131.3333333333277,82.00000000000907,,,,,
Fm599,143.66666666666816,120.99999999999436,84.00000000000908,,,,,
Fm600,123.33333333333485,117.99999999999439,72.00000000000911,2.8354500233751865,15.682194391886254,3.8833542825705876,,
Fm601,138.00000000000153,127.66666666666106,100.0000000000091,2.3462373640923806,16.48850727081285,,,
Fm603,93.00000000000153,116.99999999999436,48.00000000000915,2.300003857608554,16.207182566324732,4.585404461622471,,
Fm609,84.33333333333486,94.66666666666104,52.000000000009145,,,,,
Fm610,114.33333333333483,113.33333333332772,84.00000000000914,2.3615168758921334,19.80735270182278,4.535146520976712,,
Fm611,109.0000000000015,107.66666666666104,112.00000000000914,2.4661774334236894,19.068961461384948,4.38934167691335,,
Fm612,107.66666666666818,98.99999999999439,68.00000000000918,2.4267944057439617,17.736089070637885,4.640223888843342,,
Fm614,130.66666666666816,132.99999999999437,88.00000000000918,1.9502718615428052,16.398255030313983,3.6350805841404945,,
Fm615,108.33333333333485,139.9999999999944,80.0000000000092,1.8308917671496323,19.161219914754092,4.2184080370227175,,
Fm616,106.66666666666819,108.99999999999439,92.00000000000918,2.7762095081618026,17.70639165242499,4.2512442154569605,,
Fm620,91.66666666666816,103.99999999999439,88.00000000000921,1.6869214425538779,,,,
Fm621,103.66666666666818,133.66666666666106,76.00000000000922,2.8894079808679756,14.564057032267112,3.8684816867100476,,
Fm63,159.33333333333482,99.99999999999442,68.00000000000924,,,,10.333333333333288,1.333333333333223
Fm65,125.66666666666816,141.9999999999944,92.00000000000922,,19.79157002766913,,11.33333333333329,1.3999999999998907
Fm74,158.66666666666816,115.66666666666107,56.00000000000926,,,,9.999999999999954,0.9999999999998911
Fm78,134.0000000000015,108.99999999999442,32.00000000000925,2.2720248483267946,20.0022614796955,3.8191224242427486,10.166666666666622,6.666666666666559
Fm79,145.66666666666816,113.66666666666106,40.00000000000923,,,,9.16666666666662,2.166666666666558
Fm81,139.0000000000015,125.66666666666106,76.00000000000921,,,,10.999999999999954,1.4999999999998916
Fm83,145.33333333333485,107.9999999999944,52.00000000000922,,,,11.499999999999954,2.666666666666559
Fm84,155.00000000000153,114.33333333332774,72.00000000000921,,,,8.66666666666662,1.3333333333332262
Fm86,145.33333333333485,124.33333333332773,72.0000000000092,1.1541573740999282,,,8.333333333333288,1.4999999999998928
Fm87,157.0000000000015,115.9999999999944,48.00000000000921,,,,9.166666666666622,1.2333333333332275
Fm88,140.6666666666682,104.99999999999439,54.0000000000092,,,,10.499999999999956,3.9999999999998948
Fm91,156.6666666666682,117.66666666666107,64.0000000000092,,,,9.833333333333288,0.5999999999998948
Fm96,156.00000000000153,87.66666666666104,108.0000000000092,,,,9.83333333333329,3.1666666666665617
Fm97,139.66666666666816,122.99999999999439,68.00000000000921,,,,11.333333333333291,2.3333333333332296
Fm13,,127.33333333332808,84.00000000001096,,,,,
Fm142,,99.99999999999459,78.00000000000995,,,,,
Fm157,,100.99999999999466,76.00000000000972,,,,,
Fm161,,86.9999999999947,108.00000000000973,,,,,
Fm39,,103.33333333332767,36.00000000000881,,,,,
Fm60,,112.99999999999436,76.00000000000908,,,,,
