genotype,dtf,height_cm,plants_m2,number_of_tillers,days_to_harvest,normalized_difference_vegetation_index,fluorescence,protein_pct
Fm134,110.33333333322236,47.999999999980034,7.1584837675165804,24.50000000003309,173.99999999999062,0.6499999999995486,0.4516666666666045,
Fm170,136.83333333333235,108.99999999999932,22.09359895838427,2.3333333333333934,178.66666666666575,0.5749999999999916,0.586666666666663,
Fm173,129.16666666666558,104.8333333333326,45.158483767509104,9.166666666666725,186.3990794597625,0.6966666666666586,0.6666666666666631,
Fm174,139.16666666666555,91.83333333333256,24.09359895838427,6.666666666666723,180.71717875978558,0.7349999999999918,0.6749999999999963,
Fm176,127.99999999999886,94.66666666666589,19.15848376750911,4.000000000000053,186.99999999999892,0.501666666666658,0.3983333333333292,
Fm181,80.99999999999886,95.99999999999922,74.49181710084244,3.6666666666667176,127.16666666666558,0.6299999999999917,0.6683333333333297,14.619999918334113
Fm185,120.83333333333226,106.16666666666589,59.48677074063651,0.8333333333333806,183.33333333333238,0.423333333333325,0.4133333333333294,
Fm190,97.49999999999892,109.66666666666588,54.491817100842454,1.1666666666667114,148.99999999999903,0.6583333333333253,0.7116666666666629,14.749166584997669
Fm193,96.83333333333229,95.4999999999992,77.01026562505092,1.1666666666667083,147.3333333333324,0.5983333333333254,0.6266666666666629,15.478333333333367
Fm194,98.16666666666565,85.99999999999919,18.420758116245473,1.666666666666706,155.9999999999991,0.599999999999992,0.6233333333333296,14.753333251664337
Fm195,106.33333333333233,129.99999999999918,59.15848376750911,3.6827313804998775e-14,157.1666666666658,0.644999999999992,0.7083333333333297,18.204999918331005
Fm203,85.66666666666566,102.66666666666583,34.09359895838426,5.000000000000034,131.66666666666583,0.644999999999992,0.6816666666666629,12.862499918331007
Fm208,129.66666666666572,100.66666666666583,12.666666666666766,0.5000000000000326,182.33333333333252,0.6166666666666587,0.6083333333333295,
Fm214,91.33333333333235,103.83333333333249,60.42693229171758,3.000000000000033,135.9999999999992,0.644999999999992,0.7616666666666632,13.675000000000033
Fm215,75.66666666666569,125.1666666666658,84.82515043417581,1.5000000000000315,122.9999999999992,0.5966666666666587,0.7683333333333295,14.27666658499767
Fm216,105.01535554392211,92.98603772183941,4.333333333333439,0.7818684256019085,161.23230914709256,0.6207514231741673,0.7119233518137105,
Fm219,72.99999999999903,106.83333333333249,90.66666666666669,4.00000000000003,121.64223549740191,0.5899999999999919,0.7533333333333296,12.1966665561275
Fm221,106.16666666666572,102.1666666666658,29.333333333333435,1.3333333333333637,153.8333333333326,0.6133333333333253,0.6549999999999964,13.826666666666698
Fm225,82.3333333333324,102.1666666666658,88.42693229171758,3.6666666666666954,129.4999999999993,0.5949999999999921,0.6249999999999962,13.425833251664335
Fm227,107.99999999999909,97.99999999999913,8.33333333333345,2.333333333333363,173.49999999999935,0.5283333333333253,0.5933333333333297,
Fm233,115.66666666666575,100.49999999999915,37.000000000000085,0.16666666666669436,184.99999999999932,0.5733333333333253,0.5366666666666629,17.533333222794163
Fm235,127.66666666666575,103.6666666666658,24.4269322917176,1.3333333333333603,181.4999999999993,0.5966666666666587,0.4849999999999961,
Fm236,94.99999999999906,121.49999999999912,58.26026562505092,0.6666666666666936,146.49999999999926,0.5983333333333254,0.6733333333333296,15.905707535742035
Fm238,119.8333333333324,110.83333333333246,33.49181710084243,3.6666666666666936,184.3838454264526,0.44333333333332525,0.5549999999999962,
Fm249,133.16666666666572,116.99999999999912,49.15848376750911,0.16666666666669328,184.8990794597628,0.6316666666666588,0.6599999999999961,
Fm250,130.9999999999991,126.16666666666576,,0.33333333333335846,184.99999999999926,0.6166666666666589,0.656666666666663,
Fm3,140.8333333333324,109.99999999999912,61.593598958384234,2.5000000000000258,180.83333333333258,0.6816666666666589,0.6799999999999963,
Fm321,90.49999999999903,93.33333333333243,25.325150434175775,3.5000000000000258,138.33333333333255,0.6949999999999921,0.7483333333333295,15.6816666666667
Fm322,125.16666666666572,102.83333333333246,25.158483767509097,0.33333333333335824,181.49999999999923,0.6849999999999921,0.6483333333333295,
Fm337,102.83333333333238,93.99999999999912,9.666666666666767,0.33333333333335674,160.1666666666659,0.574999999999992,0.5983333333333294,17.240000000000034
Fm341,106.99999999999903,102.16666666666578,62.093598958384234,3.000000000000024,160.9999999999992,0.6866666666666588,0.6566666666666628,14.096666584997669
Fm343,121.66666666666572,127.33333333333243,56.49181710084244,1.3333333333333581,184.49999999999923,0.6383333333333254,0.6516666666666628,
Fm344,120.33333333333238,88.16666666666578,12.666666666666764,1.000000000000024,182.83333333333258,0.44833333333332537,0.3483333333333293,
Fm345,112.83333333333238,106.66666666666578,17.491817100842432,2.333333333333357,173.98241279309605,0.664999999999992,0.6633333333333296,
Fm346,116.0433215988507,94.17693272048882,2.825150434175751,0.4897538608042239,182.64898525737686,0.5013931340505988,0.4939238354511044,
Fm347,100.99999999999903,102.83333333333246,35.42693229171759,1.000000000000023,154.33333333333252,0.6283333333333253,0.666666666666663,13.287499918331001
Fm349,108.6666666666657,113.83333333333243,25.491817100842432,1.6666666666666898,169.4999999999992,0.6833333333333254,0.6899999999999964,14.546666556127498
Fm351,112.83333333333238,106.49999999999912,39.260265625050934,1.8333333333333564,180.16666666666583,0.5766666666666587,0.641666666666663,16.751666556127496
Fm352,105.29332142179871,106.17693272048882,6.588552598178323,2.163640116010081,161.71707511378236,0.6307607878586308,0.6059510199280667,
Fm354,107.33333333333238,110.33333333333243,32.15848376750909,0.6666666666666888,171.6666666666659,0.6266666666666587,0.6183333333333296,14.454999889460835
Fm355,107.83333333333235,94.16666666666578,32.92693229171759,1.0000000000000229,162.9999999999992,0.6266666666666587,0.6583333333333297,15.350833251664335
Fm356,113.16666666666569,104.16666666666578,35.825150434175754,0.3333333333333551,182.30890216406866,0.5366666666666586,0.5649999999999962,17.2823740918695
Fm358,120.83333333333235,105.49999999999912,76.09233962874276,1.6666666666666894,182.66666666666586,0.5016666666666586,0.4749999999999962,
Fm359,113.66666666666569,108.83333333333245,30.426932291717605,1.1666666666666887,172.16666666666586,0.6199999999999921,0.5849999999999961,18.98987412073967
Fm36,114.99999999999903,111.49999999999912,46.42693229171759,3.8333333333333544,177.6666666666659,0.42666666666665864,0.5033333333333294,
Fm361,103.0833332825692,107.32048647934144,52.82515043417577,1.1405916167895023,154.49999999999918,0.6705044352065994,0.7182111187791224,18.504999918331006
Fm363,112.16666666666568,112.16666666666578,28.9269322917176,1.1666666666666887,165.16666666666583,0.6316666666666587,0.6699999999999962,14.319999889460725
Fm364,119.499999999999,94.33333333333246,9.666666666666764,0.5000000000000202,178.64907945976267,0.5766666666666588,0.5749999999999962,
Fm365,103.16666666666569,104.99999999999913,,0.8333333333333548,163.83333333333252,0.574999999999992,0.6633333333333296,15.501666584997674
Fm366,101.66666666666569,94.49999999999913,41.17693229171759,0.3333333333333537,158.99999999999918,0.6799999999999919,0.6949999999999962,14.631666666666701
Fm368,101.33333333333235,105.83333333333245,10.000000000000087,1.5000000000000213,172.46717875978595,0.5716666666666588,0.5949999999999962,16.534874120739673
Fm369,107.66666666666569,78.99999999999913,3.0935989583842525,1.166666666666687,169.99999999999918,0.6166666666666587,0.6399999999999963,15.893333222794059
Fm370,114.66666666666569,108.49999999999912,37.593598958384256,2.1666666666666874,177.6666666666659,0.4866666666666588,0.4883333333333294,
Fm372,109.83333333333235,94.99999999999912,28.58742478291215,4.166666666666687,164.1666666666659,0.6566666666666587,0.6799999999999962,15.926666584997673
Fm375,106.999999999999,110.83333333333246,80.66666666666673,2.8333333333333544,160.33333333333252,0.6216666666666587,0.6133333333333295,16.215833251664343
Fm376,103.49999999999902,107.49999999999913,40.76026562505092,1.8333333333333546,157.83333333333252,0.6166666666666587,0.5383333333333296,16.173333251664342
Fm377,108.66666666666568,102.99999999999913,90.1584837675091,1.6666666666666878,165.1666666666659,0.6799999999999919,0.6883333333333295,16.73237409186939
Fm378,99.99999999999902,110.66666666666579,,2.6666666666666874,163.1666666666659,0.589999999999992,0.5566666666666629,20.359999889460724
Fm379,104.33333333333235,101.66666666666582,29.08855259817833,4.166666666666687,157.88384542645258,0.6966666666666588,0.669999999999996,16.359166584997674
Fm380,109.99999999999902,105.1666666666658,34.000000000000085,1.8333333333333548,167.16666666666586,0.594999999999992,0.6183333333333295,16.707499918331006
Fm381,101.66666666666569,111.83333333333246,,1.3333333333333552,158.33333333333252,0.6466666666666587,0.6099999999999961,14.636666556127391
Fm382,104.16666666666569,90.16666666666582,14.760265625050938,6.333333333333355,157.9999999999992,0.6749999999999919,0.6866666666666629,14.46749991833101
Fm384,117.83333333333235,84.99999999999915,26.426932291717605,1.6666666666666885,184.9999999999992,0.5216666666666585,0.4633333333333295,17.60499988946072
Fm387,124.499999999999,100.1666666666658,41.825150434175775,1.5000000000000222,186.53047751023718,0.5833333333333253,0.6716666666666629,
Fm388,106.999999999999,101.1666666666658,8.92693229171759,4.666666666666689,166.99999999999918,0.6083333333333252,0.5749999999999962,16.139166584997675
Fm389,119.83333333333233,81.49999999999915,34.09359895838427,1.333333333333355,182.49999999999918,0.5083333333333253,0.5016666666666627,17.05666655612739
Fm391,101.999999999999,101.33333333333249,7.093598958384258,2.166666666666688,161.99999999999918,0.6466666666666586,0.6699999999999962,17.040000000000035
Fm392,92.83333333333232,98.49999999999915,33.00000000000008,4.333333333333354,140.66666666666583,0.6366666666666586,0.7549999999999962,13.516666666666698
Fm394,100.83333333333235,92.83333333333249,14.158483767509102,4.166666666666688,160.12464829049875,0.5933333333333253,0.6376176865947333,16.544999918331005
Fm395,109.999999999999,111.99999999999912,,2.1666666666666883,165.4999999999992,0.6716666666666586,0.6713333333333296,15.991666556127392
Fm396,112.16666666666568,90.49999999999915,9.926932291717595,5.166666666666689,167.83333333333252,0.6416666666666586,0.6716666666666629,
Fm398,106.04332137103552,93.91408586649789,3.4918171008424244,2.473924950122838,160.19264394451844,0.5887652230652379,0.6074954720405262,16.46987412073967
Fm400,107.33333333333235,100.99999999999915,23.59359895838427,1.8333333333333552,166.83333333333252,0.6666666666666587,0.7333333333333294,15.06833325166434
Fm401,99.83333333333235,94.66666666666582,52.08855259817831,0.8333333333333548,157.33333333333252,0.6016666666666586,0.6699999999999962,17.003333333333366
Fm402,99.33333333333232,105.66666666666583,65.82515043417575,2.3333333333333552,150.33333333333252,0.684999999999992,0.7116666666666628,14.234999918331006
Fm404,107.74999987371018,105.96092490075054,,1.4499613050831848,162.8272869923587,0.6605298852680824,0.6796493990311643,15.179961962334833
Fm405,108.33333333333235,114.33333333333246,62.82515043417578,2.3333333333333552,169.16666666666583,0.6016666666666586,0.649999999999996,16.68237412073967
Fm406,101.83333333333235,98.16666666666583,20.15848376750911,0.6666666666666886,157.33333333333252,0.6083333333333254,0.664999999999996,15.369999918331008
Fm407,99.33333333333235,102.1666666666658,25.66666666666675,0.5000000000000216,156.16666666666583,0.6799999999999919,0.6849999999999961,15.439166584997672
Fm41,124.33333333333235,98.49999999999913,62.49181710084243,4.833333333333355,183.83333333333252,0.6866666666666585,0.689999999999996,15.439874091869388
Fm410,109.66666666666568,105.49999999999915,37.09359895838425,1.3333333333333555,170.9755688307353,0.6583333333333253,0.614999999999996,16.521666584997675
Fm411,101.499999999999,97.33333333333249,35.9269322917176,1.6666666666666887,157.83333333333252,0.6883333333333252,0.629999999999996,15.652499918331003
Fm412,99.99999999999902,84.66666666666582,30.000000000000078,4.666666666666689,152.16666666666586,0.634999999999992,0.6533333333333293,14.254999918331006
Fm413,108.66666666666569,95.49999999999915,36.42693229171758,4.500000000000021,163.83333333333252,0.6533333333333253,0.664999999999996,17.26583325166434
Fm414,99.33333333333235,97.49999999999915,28.000000000000078,0.5000000000000213,150.4999999999992,0.5566666666666586,0.6366666666666627,16.754999918331002
Fm415,98.16666666666569,96.49999999999915,22.1584837675091,4.333333333333356,148.99999999999918,0.6116666666666588,0.6533333333333293,15.281666584997673
Fm416,111.999999999999,107.66666666666582,28.926932291717588,1.6666666666666883,173.83333333333252,0.5983333333333254,0.5299999999999959,
Fm417,121.16666666666568,105.83333333333249,46.00000000000007,3.0000000000000226,183.66666666666586,0.5833333333333255,0.46999999999999587,
Fm418,119.999999999999,91.99999999999918,51.00000000000007,0.8333333333333546,181.33333333333252,0.6316666666666587,0.6516666666666626,23.06507577258278
Fm419,93.66666666666568,96.99999999999916,42.82515043417577,2.500000000000022,143.9999999999992,0.6466666666666587,0.7149999999999959,14.036666666666697
Fm420,103.999999999999,96.49999999999918,16.82515043417577,0.16666666666668775,157.05051209311927,0.6366666666666587,0.7016666666666626,16.15833322279405
Fm421,113.16666666666568,110.49999999999915,,1.8333333333333552,176.9999999999992,0.5166666666666587,0.5349999999999959,15.774874091869389
Fm428,94.33333333333235,87.66666666666583,18.158483767509104,5.500000000000024,147.30051209311927,0.6666666666666587,0.709999999999996,14.068333251664336
Fm429,95.83333333333235,130.99999999999915,22.49181710084244,0.3333333333333546,146.4999999999992,0.6699999999999919,0.6783333333333292,16.118333333333364
Fm43,126.16666666666569,92.66666666666583,55.09359895838425,4.000000000000023,182.33333333333252,0.6866666666666588,0.6083333333333294,
Fm44,111.83333333333235,98.66666666666583,80.15848376750913,3.8333333333333566,174.9999999999992,0.6516666666666586,0.6183333333333292,18.963333222794052
Fm442,111.16666666666569,87.83333333333249,29.09359895838426,1.1666666666666885,168.16666666666583,0.6266666666666587,0.539999999999996,16.509166584997665
Fm443,104.37665475513202,96.67693272048888,,3.4969734493434164,164.05040844711567,0.5540941211919641,0.6151176865947332,
Fm444,113.499999999999,98.49999999999916,52.92693229171758,0.33333333333335535,171.9999999999992,0.6216666666666586,0.5866666666666627,19.55999988946072
Fm446,106.999999999999,112.16666666666583,32.76026562505091,1.1666666666666883,164.83333333333252,0.674999999999992,0.704999999999996,14.291666556127389
Fm458,146.33333333333235,117.16666666666583,57.92693229171756,0.33333333333335435,180.6666666666659,0.684999999999992,0.7033333333333294,
Fm464,110.499999999999,101.33333333333252,52.4269322917176,4.500000000000023,181.4999999999992,0.6066666666666587,0.5166666666666628,20.07007574371249
Fm474,105.999999999999,102.33333333333249,51.42075811624548,2.666666666666689,158.33333333333252,0.499999999999992,0.4983333333333293,21.781666666666702
Fm475,101.33333333333235,101.79425823408391,36.825150434175775,1.1666666666666878,155.4939536590254,0.6788632186014159,0.722149399031164,15.146666584997671
Fm477,113.499999999999,108.49999999999915,12.260265625050927,2.000000000000022,184.66666666666583,0.44666666666665866,0.34833333333332916,
Fm478,113.499999999999,116.83333333333249,30.49181710084244,2.3333333333333557,167.49999999999915,0.669999999999992,0.6016666666666627,
Fm480,114.83333333333235,112.99999999999915,,0.8333333333333548,175.4999999999992,0.489999999999992,0.5333333333333294,20.30737412073967
Fm482,117.999999999999,108.83333333333249,50.3333333333334,1.3333333333333555,169.49999999999915,0.5716666666666588,0.6199999999999959,15.50737412073967
Fm484,106.33333333333232,101.49999999999918,32.15848376750911,1.1666666666666887,166.66666666666583,0.6616666666666586,0.7333333333333292,
Fm489,99.66666666666566,124.66666666666582,21.666666666666742,1.0000000000000213,153.66666666666583,0.579999999999992,0.629999999999996,16.1648742024087
Fm491,105.49999999999899,89.66666666666585,14.426932291717602,1.3333333333333541,162.8333333333325,0.5533333333333254,0.5816666666666626,16.679040869075365
Fm492,106.49999999999898,122.40381981267487,44.76026562505091,1.666666666666688,160.33333333333246,0.6699999999999919,0.6699999999999959,15.137374091869393
Fm496,94.49999999999898,131.16666666666583,21.491817100842432,1.0000000000000213,144.99999999999912,0.6299999999999919,0.674999999999996,14.409999918331005
Fm505,118.33333333333235,99.16666666666583,50.760265625050906,0.8333333333333544,183.99999999999915,0.6799999999999919,0.7083333333333295,16.307575772582776
Fm507,112.16666666666566,54.833333333332554,19.76026562505093,14.833333333333357,167.69714417690386,0.5083333333333253,0.3916666666666627,
Fm510,131.49999999999898,118.49999999999915,28.1584837675091,2.0591387571098923e-14,182.3333333333325,0.6799999999999919,0.6666666666666625,
Fm518,101.16666666666566,100.49999999999916,63.00000000000006,4.333333333333356,153.16666666666583,0.6533333333333253,0.6666666666666627,11.2566666666667
Fm519,113.33333333333232,101.49999999999916,22.158483767509097,3.833333333333356,164.3333333333325,0.6266666666666587,0.629999999999996,18.15999988946072
Fm522,111.83333333333232,103.33333333333249,23.491817100842432,5.16666666666669,178.16666666666583,0.5299999999999921,0.509999999999996,
Fm523,94.83333333333233,131.99999999999915,34.158483767509104,0.5000000000000209,145.1666666666658,0.6333333333333253,0.6933333333333294,15.568333333333369
Fm524,99.49999999999899,103.1666666666658,75.42693229171758,5.000000000000023,153.6666666666658,0.6566666666666587,0.674999999999996,13.470000000000034
Fm537,102.99999999999899,109.6666666666658,95.26026562505089,2.666666666666689,161.9755688307353,0.6033333333333253,0.6399999999999961,17.3516666666667
Fm552,99.49999999999899,91.49999999999915,22.760265625050927,4.333333333333357,160.3333333333325,0.6216666666666587,0.5999999999999961,15.156666556127394
Fm56,138.83333333333235,110.49999999999915,77.1584837675091,6.333333333333359,182.49999999999915,0.6216666666666587,0.6333333333333295,
Fm560,82.66666666666568,65.16666666666585,22.260265625050927,22.833333333333357,128.66666666666583,0.614999999999992,0.7049999999999961,12.339999918331007
Fm566,101.66666666666568,91.33333333333249,89.66666666666673,12.500000000000025,155.49999999999915,0.5833333333333254,0.709999999999996,14.889166584997671
Fm569,82.33333333333235,86.33333333333249,74.49181710084244,21.333333333333364,128.96707511378224,0.6466666666666587,0.6883333333333294,12.18333322279406
Fm585,101.54768978502057,117.17511318174563,8.333333333333414,7.0544635440037995,159.04886233852727,0.6327727199818922,0.7019217517538625,15.175075772582778
Fm589,75.16666666666568,103.33333333333249,32.09359895838426,4.666666666666693,121.21717875978582,0.6599999999999921,0.7733333333333294,9.864999918331003
Fm590,83.83333333333235,74.99999999999916,80.82515043417577,21.833333333333357,131.80890216406866,0.5983333333333254,0.6866666666666627,13.279999889460727
Fm592,83.83333333333235,76.66666666666583,51.825150434175775,27.50000000000003,135.66666666666583,0.6466666666666587,0.709999999999996,13.141666584997669
Fm600,116.66666666666568,95.66666666666583,42.15848376750911,4.3333333333333615,181.99999999999918,0.5383333333333254,0.6016666666666628,
Fm601,125.499999999999,106.83333333333249,41.00000000000007,8.833333333333362,183.83333333333252,0.5416666666666587,0.5283333333333293,
Fm610,104.33333333333235,94.49999999999915,92.49181710084244,10.166666666666693,158.3333333333325,0.5416666666666587,0.5933333333333295,17.141666584997672
Fm611,100.66666666666569,89.99999999999916,105.82515043417578,11.666666666666693,153.66666666666583,0.4833333333333254,0.6116666666666628,15.989999918331005
Fm612,103.33333333333235,92.33333333333252,49.09359895838425,20.1666666666667,155.33333333333246,0.5966666666666589,0.6616666666666627,16.184999889460723
Fm614,117.999999999999,111.49999999999918,45.15848376750911,0.8333333333333621,182.3333333333325,0.5683333333333256,0.5616666666666628,
Fm615,108.499999999999,137.16666666666583,,0.6666666666666954,161.99999999999915,0.6083333333333254,0.6733333333333296,21.354999889460714
Fm616,76.16666666666569,89.83333333333249,40.26026562505092,9.666666666666696,122.6422354974019,0.6583333333333254,0.7883333333333293,12.346666584997669
Fm620,85.66666666666569,92.49999999999916,54.66666666666674,6.833333333333364,131.49999999999915,0.6733333333333256,0.669999999999996,12.51000000000003
Fm621,103.33333333333233,107.66666666666583,,4.666666666666697,157.49999999999915,0.7066666666666589,0.6783333333333295,14.736666666666698
Fm65,116.33333333333238,120.83333333333249,57.09359895838424,3.333333333333363,177.49999999999915,0.5649999999999922,0.5749999999999961,
Fm78,120.7423222280375,101.09031447241236,4.926932291717591,4.750713106407343,184.2171787597859,0.5071242884129046,0.4690383240931395,
Fm79,145.99999999999903,98.83333333333249,19.093598958384266,9.833333333333364,186.39223549740194,0.6383333333333255,0.6233333333333295,
Fm86,141.33333333333235,103.3333333333325,67.82515043417577,6.833333333333364,184.33333333333246,0.6699999999999922,0.5483333333333296,
Fm156,,96.16666666666617,30.09359895838426,1.500000000000168,,0.583333333333325,0.5716666666666637,
Fm161,,64.99999999999936,67.82515043417578,2.5000000000000933,,0.6716666666666586,0.6466666666666636,
Fm168,,91.65381981267477,25.580987578689413,0.9739249501228483,,0.6630044352065994,0.534044452112457,
Fm20,,94.49999999999916,71.3333333333334,0.6666666666667019,,0.6033333333333253,0.6049999999999962,
Fm9,,109.16666666666583,65.1584837675091,1.0000000000000306,,0.6583333333333256,0.5283333333333294,
