dataset,trait,model,SNP,Chr,Pos,P.value,minus_log10_p,bonferroni_threshold,markers_tested,MAF,nobs,Effect
2023,dtf,BLINK,SCAFFOLD_7_17136277,7,17136277,5.91550534268771e-12,11.2280081490637,5.8914535040598e-08,848687,0.12,125,9.03484194679238
2023,dtf,BLINK,SCAFFOLD_7_17097268,7,17097268,5.73947763578339e-08,7.24112763203061,5.8914535040598e-08,848687,0.024,125,7.21830364737305
2023,dtf,FarmCPU,SCAFFOLD_7_17136277,7,17136277,2.65867197566936e-23,22.5753352421888,5.8914535040598e-08,848687,0.12,125,10.87717197611
2023,dtf,FarmCPU,SCAFFOLD_8_6080159,8,6080159,1.66315558985363e-13,12.7790671202008,5.8914535040598e-08,848687,0.128,125,-1.15132215242136
2023,dtf,FarmCPU,SCAFFOLD_7_17136004,7,17136004,3.17949176465889e-13,12.4976422955641,5.8914535040598e-08,848687,0.132,125,-1.73970276876856
2023,dtf,FarmCPU,SCAFFOLD_8_6077729,8,6077729,6.78551784567969e-13,12.1684170029874,5.8914535040598e-08,848687,0.144,125,-5.85821708508546
2023,dtf,FarmCPU,SCAFFOLD_6_17566131,6,17566131,6.74497524262364e-11,10.1710196400635,5.8914535040598e-08,848687,0.052,125,-1.41806768452672
2023,dtf,FarmCPU,SCAFFOLD_5_22061824,5,22061824,9.38262612233007e-11,10.0276755890397,5.8914535040598e-08,848687,0.2,125,14.5945286327934
2023,dtf,FarmCPU,SCAFFOLD_4_19579692,4,19579692,9.52332922075218e-11,10.0212112018838,5.8914535040598e-08,848687,0.172,125,6.29130145854673
2023,dtf,FarmCPU,SCAFFOLD_2_23103649,2,23103649,5.39319018122598e-10,9.26815426482203,5.8914535040598e-08,848687,0.068,125,7.08613811527403
2023,dtf,FarmCPU,SCAFFOLD_4_19653541,4,19653541,2.36437354586344e-09,8.62628390846281,5.8914535040598e-08,848687,0.112,125,-1.03829636001242
2023,dtf,FarmCPU,SCAFFOLD_6_17599173,6,17599173,4.09643315006858e-09,8.38759412802373,5.8914535040598e-08,848687,0.056,125,-8.8240166981612
2023,dtf,FarmCPU,SCAFFOLD_5_37485238,5,37485238,5.27609509624112e-09,8.27768738533936,5.8914535040598e-08,848687,0.108,125,8.03836097753052
2023,dtf,FarmCPU,SCAFFOLD_2_2990856,2,2990856,2.28263920605663e-08,7.64156272766935,5.8914535040598e-08,848687,0.056,125,7.35917442562939
2023,height_cm,BLINK,SCAFFOLD_1_38761213,1,38761213,2.96505397234618e-12,11.5279673968431,5.8914535040598e-08,848687,0.0891472868217054,129,-9.90430418379704
2023,panicle_length_cm,BLINK,SCAFFOLD_3_47440311,3,47440311,3.90473028399145e-15,14.4084089592821,5.8914535040598e-08,848687,0.381720430107527,93,-1.83488090257769
2023,panicle_length_cm,BLINK,SCAFFOLD_3_47423528,3,47423528,9.96406801989656e-11,10.001563316406,5.8914535040598e-08,848687,0.403225806451613,93,-0.460970717932877
2023,panicle_length_cm,BLINK,SCAFFOLD_9_8442221,9,8442221,1.39303308110261e-10,9.85603857002993,5.8914535040598e-08,848687,0.435483870967742,93,1.32263651109398
2023,panicle_length_cm,BLINK,SCAFFOLD_3_47440057,3,47440057,4.35860047319687e-10,9.3606529383322,5.8914535040598e-08,848687,0.365591397849462,93,-0.31149338662455
2023,panicle_length_cm,BLINK,SCAFFOLD_3_47423965,3,47423965,9.60523655226455e-10,9.01749193511482,5.8914535040598e-08,848687,0.263440860215054,93,0.458586499361694
2023,panicle_length_cm,BLINK,SCAFFOLD_3_47420200,3,47420200,1.08453835253934e-09,8.96475508541863,5.8914535040598e-08,848687,0.236559139784946,93,0.103988811630222
2023,panicle_length_cm,BLINK,SCAFFOLD_3_47453746,3,47453746,1.16906393012395e-09,8.93216173884595,5.8914535040598e-08,848687,0.360215053763441,93,-0.0884408791280099
2023,panicle_length_cm,BLINK,SCAFFOLD_3_47446767,3,47446767,3.62558754010204e-09,8.44062160433496,5.8914535040598e-08,848687,0.349462365591398,93,-0.0398392865127553
2023,panicle_length_cm,BLINK,SCAFFOLD_3_47433021,3,47433021,4.01533221727167e-09,8.39627851659724,5.8914535040598e-08,848687,0.376344086021505,93,-0.276853353245963
2023,panicle_length_cm,BLINK,SCAFFOLD_3_47428046,3,47428046,1.92713932542335e-08,7.7150868862396,5.8914535040598e-08,848687,0.39247311827957,93,-0.142574857506036
2023,panicle_length_cm,BLINK,SCAFFOLD_3_47421587,3,47421587,2.52029399946179e-08,7.59854879457703,5.8914535040598e-08,848687,0.419354838709677,93,-0.0215387059834577
2023,pedicel_length_cm,BLINK,SCAFFOLD_6_33510626,6,33510626,1.0261087790926e-13,12.988806596675,5.8914535040598e-08,848687,0.032258064516129,93,3.13226160684369
2023,pedicel_length_cm,BLINK,SCAFFOLD_8_10301084,8,10301084,9.14433418319857e-12,11.0388479108644,5.8914535040598e-08,848687,0.0752688172043011,93,1.79423499779031
2023,pedicel_length_cm,BLINK,SCAFFOLD_7_10664898,7,10664898,6.26604398641777e-09,8.20300656078029,5.8914535040598e-08,848687,0.021505376344086,93,2.68619669081634
2023,pedicel_length_cm,BLINK,SCAFFOLD_3_39272434,3,39272434,1.564704752813e-08,7.80556759825861,5.8914535040598e-08,848687,0.0591397849462366,93,1.89996048512393
2023,pedicel_length_cm,BLINK,SCAFFOLD_8_1914271,8,1914271,1.7226761195921e-08,7.76379636660062,5.8914535040598e-08,848687,0.381720430107527,93,0.541517456502664
2023,pedicel_length_cm,FarmCPU,SCAFFOLD_8_36935954,8,36935954,1.88832244808864e-14,13.7239238440059,5.8914535040598e-08,848687,0.032258064516129,93,0.0934317967343977
2023,pedicel_length_cm,FarmCPU,SCAFFOLD_2_32565066,2,32565066,1.42724071690479e-12,11.8455027730613,5.8914535040598e-08,848687,0.043010752688172,93,0.499484475704397
2023,pedicel_length_cm,FarmCPU,SCAFFOLD_2_32479851,2,32479851,6.08158339400653e-12,11.2159833335969,5.8914535040598e-08,848687,0.021505376344086,93,4.21562749942019
2023,pedicel_length_cm,FarmCPU,SCAFFOLD_3_26817959,3,26817959,3.09072587452664e-11,10.5099395120702,5.8914535040598e-08,848687,0.408602150537634,93,3.42833865594239
2023,pedicel_length_cm,FarmCPU,SCAFFOLD_3_26719057,3,26719057,5.0419447344908e-11,10.2974019190002,5.8914535040598e-08,848687,0.0645161290322581,93,0.361794201571867
2023,pedicel_length_cm,FarmCPU,SCAFFOLD_6_30719876,6,30719876,6.59104772413302e-11,10.1810455437304,5.8914535040598e-08,848687,0.032258064516129,93,0.0617314297259665
2023,pedicel_length_cm,FarmCPU,SCAFFOLD_6_30799288,6,30799288,4.84041346027644e-09,8.31511754004003,5.8914535040598e-08,848687,0.258064516129032,93,1.15646151455776
2023,pedicel_length_cm,FarmCPU,SCAFFOLD_8_36845614,8,36845614,2.57298180616783e-08,7.58956328472197,5.8914535040598e-08,848687,0.0698924731182796,93,0.981308144596018
2023,pedicel_length_cm,MLM,SCAFFOLD_1_26518653,1,26518653,4.79401412104381e-08,7.31930069106115,5.8914535040598e-08,848687,0.0161290322580645,93,7.61931843000954
2023,pedicel_length_cm,MLM,SCAFFOLD_7_3876048,7,3876048,4.79401412104381e-08,7.31930069106115,5.8914535040598e-08,848687,0.0161290322580645,93,7.61931843000954
2023,pedicel_length_cm,MLM,SCAFFOLD_7_8340204,7,8340204,4.79401412104381e-08,7.31930069106115,5.8914535040598e-08,848687,0.0161290322580645,93,7.61931843000954
2023,pedicel_length_cm,MLM,SCAFFOLD_7_31481489,7,31481489,4.79401412104381e-08,7.31930069106115,5.8914535040598e-08,848687,0.0161290322580645,93,7.61931843000954
2023,thousand_seed_weight_g,BLINK,SCAFFOLD_1_33452294,1,33452294,4.62548432451453e-11,10.334842786503,5.8914535040598e-08,848687,0.0930232558139535,86,-0.339179571448717
2023,thousand_seed_weight_g,BLINK,SCAFFOLD_4_35189988,4,35189988,1.37593641069106e-09,8.8614016366849,5.8914535040598e-08,848687,0.0465116279069767,86,-0.319589062091457
2023,thousand_seed_weight_g,BLINK,SCAFFOLD_4_6234334,4,6234334,1.34365699085726e-08,7.87171158395368,5.8914535040598e-08,848687,0.38953488372093,86,0.119105496803891
2024_N120,days_to_harvest,BLINK,SCAFFOLD_1_22503775,1,22503775,1.96288469630893e-08,7.7071052109591,5.8914535040598e-08,848687,0.03125,80,30.3855628945779
2024_N120,days_to_harvest,FarmCPU,SCAFFOLD_1_22503775,1,22503775,2.83546784505742e-29,28.5473752733624,5.8914535040598e-08,848687,0.03125,80,49.1685444190159
2024_N120,days_to_harvest,FarmCPU,SCAFFOLD_8_30155739,8,30155739,1.15854557082629e-12,11.9360868787759,5.8914535040598e-08,848687,0.3125,80,-3.8044004371869
2024_N120,days_to_harvest,FarmCPU,SCAFFOLD_1_22505166,1,22505166,1.35612217970483e-11,10.8677011809843,5.8914535040598e-08,848687,0.03125,80,-345.011852958117
2024_N120,days_to_harvest,FarmCPU,SCAFFOLD_9_18607874,9,18607874,6.7843992501043e-10,9.16848860252387,5.8914535040598e-08,848687,0.06875,80,7.84479345735208
2024_N120,days_to_harvest,FarmCPU,SCAFFOLD_1_3690946,1,3690946,1.46299187422321e-08,7.83475808603451,5.8914535040598e-08,848687,0.3,80,-6.19724144148676
2024_N120,days_to_harvest,FarmCPU,SCAFFOLD_9_34064046,9,34064046,5.41457961054495e-08,7.26643525647318,5.8914535040598e-08,848687,0.40625,80,5.11439145955396
2024_N120,dtf,BLINK,SCAFFOLD_8_3818991,8,3818991,1.02319891921624e-20,19.9900399272654,5.8914535040598e-08,848687,0.1125,80,20.9560874625276
2024_N120,dtf,BLINK,SCAFFOLD_8_7342725,8,7342725,8.11317106104102e-14,13.0908093671033,5.8914535040598e-08,848687,0.175,80,8.12404629404555
2024_N120,dtf,BLINK,SCAFFOLD_9_13669831,9,13669831,4.07854522353028e-10,9.3894947178068,5.8914535040598e-08,848687,0.1,80,9.62185969956614
2024_N120,dtf,FarmCPU,SCAFFOLD_8_3818991,8,3818991,6.84893973708863e-19,18.1643766550728,5.8914535040598e-08,848687,0.1125,80,14.0739094247735
2024_N120,dtf,FarmCPU,SCAFFOLD_1_22503775,1,22503775,1.25915880628738e-16,15.8999194928112,5.8914535040598e-08,848687,0.03125,80,24.2684991842664
2024_N120,dtf,FarmCPU,SCAFFOLD_6_11125994,6,11125994,2.61351786009307e-15,14.5827745277019,5.8914535040598e-08,848687,0.15,80,-6.53003474220613
2024_N120,dtf,FarmCPU,SCAFFOLD_8_7342725,8,7342725,9.2854002379361e-14,13.0321993716893,5.8914535040598e-08,848687,0.175,80,5.00520977650686
2024_N120,dtf,FarmCPU,SCAFFOLD_9_32219154,9,32219154,3.92039816639039e-11,10.4066698226008,5.8914535040598e-08,848687,0.20625,80,4.65077658644981
2024_N120,dtf,FarmCPU,SCAFFOLD_8_39107500,8,39107500,2.30428236504829e-09,8.63746430386489,5.8914535040598e-08,848687,0.275,80,-2.55744206389972
2024_N120,dtf,FarmCPU,SCAFFOLD_5_28169833,5,28169833,1.39073375893927e-08,7.85675600307093,5.8914535040598e-08,848687,0.16875,80,4.24142024424358
2024_N120,dtf,FarmCPU,SCAFFOLD_6_14291395,6,14291395,1.39239515773239e-08,7.85623749571076,5.8914535040598e-08,848687,0.2,80,3.58888976614697
2024_N120,height_cm,BLINK,SCAFFOLD_8_33914787,8,33914787,2.35133830675019e-11,10.6286848807923,5.8914535040598e-08,848687,0.469135802469136,81,-5.44849569474678
2024_N120,height_cm,BLINK,SCAFFOLD_2_21670415,2,21670415,2.90781700547809e-10,9.53643292794083,5.8914535040598e-08,848687,0.0493827160493827,81,12.1157906829051
2024_N120,height_cm,BLINK,SCAFFOLD_9_35698956,9,35698956,1.79086618956535e-08,7.7469368626738,5.8914535040598e-08,848687,0.265432098765432,81,6.03327402700508
2024_N120,height_cm,FarmCPU,SCAFFOLD_9_9021917,9,9021917,5.08271507300192e-14,13.2939042353084,5.8914535040598e-08,848687,0.0925925925925926,81,9.10980801590284
2024_N120,height_cm,FarmCPU,SCAFFOLD_8_33914787,8,33914787,8.78768972686888e-13,12.056125285421,5.8914535040598e-08,848687,0.469135802469136,81,-3.90262617568121
2024_N120,height_cm,FarmCPU,SCAFFOLD_4_32564308,4,32564308,3.06129879734198e-11,10.5140942791241,5.8914535040598e-08,848687,0.209876543209877,81,-4.36086274745822
2024_N120,height_cm,FarmCPU,SCAFFOLD_1_21707198,1,21707198,7.47934117675004e-10,9.12613665559855,5.8914535040598e-08,848687,0.0987654320987654,81,-6.23103376495531
2024_N120,height_cm,FarmCPU,SCAFFOLD_3_34180972,3,34180972,9.80814871945326e-10,9.00841295763518,5.8914535040598e-08,848687,0.209876543209877,81,-12.6657876409599
2024_N120,height_cm,FarmCPU,SCAFFOLD_3_38341311,3,38341311,1.65758644658829e-08,7.78052381297008,5.8914535040598e-08,848687,0.117283950617284,81,2.15952127152132
2024_N120,height_cm,FarmCPU,SCAFFOLD_3_38281324,3,38281324,2.32335572846408e-08,7.63388429037998,5.8914535040598e-08,848687,0.271604938271605,81,4.0609166444861
2024_N120,number_of_tillers,BLINK,SCAFFOLD_8_33517935,8,33517935,9.05515169402991e-21,20.0431042698857,5.8914535040598e-08,848687,0.0493827160493827,81,3.19056598858569
2024_N120,number_of_tillers,BLINK,SCAFFOLD_4_17869260,4,17869260,3.46359707209219e-20,19.4604726361538,5.8914535040598e-08,848687,0.0308641975308642,81,4.49636827826877
2024_N120,number_of_tillers,BLINK,SCAFFOLD_3_12082128,3,12082128,8.35266514350729e-20,19.0781749290146,5.8914535040598e-08,848687,0.0246913580246914,81,5.98122413316204
2024_N120,number_of_tillers,BLINK,SCAFFOLD_8_33516269,8,33516269,3.9406463774283e-11,10.4044325357566,5.8914535040598e-08,848687,0.0432098765432099,81,0.222700582484308
2024_N120,number_of_tillers,BLINK,SCAFFOLD_4_22532145,4,22532145,6.33251257556116e-10,9.19842393908319,5.8914535040598e-08,848687,0.141975308641975,81,1.14578003231212
2024_N120,number_of_tillers,BLINK,SCAFFOLD_8_21279441,8,21279441,4.8342189664801e-09,8.31567368206649,5.8914535040598e-08,848687,0.0987654320987654,81,1.1469706143431
2024_N120,number_of_tillers,BLINK,SCAFFOLD_3_11991031,3,11991031,3.44282954680653e-08,7.46308447851921,5.8914535040598e-08,848687,0.0493827160493827,81,-0.0201172366073348
2024_N120,number_of_tillers,FarmCPU,SCAFFOLD_4_17869260,4,17869260,1.63417130364314e-49,48.7867024200634,5.8914535040598e-08,848687,0.0308641975308642,81,10.1186205270872
2024_N120,number_of_tillers,FarmCPU,SCAFFOLD_3_9637687,3,9637687,1.75623217694629e-12,11.7554180701491,5.8914535040598e-08,848687,0.0493827160493827,81,2.115156912651
2024_N120,number_of_tillers,FarmCPU,SCAFFOLD_4_17903922,4,17903922,2.03847646573543e-12,11.6906942981241,5.8914535040598e-08,848687,0.0246913580246914,81,0.540717667682462
2024_N120,number_of_tillers,FarmCPU,SCAFFOLD_9_41180314,9,41180314,6.48851767253128e-12,11.1878545081565,5.8914535040598e-08,848687,0.0493827160493827,81,1.78184861753463
2024_N120,number_of_tillers,FarmCPU,SCAFFOLD_9_53175090,9,53175090,3.642800865761e-09,8.43856456888021,5.8914535040598e-08,848687,0.141975308641975,81,-0.561449791601535
2024_N120,number_of_tillers,MLM,SCAFFOLD_4_17869260,4,17869260,6.52617312718052e-10,9.18534140937409,5.8914535040598e-08,848687,0.0308641975308642,81,11.0096945257925
2024_N120,number_of_tillers,MLM,SCAFFOLD_7_16545835,7,16545835,3.30916179084518e-09,8.48028199888621,5.8914535040598e-08,848687,0.0308641975308642,81,8.60718177376204
2024_N120,number_of_tillers,MLM,SCAFFOLD_8_39050149,8,39050149,4.97234116882597e-09,8.30343908062266,5.8914535040598e-08,848687,0.0308641975308642,81,8.37723804822325
2024_N120,number_of_tillers,MLM,SCAFFOLD_5_25977518,5,25977518,5.07546698428468e-09,8.29452399294822,5.8914535040598e-08,848687,0.037037037037037,81,9.39800353127532
2024_N120,number_of_tillers,MLM,SCAFFOLD_1_11382373,1,11382373,6.12178736902759e-09,8.21312175903494,5.8914535040598e-08,848687,0.0185185185185185,81,11.9766266570047
2024_N120,number_of_tillers,MLM,SCAFFOLD_6_8636014,6,8636014,6.12178736902759e-09,8.21312175903494,5.8914535040598e-08,848687,0.0185185185185185,81,11.9766266570047
2024_N120,number_of_tillers,MLM,SCAFFOLD_7_12448312,7,12448312,6.12178736902759e-09,8.21312175903494,5.8914535040598e-08,848687,0.0185185185185185,81,11.9766266570047
2024_N120,number_of_tillers,MLM,SCAFFOLD_8_23333916,8,23333916,6.12178736902759e-09,8.21312175903494,5.8914535040598e-08,848687,0.0185185185185185,81,11.9766266570047
2024_N120,number_of_tillers,MLM,SCAFFOLD_8_39043378,8,39043378,1.05331437995968e-08,7.97744198674017,5.8914535040598e-08,848687,0.037037037037037,81,7.8256352589741
2024_N120,number_of_tillers,MLM,SCAFFOLD_3_12082128,3,12082128,1.56673763638209e-08,7.80500372376839,5.8914535040598e-08,848687,0.0246913580246914,81,12.4357325092937
2024_N120,number_of_tillers,MLM,SCAFFOLD_7_16946630,7,16946630,2.22720573090551e-08,7.65223966456889,5.8914535040598e-08,848687,0.0493827160493827,81,6.9625637150632
2024_N120,number_of_tillers,MLM,SCAFFOLD_7_13081725,7,13081725,2.3122107509007e-08,7.63597258384067,5.8914535040598e-08,848687,0.0432098765432099,81,7.56593281321918
2024_N120,number_of_tillers,MLM,SCAFFOLD_4_19918410,4,19918410,3.41489993702308e-08,7.46662201743937,5.8914535040598e-08,848687,0.0246913580246914,81,10.2084620664334
2024_N120,number_of_tillers,MLM,SCAFFOLD_3_33333968,3,33333968,3.61304546747966e-08,7.44212657312579,5.8914535040598e-08,848687,0.481481481481481,81,-13.8250768064606
2024_N120,number_of_tillers,MLM,SCAFFOLD_7_12808312,7,12808312,3.74406753253041e-08,7.42665632640274,5.8914535040598e-08,848687,0.037037037037037,81,7.24467450201865
2024_N120,number_of_tillers,MLM,SCAFFOLD_6_8041207,6,8041207,4.11459421045932e-08,7.38567298933342,5.8914535040598e-08,848687,0.0308641975308642,81,9.44051418701756
2024_N120,number_of_tillers,MLM,SCAFFOLD_8_33517935,8,33517935,4.18065398692381e-08,7.37875577547473,5.8914535040598e-08,848687,0.0493827160493827,81,6.44120359741345
2024_N120,number_of_tillers,MLM,SCAFFOLD_8_16061545,8,16061545,4.34591794648809e-08,7.36191847767584,5.8914535040598e-08,848687,0.037037037037037,81,7.1230940309739
2024_N120,number_of_tillers,MLM,SCAFFOLD_7_12984901,7,12984901,5.80502984063689e-08,7.23619554343779,5.8914535040598e-08,848687,0.0246913580246914,81,9.70308922172639
2024_N120,number_of_tillers,MLM,SCAFFOLD_7_12143351,7,12143351,5.85946666647581e-08,7.23214191202757,5.8914535040598e-08,848687,0.0246913580246914,81,9.70212093140548
2024_N120,protein_pct,BLINK,SCAFFOLD_1_14972328,1,14972328,6.84701833682614e-16,15.1644985090581,5.8914535040598e-08,848687,0.0522388059701493,67,4.42378329539991
2024_N120,protein_pct,BLINK,SCAFFOLD_8_14790106,8,14790106,8.19991296371243e-12,11.0861907573212,5.8914535040598e-08,848687,0.0671641791044776,67,2.62207938369489
2024_N120,protein_pct,BLINK,SCAFFOLD_4_28479463,4,28479463,9.35525606060554e-12,11.0289443210249,5.8914535040598e-08,848687,0.156716417910448,67,-1.97456461929087
2024_N120,protein_pct,BLINK,SCAFFOLD_3_12586644,3,12586644,4.42935471781509e-10,9.35365953854092,5.8914535040598e-08,848687,0.111940298507463,67,-1.74620783291603
2024_N120,protein_pct,BLINK,SCAFFOLD_8_15103152,8,15103152,1.11837044513765e-08,7.95141431842532,5.8914535040598e-08,848687,0.0298507462686567,67,3.29561895791637
2024_N120,protein_pct,FarmCPU,SCAFFOLD_6_28801701,6,28801701,5.57699435056582e-18,17.2535997954438,5.8914535040598e-08,848687,0.104477611940299,67,3.17470159464105
2024_N120,protein_pct,FarmCPU,SCAFFOLD_8_15103152,8,15103152,5.64939952791707e-13,12.2479977106887,5.8914535040598e-08,848687,0.0298507462686567,67,3.96397354744978
2024_N120,protein_pct,FarmCPU,SCAFFOLD_4_9071367,4,9071367,2.13872815235489e-12,11.6698444138554,5.8914535040598e-08,848687,0.126865671641791,67,2.01283352047652
2024_N120,protein_pct,FarmCPU,SCAFFOLD_9_4627139,9,4627139,2.53411086367089e-09,8.59617438928395,5.8914535040598e-08,848687,0.0597014925373134,67,-1.71428393734604
2024_N120,protein_pct,FarmCPU,SCAFFOLD_5_18703201,5,18703201,3.45936230646084e-09,8.46100395100769,5.8914535040598e-08,848687,0.134328358208955,67,-1.55889799330196
2024_N120,protein_pct,FarmCPU,SCAFFOLD_1_37889530,1,37889530,3.72220889642852e-08,7.42919925720729,5.8914535040598e-08,848687,0.0298507462686567,67,-2.16831133897061
2024_N40,days_to_harvest,BLINK,SCAFFOLD_2_30514256,2,30514256,1.72123941400156e-08,7.76415871773275,5.8914535040598e-08,848687,0.1625,80,12.6577476460307
2024_N40,days_to_harvest,FarmCPU,SCAFFOLD_7_2121353,7,2121353,1.06755750542175e-31,30.9716087218161,5.8914535040598e-08,848687,0.06875,80,24.9905414130841
2024_N40,days_to_harvest,FarmCPU,SCAFFOLD_2_1225639,2,1225639,8.42468256112904e-13,12.0744464542011,5.8914535040598e-08,848687,0.4875,80,-4.39746153757034
2024_N40,days_to_harvest,FarmCPU,SCAFFOLD_2_14229303,2,14229303,2.07540240200511e-12,11.682897684963,5.8914535040598e-08,848687,0.4375,80,-6.20851072295423
2024_N40,days_to_harvest,FarmCPU,SCAFFOLD_7_2206801,7,2206801,5.71306278393246e-12,11.2431310032166,5.8914535040598e-08,848687,0.0625,80,0.0670047603126522
2024_N40,days_to_harvest,FarmCPU,SCAFFOLD_6_29456212,6,29456212,1.17728197308711e-09,8.92911950598463,5.8914535040598e-08,848687,0.3375,80,3.38641308149553
2024_N40,days_to_harvest,FarmCPU,SCAFFOLD_7_7058098,7,7058098,6.89518671708139e-09,8.16145396892248,5.8914535040598e-08,848687,0.075,80,-7.91838182889837
2024_N40,dtf,BLINK,SCAFFOLD_2_30514256,2,30514256,7.2158074710364e-20,19.1417150629636,5.8914535040598e-08,848687,0.1625,80,11.5229734914716
2024_N40,dtf,BLINK,SCAFFOLD_2_22584714,2,22584714,2.83862244717862e-17,16.5468923672525,5.8914535040598e-08,848687,0.04375,80,11.9682224198679
2024_N40,dtf,BLINK,SCAFFOLD_8_3818991,8,3818991,3.97050414538513e-17,16.4011543462197,5.8914535040598e-08,848687,0.1125,80,12.5109535976376
2024_N40,dtf,BLINK,SCAFFOLD_1_22503775,1,22503775,8.09340256976435e-11,10.0918688570523,5.8914535040598e-08,848687,0.03125,80,17.2320191163238
2024_N40,dtf,BLINK,SCAFFOLD_4_12203750,4,12203750,7.66923554209484e-10,9.11524792371672,5.8914535040598e-08,848687,0.1125,80,5.45384517218401
2024_N40,dtf,BLINK,SCAFFOLD_6_1024552,6,1024552,5.20918052433171e-08,7.28323059181618,5.8914535040598e-08,848687,0.25625,80,-1.97950862292951
2024_N40,dtf,FarmCPU,SCAFFOLD_8_39105946,8,39105946,5.67829021135139e-15,14.2457824149155,5.8914535040598e-08,848687,0.14375,80,4.34042758188377
2024_N40,dtf,FarmCPU,SCAFFOLD_8_3818991,8,3818991,1.97717987476597e-13,12.7039538187669,5.8914535040598e-08,848687,0.1125,80,10.0980724339946
2024_N40,dtf,FarmCPU,SCAFFOLD_1_22503775,1,22503775,5.57815318606796e-13,12.2535095634026,5.8914535040598e-08,848687,0.03125,80,19.3728635222505
2024_N40,dtf,FarmCPU,SCAFFOLD_9_22255025,9,22255025,9.73514186968262e-13,12.0116577151484,5.8914535040598e-08,848687,0.15625,80,4.59236661263974
2024_N40,dtf,FarmCPU,SCAFFOLD_7_1088019,7,1088019,5.66232947783281e-12,11.247004863646,5.8914535040598e-08,848687,0.35625,80,4.12947707550044
2024_N40,dtf,FarmCPU,SCAFFOLD_1_23130690,1,23130690,1.33708700338345e-11,10.8738403325585,5.8914535040598e-08,848687,0.13125,80,5.40644247150062
2024_N40,dtf,FarmCPU,SCAFFOLD_1_22505166,1,22505166,3.00861691806632e-11,10.521633106697,5.8914535040598e-08,848687,0.03125,80,384
2024_N40,dtf,FarmCPU,SCAFFOLD_2_30514256,2,30514256,1.00863306202355e-10,9.99626680018734,5.8914535040598e-08,848687,0.1625,80,6.12761034355501
2024_N40,dtf,FarmCPU,SCAFFOLD_8_3815529,8,3815529,2.83210018579486e-10,9.54789138750477,5.8914535040598e-08,848687,0.05,80,4.12008907114667
2024_N40,dtf,FarmCPU,SCAFFOLD_8_39142722,8,39142722,3.17440788572453e-09,8.49833727066931,5.8914535040598e-08,848687,0.06875,80,-0.393318076345784
2024_N40,dtf,FarmCPU,SCAFFOLD_9_22263195,9,22263195,2.45265423763399e-08,7.61036367204298,5.8914535040598e-08,848687,0.125,80,0.172262146795044
2024_N40,height_cm,BLINK,SCAFFOLD_4_9295665,4,9295665,9.7413594508959e-11,10.0113804311271,5.8914535040598e-08,848687,0.0679012345679012,81,-12.8719047905809
2024_N40,height_cm,FarmCPU,SCAFFOLD_6_4177763,6,4177763,3.76822038249173e-22,21.42386370564,5.8914535040598e-08,848687,0.037037037037037,81,-17.0724213586664
2024_N40,height_cm,FarmCPU,SCAFFOLD_9_9021917,9,9021917,8.97393982836684e-22,21.0470168468038,5.8914535040598e-08,848687,0.0925925925925926,81,13.2966267813565
2024_N40,height_cm,FarmCPU,SCAFFOLD_9_50524054,9,50524054,6.06611094359136e-09,8.21708965110598,5.8914535040598e-08,848687,0.0493827160493827,81,-8.94692628791847
2024_N40,height_cm,FarmCPU,SCAFFOLD_9_9014711,9,9014711,9.50099147279939e-09,8.02223107169033,5.8914535040598e-08,848687,0.104938271604938,81,3.10515024439296
2024_N40,height_cm,FarmCPU,SCAFFOLD_3_32449754,3,32449754,1.89795466909857e-08,7.72171416450907,5.8914535040598e-08,848687,0.382716049382716,81,6.08736744191477
2024_N40,height_cm,FarmCPU,SCAFFOLD_9_34515616,9,34515616,3.35107974680938e-08,7.47481523698503,5.8914535040598e-08,848687,0.0617283950617284,81,5.81203933829209
2024_N40,number_of_tillers,BLINK,SCAFFOLD_1_40696927,1,40696927,4.05996485083356e-09,8.39147772631323,5.8914535040598e-08,848687,0.0432098765432099,81,2.23398086749001
2024_N40,number_of_tillers,BLINK,SCAFFOLD_2_27461577,2,27461577,5.79667667323686e-09,8.23682092301118,5.8914535040598e-08,848687,0.12962962962963,81,1.55408341503414
2024_N40,number_of_tillers,BLINK,SCAFFOLD_4_2129383,4,2129383,9.5048299176697e-09,8.02205565012715,5.8914535040598e-08,848687,0.277777777777778,81,-1.31981215577951
2024_N40,number_of_tillers,FarmCPU,SCAFFOLD_4_17280232,4,17280232,7.0051429959395e-53,52.1545829950372,5.8914535040598e-08,848687,0.0246913580246914,81,9.65060612719562
2024_N40,number_of_tillers,FarmCPU,SCAFFOLD_6_32361467,6,32361467,5.34971481471964e-19,18.2716693689498,5.8914535040598e-08,848687,0.0987654320987654,81,1.47971626764173
2024_N40,number_of_tillers,FarmCPU,SCAFFOLD_2_39210418,2,39210418,2.21523370672165e-14,13.6545804490412,5.8914535040598e-08,848687,0.0617283950617284,81,1.55679848185809
2024_N40,number_of_tillers,FarmCPU,SCAFFOLD_1_1463186,1,1463186,1.38988354721443e-11,10.8570215860199,5.8914535040598e-08,848687,0.111111111111111,81,0.922906887681308
2024_N40,number_of_tillers,FarmCPU,SCAFFOLD_4_17268080,4,17268080,2.01009417494686e-11,10.6967835949668,5.8914535040598e-08,848687,0.0493827160493827,81,0.277895136834076
2024_N40,number_of_tillers,FarmCPU,SCAFFOLD_4_17236876,4,17236876,2.27778864694654e-09,8.642486576009,5.8914535040598e-08,848687,0.0246913580246914,81,-0.0154587367313794
2024_N40,number_of_tillers,FarmCPU,SCAFFOLD_1_1424104,1,1424104,2.39482290512866e-09,8.62072659672503,5.8914535040598e-08,848687,0.0246913580246914,81,0.109519128095967
2024_N40,number_of_tillers,FarmCPU,SCAFFOLD_5_43797155,5,43797155,2.45875894950235e-09,8.60928404630498,5.8914535040598e-08,848687,0.290123456790123,81,0.592399436734585
2024_N40,number_of_tillers,FarmCPU,SCAFFOLD_9_51027105,9,51027105,1.69010219090244e-08,7.77208703526605,5.8914535040598e-08,848687,0.0987654320987654,81,0.685220794225531
2024_N40,number_of_tillers,FarmCPU,SCAFFOLD_2_15559387,2,15559387,5.34762428071983e-08,7.27183911347852,5.8914535040598e-08,848687,0.148148148148148,81,0.510822975265718
2024_N40,number_of_tillers,MLM,SCAFFOLD_4_17280232,4,17280232,3.32842897419806e-09,8.47776070608289,5.8914535040598e-08,848687,0.0246913580246914,81,9.667063358204
2024_N40,number_of_tillers,MLM,SCAFFOLD_1_37787594,1,37787594,3.15512968869186e-08,7.50098278477938,5.8914535040598e-08,848687,0.037037037037037,81,6.86727069012314
2024_N40,number_of_tillers,MLM,SCAFFOLD_3_6349843,3,6349843,3.15512968869186e-08,7.50098278477938,5.8914535040598e-08,848687,0.037037037037037,81,6.86727069012314
2024_N40,number_of_tillers,MLM,SCAFFOLD_3_49554206,3,49554206,3.15512968869186e-08,7.50098278477938,5.8914535040598e-08,848687,0.037037037037037,81,6.86727069012314
2024_N40,number_of_tillers,MLM,SCAFFOLD_5_9988392,5,9988392,3.15512968869186e-08,7.50098278477938,5.8914535040598e-08,848687,0.037037037037037,81,6.86727069012314
2024_N40,number_of_tillers,MLM,SCAFFOLD_5_10249384,5,10249384,3.15512968869186e-08,7.50098278477938,5.8914535040598e-08,848687,0.037037037037037,81,6.86727069012314
2024_N40,number_of_tillers,MLM,SCAFFOLD_5_10356519,5,10356519,3.15512968869186e-08,7.50098278477938,5.8914535040598e-08,848687,0.037037037037037,81,6.86727069012314
2024_N40,number_of_tillers,MLM,SCAFFOLD_5_10441991,5,10441991,3.15512968869186e-08,7.50098278477938,5.8914535040598e-08,848687,0.037037037037037,81,6.86727069012314
2024_N40,number_of_tillers,MLM,SCAFFOLD_5_11953030,5,11953030,3.15512968869186e-08,7.50098278477938,5.8914535040598e-08,848687,0.037037037037037,81,6.86727069012314
2024_N40,number_of_tillers,MLM,SCAFFOLD_5_26335027,5,26335027,3.15512968869186e-08,7.50098278477938,5.8914535040598e-08,848687,0.037037037037037,81,6.86727069012314
2024_N40,number_of_tillers,MLM,SCAFFOLD_6_12036542,6,12036542,3.15512968869186e-08,7.50098278477938,5.8914535040598e-08,848687,0.0185185185185185,81,13.7345413802463
2024_N40,number_of_tillers,MLM,SCAFFOLD_7_25243676,7,25243676,3.15512968869186e-08,7.50098278477938,5.8914535040598e-08,848687,0.0185185185185185,81,13.7345413802463
2024_N40,number_of_tillers,MLM,SCAFFOLD_5_34344687,5,34344687,3.5516227160217e-08,7.4495731749465,5.8914535040598e-08,848687,0.037037037037037,81,7.33422084132001
2024_N40,number_of_tillers,MLM,SCAFFOLD_1_15964788,1,15964788,4.00216028180729e-08,7.39770552236884,5.8914535040598e-08,848687,0.0308641975308642,81,7.91611004184881
2024_N40,number_of_tillers,MLM,SCAFFOLD_9_45521896,9,45521896,5.28009531570994e-08,7.27735823755838,5.8914535040598e-08,848687,0.0185185185185185,81,8.13602797033758
2024_N40,protein_pct,BLINK,SCAFFOLD_4_15902894,4,15902894,1.87813917410972e-14,13.7262722287321,5.8914535040598e-08,848687,0.0526315789473684,57,5.87440210512722
2024_N40,protein_pct,FarmCPU,SCAFFOLD_4_15902894,4,15902894,5.38251435561799e-16,15.2690148032031,5.8914535040598e-08,848687,0.0526315789473684,57,3.72842901014646
2024_N40,protein_pct,FarmCPU,SCAFFOLD_9_37989786,9,37989786,6.95498827353989e-12,11.1577035979137,5.8914535040598e-08,848687,0.0701754385964912,57,1.98686457358401
2024_N40,protein_pct,FarmCPU,SCAFFOLD_3_4622247,3,4622247,6.09115367643149e-11,10.2153004433513,5.8914535040598e-08,848687,0.043859649122807,57,-2.33435391714655
2024_N40,protein_pct,FarmCPU,SCAFFOLD_6_6013001,6,6013001,2.52534967933823e-08,7.59767847762753,5.8914535040598e-08,848687,0.0263157894736842,57,-2.15533225822398
