dataset,trait,model,markers_tested,bonferroni_threshold,minus_log10_threshold,significant_associations,minimum_p,top_snp
2023,dtf,BLINK,848687,5.8914535040598e-08,7.22977754546464,2,5.91550534268771e-12,SCAFFOLD_7_17136277
2023,dtf,FarmCPU,848687,5.8914535040598e-08,7.22977754546464,12,2.65867197566936e-23,SCAFFOLD_7_17136277
2023,dtf,MLM,848687,5.8914535040598e-08,7.22977754546464,0,6.47758975010714e-08,SCAFFOLD_7_17136277
2023,fat_pct,BLINK,848687,5.8914535040598e-08,7.22977754546464,0,1.57864116800202e-06,SCAFFOLD_8_8680125
2023,fat_pct,FarmCPU,848687,5.8914535040598e-08,7.22977754546464,0,1.62813411709942e-06,SCAFFOLD_8_8680125
2023,fat_pct,MLM,848687,5.8914535040598e-08,7.22977754546464,0,3.25441749642506e-05,SCAFFOLD_8_8680125
2023,height_cm,BLINK,848687,5.8914535040598e-08,7.22977754546464,1,2.96505397234618e-12,SCAFFOLD_1_38761213
2023,height_cm,FarmCPU,848687,5.8914535040598e-08,7.22977754546464,0,1.94557784682972e-06,SCAFFOLD_1_38761213
2023,height_cm,MLM,848687,5.8914535040598e-08,7.22977754546464,0,8.21887216064253e-06,SCAFFOLD_6_29960715
2023,panicle_length_cm,BLINK,848687,5.8914535040598e-08,7.22977754546464,11,3.90473028399145e-15,SCAFFOLD_3_47440311
2023,panicle_length_cm,FarmCPU,848687,5.8914535040598e-08,7.22977754546464,0,6.02632966354092e-07,SCAFFOLD_3_47440311
2023,panicle_length_cm,MLM,848687,5.8914535040598e-08,7.22977754546464,0,3.29624638141858e-06,SCAFFOLD_8_40536353
2023,pedicel_length_cm,BLINK,848687,5.8914535040598e-08,7.22977754546464,5,1.0261087790926e-13,SCAFFOLD_6_33510626
2023,pedicel_length_cm,FarmCPU,848687,5.8914535040598e-08,7.22977754546464,8,1.88832244808864e-14,SCAFFOLD_8_36935954
2023,pedicel_length_cm,MLM,848687,5.8914535040598e-08,7.22977754546464,4,4.79401412104381e-08,SCAFFOLD_1_26518653
2023,plants_m2,BLINK,848687,5.8914535040598e-08,7.22977754546464,0,1.91882571340132e-06,SCAFFOLD_5_39342275
2023,plants_m2,FarmCPU,848687,5.8914535040598e-08,7.22977754546464,0,1.92221214134631e-06,SCAFFOLD_5_39342275
2023,plants_m2,MLM,848687,5.8914535040598e-08,7.22977754546464,0,1.29163041040743e-05,SCAFFOLD_5_39342275
2023,protein_pct,BLINK,848687,5.8914535040598e-08,7.22977754546464,0,7.86572688069866e-07,SCAFFOLD_3_47436169
2023,protein_pct,FarmCPU,848687,5.8914535040598e-08,7.22977754546464,0,7.91460986255042e-07,SCAFFOLD_3_47436169
2023,protein_pct,MLM,848687,5.8914535040598e-08,7.22977754546464,0,2.71485561734944e-05,SCAFFOLD_3_47436169
2023,thousand_seed_weight_g,BLINK,848687,5.8914535040598e-08,7.22977754546464,3,4.62548432451453e-11,SCAFFOLD_1_33452294
2023,thousand_seed_weight_g,FarmCPU,848687,5.8914535040598e-08,7.22977754546464,0,2.75201275475544e-06,SCAFFOLD_3_33582288
2023,thousand_seed_weight_g,MLM,848687,5.8914535040598e-08,7.22977754546464,0,1.80063525825887e-06,SCAFFOLD_4_38004735
2024_N120,days_to_harvest,BLINK,848687,5.8914535040598e-08,7.22977754546464,1,1.96288469630893e-08,SCAFFOLD_1_22503775
2024_N120,days_to_harvest,FarmCPU,848687,5.8914535040598e-08,7.22977754546464,6,2.83546784505742e-29,SCAFFOLD_1_22503775
2024_N120,days_to_harvest,MLM,848687,5.8914535040598e-08,7.22977754546464,0,6.13011136487239e-07,SCAFFOLD_7_2121353
2024_N120,dtf,BLINK,848687,5.8914535040598e-08,7.22977754546464,3,1.02319891921624e-20,SCAFFOLD_8_3818991
2024_N120,dtf,FarmCPU,848687,5.8914535040598e-08,7.22977754546464,8,6.84893973708863e-19,SCAFFOLD_8_3818991
2024_N120,dtf,MLM,848687,5.8914535040598e-08,7.22977754546464,0,3.13439725397281e-07,SCAFFOLD_8_3818991
2024_N120,fluorescence,BLINK,848687,5.8914535040598e-08,7.22977754546464,0,4.83133736440173e-07,SCAFFOLD_3_42859569
2024_N120,fluorescence,FarmCPU,848687,5.8914535040598e-08,7.22977754546464,0,4.84734044343469e-07,SCAFFOLD_3_42859569
2024_N120,fluorescence,MLM,848687,5.8914535040598e-08,7.22977754546464,0,1.10934064066337e-05,SCAFFOLD_6_18530529
2024_N120,height_cm,BLINK,848687,5.8914535040598e-08,7.22977754546464,3,2.35133830675019e-11,SCAFFOLD_8_33914787
2024_N120,height_cm,FarmCPU,848687,5.8914535040598e-08,7.22977754546464,7,5.08271507300192e-14,SCAFFOLD_9_9021917
2024_N120,height_cm,MLM,848687,5.8914535040598e-08,7.22977754546464,0,5.1115615853286e-06,SCAFFOLD_8_26497725
2024_N120,normalized_difference_vegetation_index,BLINK,848687,5.8914535040598e-08,7.22977754546464,0,9.34451929572444e-07,SCAFFOLD_4_28581861
2024_N120,normalized_difference_vegetation_index,FarmCPU,848687,5.8914535040598e-08,7.22977754546464,0,9.3697394190242e-07,SCAFFOLD_4_28581861
2024_N120,normalized_difference_vegetation_index,MLM,848687,5.8914535040598e-08,7.22977754546464,0,7.51845717519692e-06,SCAFFOLD_6_22536406
2024_N120,number_of_tillers,BLINK,848687,5.8914535040598e-08,7.22977754546464,7,9.05515169402991e-21,SCAFFOLD_8_33517935
2024_N120,number_of_tillers,FarmCPU,848687,5.8914535040598e-08,7.22977754546464,5,1.63417130364314e-49,SCAFFOLD_4_17869260
2024_N120,number_of_tillers,MLM,848687,5.8914535040598e-08,7.22977754546464,20,6.52617312718052e-10,SCAFFOLD_4_17869260
2024_N120,plants_m2,BLINK,848687,5.8914535040598e-08,7.22977754546464,0,3.65403701203006e-06,SCAFFOLD_7_16604818
2024_N120,plants_m2,FarmCPU,848687,5.8914535040598e-08,7.22977754546464,0,3.67180172276211e-06,SCAFFOLD_7_16604818
2024_N120,plants_m2,MLM,848687,5.8914535040598e-08,7.22977754546464,0,4.4233375348885e-05,SCAFFOLD_1_14116331
2024_N120,protein_pct,BLINK,848687,5.8914535040598e-08,7.22977754546464,5,6.84701833682614e-16,SCAFFOLD_1_14972328
2024_N120,protein_pct,FarmCPU,848687,5.8914535040598e-08,7.22977754546464,6,5.57699435056582e-18,SCAFFOLD_6_28801701
2024_N120,protein_pct,MLM,848687,5.8914535040598e-08,7.22977754546464,0,4.69417874390724e-06,SCAFFOLD_1_14972328
2024_N40,days_to_harvest,BLINK,848687,5.8914535040598e-08,7.22977754546464,1,1.72123941400156e-08,SCAFFOLD_2_30514256
2024_N40,days_to_harvest,FarmCPU,848687,5.8914535040598e-08,7.22977754546464,6,1.06755750542175e-31,SCAFFOLD_7_2121353
2024_N40,days_to_harvest,MLM,848687,5.8914535040598e-08,7.22977754546464,0,2.13164345031015e-07,SCAFFOLD_7_2121353
2024_N40,dtf,BLINK,848687,5.8914535040598e-08,7.22977754546464,6,7.2158074710364e-20,SCAFFOLD_2_30514256
2024_N40,dtf,FarmCPU,848687,5.8914535040598e-08,7.22977754546464,11,5.67829021135139e-15,SCAFFOLD_8_39105946
2024_N40,dtf,MLM,848687,5.8914535040598e-08,7.22977754546464,0,6.00202981039352e-07,SCAFFOLD_8_4668681
2024_N40,fluorescence,BLINK,848687,5.8914535040598e-08,7.22977754546464,0,7.94795027524902e-07,SCAFFOLD_6_23920001
2024_N40,fluorescence,FarmCPU,848687,5.8914535040598e-08,7.22977754546464,0,7.99028814462664e-07,SCAFFOLD_6_23920001
2024_N40,fluorescence,MLM,848687,5.8914535040598e-08,7.22977754546464,0,1.7475654988693e-05,SCAFFOLD_8_34392196
2024_N40,height_cm,BLINK,848687,5.8914535040598e-08,7.22977754546464,1,9.7413594508959e-11,SCAFFOLD_4_9295665
2024_N40,height_cm,FarmCPU,848687,5.8914535040598e-08,7.22977754546464,6,3.76822038249173e-22,SCAFFOLD_6_4177763
2024_N40,height_cm,MLM,848687,5.8914535040598e-08,7.22977754546464,0,7.41217586475136e-06,SCAFFOLD_6_2750592
2024_N40,normalized_difference_vegetation_index,BLINK,848687,5.8914535040598e-08,7.22977754546464,0,4.08723015031647e-07,SCAFFOLD_4_7054627
2024_N40,normalized_difference_vegetation_index,FarmCPU,848687,5.8914535040598e-08,7.22977754546464,0,4.10846818374028e-07,SCAFFOLD_4_7054627
2024_N40,normalized_difference_vegetation_index,MLM,848687,5.8914535040598e-08,7.22977754546464,0,8.84588842288412e-06,SCAFFOLD_4_7054627
2024_N40,number_of_tillers,BLINK,848687,5.8914535040598e-08,7.22977754546464,3,4.05996485083356e-09,SCAFFOLD_1_40696927
2024_N40,number_of_tillers,FarmCPU,848687,5.8914535040598e-08,7.22977754546464,10,7.0051429959395e-53,SCAFFOLD_4_17280232
2024_N40,number_of_tillers,MLM,848687,5.8914535040598e-08,7.22977754546464,15,3.32842897419806e-09,SCAFFOLD_4_17280232
2024_N40,plants_m2,BLINK,848687,5.8914535040598e-08,7.22977754546464,0,3.93405752943727e-06,SCAFFOLD_4_19569740
2024_N40,plants_m2,FarmCPU,848687,5.8914535040598e-08,7.22977754546464,0,3.9494998488138e-06,SCAFFOLD_4_19569740
2024_N40,plants_m2,MLM,848687,5.8914535040598e-08,7.22977754546464,0,6.50011641054306e-05,SCAFFOLD_4_19569740
2024_N40,protein_pct,BLINK,848687,5.8914535040598e-08,7.22977754546464,1,1.87813917410972e-14,SCAFFOLD_4_15902894
2024_N40,protein_pct,FarmCPU,848687,5.8914535040598e-08,7.22977754546464,4,5.38251435561799e-16,SCAFFOLD_4_15902894
2024_N40,protein_pct,MLM,848687,5.8914535040598e-08,7.22977754546464,0,1.824095749883e-06,SCAFFOLD_4_15902894
