SNP,association_count,datasets,traits,models,minimum_p,Chr,Pos
SCAFFOLD_1_22503775,5,2024_N120;2024_N40,days_to_harvest;dtf,BLINK;FarmCPU,2.83546784505742e-29,1,22503775
SCAFFOLD_8_3818991,4,2024_N120;2024_N40,dtf,BLINK;FarmCPU,1.02319891921624e-20,8,3818991
SCAFFOLD_4_17869260,3,2024_N120,number_of_tillers,BLINK;FarmCPU;MLM,1.63417130364314e-49,4,17869260
SCAFFOLD_2_30514256,3,2024_N40,days_to_harvest;dtf,BLINK;FarmCPU,7.2158074710364e-20,2,30514256
SCAFFOLD_4_17280232,2,2024_N40,number_of_tillers,FarmCPU;MLM,7.0051429959395e-53,4,17280232
SCAFFOLD_7_17136277,2,2023,dtf,BLINK;FarmCPU,2.65867197566936e-23,7,17136277
SCAFFOLD_9_9021917,2,2024_N120;2024_N40,height_cm,FarmCPU,8.97393982836684e-22,9,9021917
SCAFFOLD_8_33517935,2,2024_N120,number_of_tillers,BLINK;MLM,9.05515169402991e-21,8,33517935
SCAFFOLD_3_12082128,2,2024_N120,number_of_tillers,BLINK;MLM,8.35266514350729e-20,3,12082128
SCAFFOLD_4_15902894,2,2024_N40,protein_pct,BLINK;FarmCPU,5.38251435561799e-16,4,15902894
SCAFFOLD_8_7342725,2,2024_N120,dtf,BLINK;FarmCPU,8.11317106104102e-14,8,7342725
SCAFFOLD_8_15103152,2,2024_N120,protein_pct,BLINK;FarmCPU,5.64939952791707e-13,8,15103152
SCAFFOLD_8_33914787,2,2024_N120,height_cm,BLINK;FarmCPU,8.78768972686888e-13,8,33914787
SCAFFOLD_1_22505166,2,2024_N120;2024_N40,days_to_harvest;dtf,FarmCPU,1.35612217970483e-11,1,22505166
SCAFFOLD_7_2121353,1,2024_N40,days_to_harvest,FarmCPU,1.06755750542175e-31,7,2121353
SCAFFOLD_6_4177763,1,2024_N40,height_cm,FarmCPU,3.76822038249173e-22,6,4177763
SCAFFOLD_6_32361467,1,2024_N40,number_of_tillers,FarmCPU,5.34971481471964e-19,6,32361467
SCAFFOLD_6_28801701,1,2024_N120,protein_pct,FarmCPU,5.57699435056582e-18,6,28801701
SCAFFOLD_2_22584714,1,2024_N40,dtf,BLINK,2.83862244717862e-17,2,22584714
SCAFFOLD_1_14972328,1,2024_N120,protein_pct,BLINK,6.84701833682614e-16,1,14972328
SCAFFOLD_6_11125994,1,2024_N120,dtf,FarmCPU,2.61351786009307e-15,6,11125994
SCAFFOLD_3_47440311,1,2023,panicle_length_cm,BLINK,3.90473028399145e-15,3,47440311
SCAFFOLD_8_39105946,1,2024_N40,dtf,FarmCPU,5.67829021135139e-15,8,39105946
SCAFFOLD_8_36935954,1,2023,pedicel_length_cm,FarmCPU,1.88832244808864e-14,8,36935954
SCAFFOLD_2_39210418,1,2024_N40,number_of_tillers,FarmCPU,2.21523370672165e-14,2,39210418
SCAFFOLD_6_33510626,1,2023,pedicel_length_cm,BLINK,1.0261087790926e-13,6,33510626
SCAFFOLD_8_6080159,1,2023,dtf,FarmCPU,1.66315558985363e-13,8,6080159
SCAFFOLD_7_17136004,1,2023,dtf,FarmCPU,3.17949176465889e-13,7,17136004
SCAFFOLD_8_6077729,1,2023,dtf,FarmCPU,6.78551784567969e-13,8,6077729
SCAFFOLD_2_1225639,1,2024_N40,days_to_harvest,FarmCPU,8.42468256112904e-13,2,1225639
SCAFFOLD_9_22255025,1,2024_N40,dtf,FarmCPU,9.73514186968262e-13,9,22255025
SCAFFOLD_8_30155739,1,2024_N120,days_to_harvest,FarmCPU,1.15854557082629e-12,8,30155739
SCAFFOLD_2_32565066,1,2023,pedicel_length_cm,FarmCPU,1.42724071690479e-12,2,32565066
SCAFFOLD_3_9637687,1,2024_N120,number_of_tillers,FarmCPU,1.75623217694629e-12,3,9637687
SCAFFOLD_4_17903922,1,2024_N120,number_of_tillers,FarmCPU,2.03847646573543e-12,4,17903922
SCAFFOLD_2_14229303,1,2024_N40,days_to_harvest,FarmCPU,2.07540240200511e-12,2,14229303
SCAFFOLD_4_9071367,1,2024_N120,protein_pct,FarmCPU,2.13872815235489e-12,4,9071367
SCAFFOLD_1_38761213,1,2023,height_cm,BLINK,2.96505397234618e-12,1,38761213
SCAFFOLD_7_1088019,1,2024_N40,dtf,FarmCPU,5.66232947783281e-12,7,1088019
SCAFFOLD_7_2206801,1,2024_N40,days_to_harvest,FarmCPU,5.71306278393246e-12,7,2206801
SCAFFOLD_2_32479851,1,2023,pedicel_length_cm,FarmCPU,6.08158339400653e-12,2,32479851
SCAFFOLD_9_41180314,1,2024_N120,number_of_tillers,FarmCPU,6.48851767253128e-12,9,41180314
SCAFFOLD_9_37989786,1,2024_N40,protein_pct,FarmCPU,6.95498827353989e-12,9,37989786
SCAFFOLD_8_14790106,1,2024_N120,protein_pct,BLINK,8.19991296371243e-12,8,14790106
SCAFFOLD_8_10301084,1,2023,pedicel_length_cm,BLINK,9.14433418319857e-12,8,10301084
SCAFFOLD_4_28479463,1,2024_N120,protein_pct,BLINK,9.35525606060554e-12,4,28479463
SCAFFOLD_1_23130690,1,2024_N40,dtf,FarmCPU,1.33708700338345e-11,1,23130690
SCAFFOLD_1_1463186,1,2024_N40,number_of_tillers,FarmCPU,1.38988354721443e-11,1,1463186
SCAFFOLD_4_17268080,1,2024_N40,number_of_tillers,FarmCPU,2.01009417494686e-11,4,17268080
SCAFFOLD_4_32564308,1,2024_N120,height_cm,FarmCPU,3.06129879734198e-11,4,32564308
SCAFFOLD_3_26817959,1,2023,pedicel_length_cm,FarmCPU,3.09072587452664e-11,3,26817959
SCAFFOLD_9_32219154,1,2024_N120,dtf,FarmCPU,3.92039816639039e-11,9,32219154
SCAFFOLD_8_33516269,1,2024_N120,number_of_tillers,BLINK,3.9406463774283e-11,8,33516269
SCAFFOLD_1_33452294,1,2023,thousand_seed_weight_g,BLINK,4.62548432451453e-11,1,33452294
SCAFFOLD_3_26719057,1,2023,pedicel_length_cm,FarmCPU,5.0419447344908e-11,3,26719057
SCAFFOLD_3_4622247,1,2024_N40,protein_pct,FarmCPU,6.09115367643149e-11,3,4622247
SCAFFOLD_6_30719876,1,2023,pedicel_length_cm,FarmCPU,6.59104772413302e-11,6,30719876
SCAFFOLD_6_17566131,1,2023,dtf,FarmCPU,6.74497524262364e-11,6,17566131
SCAFFOLD_5_22061824,1,2023,dtf,FarmCPU,9.38262612233007e-11,5,22061824
SCAFFOLD_4_19579692,1,2023,dtf,FarmCPU,9.52332922075218e-11,4,19579692
SCAFFOLD_4_9295665,1,2024_N40,height_cm,BLINK,9.7413594508959e-11,4,9295665
SCAFFOLD_3_47423528,1,2023,panicle_length_cm,BLINK,9.96406801989656e-11,3,47423528
SCAFFOLD_9_8442221,1,2023,panicle_length_cm,BLINK,1.39303308110261e-10,9,8442221
SCAFFOLD_8_3815529,1,2024_N40,dtf,FarmCPU,2.83210018579486e-10,8,3815529
SCAFFOLD_2_21670415,1,2024_N120,height_cm,BLINK,2.90781700547809e-10,2,21670415
SCAFFOLD_9_13669831,1,2024_N120,dtf,BLINK,4.07854522353028e-10,9,13669831
SCAFFOLD_3_47440057,1,2023,panicle_length_cm,BLINK,4.35860047319687e-10,3,47440057
SCAFFOLD_3_12586644,1,2024_N120,protein_pct,BLINK,4.42935471781509e-10,3,12586644
SCAFFOLD_2_23103649,1,2023,dtf,FarmCPU,5.39319018122598e-10,2,23103649
SCAFFOLD_4_22532145,1,2024_N120,number_of_tillers,BLINK,6.33251257556116e-10,4,22532145
SCAFFOLD_9_18607874,1,2024_N120,days_to_harvest,FarmCPU,6.7843992501043e-10,9,18607874
SCAFFOLD_1_21707198,1,2024_N120,height_cm,FarmCPU,7.47934117675004e-10,1,21707198
SCAFFOLD_4_12203750,1,2024_N40,dtf,BLINK,7.66923554209484e-10,4,12203750
SCAFFOLD_3_47423965,1,2023,panicle_length_cm,BLINK,9.60523655226455e-10,3,47423965
SCAFFOLD_3_34180972,1,2024_N120,height_cm,FarmCPU,9.80814871945326e-10,3,34180972
SCAFFOLD_3_47420200,1,2023,panicle_length_cm,BLINK,1.08453835253934e-09,3,47420200
SCAFFOLD_3_47453746,1,2023,panicle_length_cm,BLINK,1.16906393012395e-09,3,47453746
SCAFFOLD_6_29456212,1,2024_N40,days_to_harvest,FarmCPU,1.17728197308711e-09,6,29456212
SCAFFOLD_4_35189988,1,2023,thousand_seed_weight_g,BLINK,1.37593641069106e-09,4,35189988
SCAFFOLD_4_17236876,1,2024_N40,number_of_tillers,FarmCPU,2.27778864694654e-09,4,17236876
SCAFFOLD_8_39107500,1,2024_N120,dtf,FarmCPU,2.30428236504829e-09,8,39107500
SCAFFOLD_4_19653541,1,2023,dtf,FarmCPU,2.36437354586344e-09,4,19653541
SCAFFOLD_1_1424104,1,2024_N40,number_of_tillers,FarmCPU,2.39482290512866e-09,1,1424104
SCAFFOLD_5_43797155,1,2024_N40,number_of_tillers,FarmCPU,2.45875894950235e-09,5,43797155
SCAFFOLD_9_4627139,1,2024_N120,protein_pct,FarmCPU,2.53411086367089e-09,9,4627139
SCAFFOLD_8_39142722,1,2024_N40,dtf,FarmCPU,3.17440788572453e-09,8,39142722
SCAFFOLD_7_16545835,1,2024_N120,number_of_tillers,MLM,3.30916179084518e-09,7,16545835
SCAFFOLD_5_18703201,1,2024_N120,protein_pct,FarmCPU,3.45936230646084e-09,5,18703201
SCAFFOLD_3_47446767,1,2023,panicle_length_cm,BLINK,3.62558754010204e-09,3,47446767
SCAFFOLD_9_53175090,1,2024_N120,number_of_tillers,FarmCPU,3.642800865761e-09,9,53175090
SCAFFOLD_3_47433021,1,2023,panicle_length_cm,BLINK,4.01533221727167e-09,3,47433021
SCAFFOLD_1_40696927,1,2024_N40,number_of_tillers,BLINK,4.05996485083356e-09,1,40696927
SCAFFOLD_6_17599173,1,2023,dtf,FarmCPU,4.09643315006858e-09,6,17599173
SCAFFOLD_8_21279441,1,2024_N120,number_of_tillers,BLINK,4.8342189664801e-09,8,21279441
SCAFFOLD_6_30799288,1,2023,pedicel_length_cm,FarmCPU,4.84041346027644e-09,6,30799288
SCAFFOLD_8_39050149,1,2024_N120,number_of_tillers,MLM,4.97234116882597e-09,8,39050149
SCAFFOLD_5_25977518,1,2024_N120,number_of_tillers,MLM,5.07546698428468e-09,5,25977518
SCAFFOLD_5_37485238,1,2023,dtf,FarmCPU,5.27609509624112e-09,5,37485238
SCAFFOLD_2_27461577,1,2024_N40,number_of_tillers,BLINK,5.79667667323686e-09,2,27461577
SCAFFOLD_9_50524054,1,2024_N40,height_cm,FarmCPU,6.06611094359136e-09,9,50524054
SCAFFOLD_1_11382373,1,2024_N120,number_of_tillers,MLM,6.12178736902759e-09,1,11382373
SCAFFOLD_6_8636014,1,2024_N120,number_of_tillers,MLM,6.12178736902759e-09,6,8636014
SCAFFOLD_7_12448312,1,2024_N120,number_of_tillers,MLM,6.12178736902759e-09,7,12448312
SCAFFOLD_8_23333916,1,2024_N120,number_of_tillers,MLM,6.12178736902759e-09,8,23333916
SCAFFOLD_7_10664898,1,2023,pedicel_length_cm,BLINK,6.26604398641777e-09,7,10664898
SCAFFOLD_7_7058098,1,2024_N40,days_to_harvest,FarmCPU,6.89518671708139e-09,7,7058098
SCAFFOLD_9_9014711,1,2024_N40,height_cm,FarmCPU,9.50099147279939e-09,9,9014711
SCAFFOLD_4_2129383,1,2024_N40,number_of_tillers,BLINK,9.5048299176697e-09,4,2129383
SCAFFOLD_8_39043378,1,2024_N120,number_of_tillers,MLM,1.05331437995968e-08,8,39043378
SCAFFOLD_4_6234334,1,2023,thousand_seed_weight_g,BLINK,1.34365699085726e-08,4,6234334
SCAFFOLD_5_28169833,1,2024_N120,dtf,FarmCPU,1.39073375893927e-08,5,28169833
SCAFFOLD_6_14291395,1,2024_N120,dtf,FarmCPU,1.39239515773239e-08,6,14291395
SCAFFOLD_1_3690946,1,2024_N120,days_to_harvest,FarmCPU,1.46299187422321e-08,1,3690946
SCAFFOLD_3_39272434,1,2023,pedicel_length_cm,BLINK,1.564704752813e-08,3,39272434
SCAFFOLD_3_38341311,1,2024_N120,height_cm,FarmCPU,1.65758644658829e-08,3,38341311
SCAFFOLD_9_51027105,1,2024_N40,number_of_tillers,FarmCPU,1.69010219090244e-08,9,51027105
SCAFFOLD_8_1914271,1,2023,pedicel_length_cm,BLINK,1.7226761195921e-08,8,1914271
SCAFFOLD_9_35698956,1,2024_N120,height_cm,BLINK,1.79086618956535e-08,9,35698956
SCAFFOLD_3_32449754,1,2024_N40,height_cm,FarmCPU,1.89795466909857e-08,3,32449754
SCAFFOLD_3_47428046,1,2023,panicle_length_cm,BLINK,1.92713932542335e-08,3,47428046
SCAFFOLD_7_16946630,1,2024_N120,number_of_tillers,MLM,2.22720573090551e-08,7,16946630
SCAFFOLD_2_2990856,1,2023,dtf,FarmCPU,2.28263920605663e-08,2,2990856
SCAFFOLD_7_13081725,1,2024_N120,number_of_tillers,MLM,2.3122107509007e-08,7,13081725
SCAFFOLD_3_38281324,1,2024_N120,height_cm,FarmCPU,2.32335572846408e-08,3,38281324
SCAFFOLD_9_22263195,1,2024_N40,dtf,FarmCPU,2.45265423763399e-08,9,22263195
SCAFFOLD_3_47421587,1,2023,panicle_length_cm,BLINK,2.52029399946179e-08,3,47421587
SCAFFOLD_6_6013001,1,2024_N40,protein_pct,FarmCPU,2.52534967933823e-08,6,6013001
SCAFFOLD_8_36845614,1,2023,pedicel_length_cm,FarmCPU,2.57298180616783e-08,8,36845614
SCAFFOLD_1_37787594,1,2024_N40,number_of_tillers,MLM,3.15512968869186e-08,1,37787594
SCAFFOLD_3_6349843,1,2024_N40,number_of_tillers,MLM,3.15512968869186e-08,3,6349843
SCAFFOLD_3_49554206,1,2024_N40,number_of_tillers,MLM,3.15512968869186e-08,3,49554206
SCAFFOLD_5_9988392,1,2024_N40,number_of_tillers,MLM,3.15512968869186e-08,5,9988392
SCAFFOLD_5_10249384,1,2024_N40,number_of_tillers,MLM,3.15512968869186e-08,5,10249384
SCAFFOLD_5_10356519,1,2024_N40,number_of_tillers,MLM,3.15512968869186e-08,5,10356519
SCAFFOLD_5_10441991,1,2024_N40,number_of_tillers,MLM,3.15512968869186e-08,5,10441991
SCAFFOLD_5_11953030,1,2024_N40,number_of_tillers,MLM,3.15512968869186e-08,5,11953030
SCAFFOLD_5_26335027,1,2024_N40,number_of_tillers,MLM,3.15512968869186e-08,5,26335027
SCAFFOLD_6_12036542,1,2024_N40,number_of_tillers,MLM,3.15512968869186e-08,6,12036542
SCAFFOLD_7_25243676,1,2024_N40,number_of_tillers,MLM,3.15512968869186e-08,7,25243676
SCAFFOLD_9_34515616,1,2024_N40,height_cm,FarmCPU,3.35107974680938e-08,9,34515616
SCAFFOLD_4_19918410,1,2024_N120,number_of_tillers,MLM,3.41489993702308e-08,4,19918410
SCAFFOLD_3_11991031,1,2024_N120,number_of_tillers,BLINK,3.44282954680653e-08,3,11991031
SCAFFOLD_5_34344687,1,2024_N40,number_of_tillers,MLM,3.5516227160217e-08,5,34344687
SCAFFOLD_3_33333968,1,2024_N120,number_of_tillers,MLM,3.61304546747966e-08,3,33333968
SCAFFOLD_1_37889530,1,2024_N120,protein_pct,FarmCPU,3.72220889642852e-08,1,37889530
SCAFFOLD_7_12808312,1,2024_N120,number_of_tillers,MLM,3.74406753253041e-08,7,12808312
SCAFFOLD_1_15964788,1,2024_N40,number_of_tillers,MLM,4.00216028180729e-08,1,15964788
SCAFFOLD_6_8041207,1,2024_N120,number_of_tillers,MLM,4.11459421045932e-08,6,8041207
SCAFFOLD_8_16061545,1,2024_N120,number_of_tillers,MLM,4.34591794648809e-08,8,16061545
SCAFFOLD_1_26518653,1,2023,pedicel_length_cm,MLM,4.79401412104381e-08,1,26518653
SCAFFOLD_7_3876048,1,2023,pedicel_length_cm,MLM,4.79401412104381e-08,7,3876048
SCAFFOLD_7_8340204,1,2023,pedicel_length_cm,MLM,4.79401412104381e-08,7,8340204
SCAFFOLD_7_31481489,1,2023,pedicel_length_cm,MLM,4.79401412104381e-08,7,31481489
SCAFFOLD_6_1024552,1,2024_N40,dtf,BLINK,5.20918052433171e-08,6,1024552
SCAFFOLD_9_45521896,1,2024_N40,number_of_tillers,MLM,5.28009531570994e-08,9,45521896
SCAFFOLD_2_15559387,1,2024_N40,number_of_tillers,FarmCPU,5.34762428071983e-08,2,15559387
SCAFFOLD_9_34064046,1,2024_N120,days_to_harvest,FarmCPU,5.41457961054495e-08,9,34064046
SCAFFOLD_7_17097268,1,2023,dtf,BLINK,5.73947763578339e-08,7,17097268
SCAFFOLD_7_12984901,1,2024_N120,number_of_tillers,MLM,5.80502984063689e-08,7,12984901
SCAFFOLD_7_12143351,1,2024_N120,number_of_tillers,MLM,5.85946666647581e-08,7,12143351
