dataset,trait,model,SNP,Chr,Pos,P.value,minus_log10_p,bonferroni_threshold,markers_tested,MAF,nobs,Effect,ld_start,ld_end,linked_snps_in_interval,linked_snps_in_search_window,max_window_bp,ld_r2_threshold,max_linked_gap_bp,max_interval_radius_bp,trait_specific_maf_pass,lift_status,lift_t2t_chr,lift_t2t_pos,lift_strand,lift_mapq,lift_alignment_identity,lift_candidate_mappings,t2t_interval_start,t2t_interval_end,interval_markers_lifted,interval_mapping_fraction,old_candidate_genes,old_candidate_gene_count,t2t_candidate_genes,t2t_candidate_gene_count
2023,dtf,BLINK,SCAFFOLD_7_17097268,7,17097268,5.73947763578339e-08,7.24112763203061,5.8914535040598e-08,848687,0.024,125,7.21830364737305,17074775,17342573,115,185,1e+06,0.2,20000,250000,FALSE,unique,Chr7,18197332,+,60,0.918091884007588,1,18174701,18443390,1187,1.0008431703204,LOC101755199;LOC101756014;LOC101756691;LOC101756967;LOC101757625;LOC101762524;LOC101762927;LOC101763334;LOC111257892;LOC111258059,10,Seita.7G067700;Seita.7G067800;Seita.7G067900;Seita.7G068000;Seita.7G068100;Seita.7G068200;Seita.7G068300;Seita.7G068400;Seita.7G068500;Seita.7G068600;Seita.7G068700;Seita.7G068800;Seita.7G068900;Seita.7G069000;Seita.7G069100;Seita.7G069200;Seita.7G069300;Seita.7G069400;Seita.7G358500;Seita.7G358600;Seita.7G358700;Seita.7G358800;Seita.7G358900;Seita.7G359000;Seita.7G359100;Seita.7G359200,26
2023,dtf,BLINK,SCAFFOLD_7_17136277,7,17136277,5.91550534268771e-12,11.2280081490637,5.8914535040598e-08,848687,0.12,125,9.03484194679238,17002268,17259331,111,430,1e+06,0.2,20000,250000,TRUE,unique,Chr7,18236341,+,60,0.918091884007588,1,18101757,18360140,1003,1.00099800399202,LOC101753172;LOC101753580;LOC101754003;LOC101754398;LOC101754797;LOC101755199;LOC101756014;LOC101756691;LOC101761309;LOC101761697;LOC101762524;LOC111257892;LOC111258059,13,Seita.7G067000;Seita.7G067100;Seita.7G067200;Seita.7G067300;Seita.7G067400;Seita.7G067500;Seita.7G067600;Seita.7G067700;Seita.7G067800;Seita.7G067900;Seita.7G068000;Seita.7G068100;Seita.7G068200;Seita.7G068300;Seita.7G068400;Seita.7G068500;Seita.7G068600;Seita.7G068700;Seita.7G068800;Seita.7G358300;Seita.7G358400;Seita.7G358500;Seita.7G358600;Seita.7G358700;Seita.7G358800;Seita.7G358900;Seita.7G359000;Seita.7G359100,28
2023,dtf,FarmCPU,SCAFFOLD_2_23103649,2,23103649,5.39319018122598e-10,9.26815426482203,5.8914535040598e-08,848687,0.068,125,7.08613811527403,23103573,23103649,2,2,1e+06,0.2,20000,250000,TRUE,unique,Chr2,26505508,+,60,0.994137690491522,1,26505432,26505508,4,1.33333333333333,LOC101759939,1,Seita.2G158900,1
2023,dtf,FarmCPU,SCAFFOLD_2_2990856,2,2990856,2.28263920605663e-08,7.64156272766935,5.8914535040598e-08,848687,0.056,125,7.35917442562939,2990856,2990856,1,22,1e+06,0.2,20000,250000,TRUE,unique,Chr2,3458712,+,60,1,1,3458712,3458712,2,2,LOC101769809,1,Seita.2G036400,1
2023,dtf,FarmCPU,SCAFFOLD_4_19579692,4,19579692,9.52332922075218e-11,10.0212112018838,5.8914535040598e-08,848687,0.172,125,6.29130145854673,19579509,19580211,7,32,1e+06,0.2,20000,250000,TRUE,unique,Chr4,19610143,+,60,0.9999875249501,1,19609960,19610662,9,1.125,LOC101753000,1,Seita.4G335000,1
2023,dtf,FarmCPU,SCAFFOLD_4_19653541,4,19653541,2.36437354586344e-09,8.62628390846281,5.8914535040598e-08,848687,0.112,125,-1.03829636001242,19653541,19660524,2,58,1e+06,0.2,20000,250000,TRUE,unique,Chr4,19683348,+,60,0.998621306855975,1,19683348,19690331,55,1.01851851851852,LOC101777572,1,Seita.4G335200,1
2023,dtf,FarmCPU,SCAFFOLD_5_22061824,5,22061824,9.38262612233007e-11,10.0276755890397,5.8914535040598e-08,848687,0.2,125,14.5945286327934,21981585,22116511,101,869,1e+06,0.2,20000,250000,TRUE,unique,Chr5,24671956,+,60,0.999596923976701,1,24591538,24726644,492,1.0020366598778,LOC101760163;LOC101760568;LOC101786371,3,Seita.5G179800;Seita.5G179900;Seita.5G507200,3
2023,dtf,FarmCPU,SCAFFOLD_5_37485238,5,37485238,5.27609509624112e-09,8.27768738533936,5.8914535040598e-08,848687,0.108,125,8.03836097753052,37457585,37487995,34,217,1e+06,0.2,20000,250000,TRUE,unique,Chr5,40177887,+,60,0.999473838059047,1,40150234,40180644,121,1.00833333333333,LOC101768415;LOC101773407,2,Seita.5G325300;Seita.5G325400;Seita.5G546200;Seita.5G546300;Seita.5G546400;Seita.5G546500;Seita.5G546600,7
2023,dtf,FarmCPU,SCAFFOLD_6_17566131,6,17566131,6.74497524262364e-11,10.1710196400635,5.8914535040598e-08,848687,0.052,125,-1.41806768452672,17563982,17594625,14,63,1e+06,0.2,20000,250000,TRUE,unique,Chr6,19128339,+,60,0.999152359399615,1,19126190,19156833,211,1.0047619047619,LOC101768714,1,Seita.6G111700,1
2023,dtf,FarmCPU,SCAFFOLD_6_17599173,6,17599173,4.09643315006858e-09,8.38759412802373,5.8914535040598e-08,848687,0.056,125,-8.8240166981612,17552471,17610827,17,233,1e+06,0.2,20000,250000,TRUE,unique,Chr6,19161381,+,60,0.999152359399615,1,19114679,19173035,402,1.00249376558603,LOC101768714,1,Seita.6G111700,1
2023,dtf,FarmCPU,SCAFFOLD_7_17136004,7,17136004,3.17949176465889e-13,12.4976422955641,5.8914535040598e-08,848687,0.132,125,-1.73970276876856,17002268,17259331,104,425,1e+06,0.2,20000,250000,TRUE,unique,Chr7,18236068,+,60,0.918091884007588,1,18101757,18360140,1003,1.00099800399202,LOC101753172;LOC101753580;LOC101754003;LOC101754398;LOC101754797;LOC101755199;LOC101756014;LOC101756691;LOC101761309;LOC101761697;LOC101762524;LOC111257892;LOC111258059,13,Seita.7G067000;Seita.7G067100;Seita.7G067200;Seita.7G067300;Seita.7G067400;Seita.7G067500;Seita.7G067600;Seita.7G067700;Seita.7G067800;Seita.7G067900;Seita.7G068000;Seita.7G068100;Seita.7G068200;Seita.7G068300;Seita.7G068400;Seita.7G068500;Seita.7G068600;Seita.7G068700;Seita.7G068800;Seita.7G358300;Seita.7G358400;Seita.7G358500;Seita.7G358600;Seita.7G358700;Seita.7G358800;Seita.7G358900;Seita.7G359000;Seita.7G359100,28
2023,dtf,FarmCPU,SCAFFOLD_7_17136277,7,17136277,2.65867197566936e-23,22.5753352421888,5.8914535040598e-08,848687,0.12,125,10.87717197611,17002268,17259331,111,430,1e+06,0.2,20000,250000,TRUE,unique,Chr7,18236341,+,60,0.918091884007588,1,18101757,18360140,1003,1.00099800399202,LOC101753172;LOC101753580;LOC101754003;LOC101754398;LOC101754797;LOC101755199;LOC101756014;LOC101756691;LOC101761309;LOC101761697;LOC101762524;LOC111257892;LOC111258059,13,Seita.7G067000;Seita.7G067100;Seita.7G067200;Seita.7G067300;Seita.7G067400;Seita.7G067500;Seita.7G067600;Seita.7G067700;Seita.7G067800;Seita.7G067900;Seita.7G068000;Seita.7G068100;Seita.7G068200;Seita.7G068300;Seita.7G068400;Seita.7G068500;Seita.7G068600;Seita.7G068700;Seita.7G068800;Seita.7G358300;Seita.7G358400;Seita.7G358500;Seita.7G358600;Seita.7G358700;Seita.7G358800;Seita.7G358900;Seita.7G359000;Seita.7G359100,28
2023,dtf,FarmCPU,SCAFFOLD_8_6077729,8,6077729,6.78551784567969e-13,12.1684170029874,5.8914535040598e-08,848687,0.144,125,-5.85821708508546,5905704,6154261,153,283,1e+06,0.2,20000,250000,TRUE,unique,Chr8,6750311,+,60,0.999301138764587,1,6579237,6826738,1691,1.00059171597633,LOC101765631;LOC101766461;LOC101766733;LOC101766879;LOC101767145;LOC101767290;LOC101767409;LOC101767687;LOC101767810;LOC101768486;LOC101768884;LOC111258304,12,Seita.8G062300;Seita.8G062400;Seita.8G062500;Seita.8G062600;Seita.8G062700;Seita.8G062800;Seita.8G062900;Seita.8G063000;Seita.8G063100;Seita.8G063200;Seita.8G063300;Seita.8G063500;Seita.8G063600;Seita.8G264800;Seita.8G264900;Seita.8G265000;Seita.8G265100;Seita.8G265200;Seita.8G265300;Seita.8G265400,20
2023,dtf,FarmCPU,SCAFFOLD_8_6080159,8,6080159,1.66315558985363e-13,12.7790671202008,5.8914535040598e-08,848687,0.128,125,-1.15132215242136,5895319,6154203,134,202,1e+06,0.2,20000,250000,TRUE,unique,Chr8,6752741,+,60,0.999301138764587,1,6568854,6826680,1708,1.00058582308143,LOC101765223;LOC101765631;LOC101766461;LOC101766733;LOC101766879;LOC101767145;LOC101767290;LOC101767409;LOC101767687;LOC101767810;LOC101768486;LOC101768884;LOC111258304,13,Seita.8G062200;Seita.8G062300;Seita.8G062400;Seita.8G062500;Seita.8G062600;Seita.8G062700;Seita.8G062800;Seita.8G062900;Seita.8G063000;Seita.8G063100;Seita.8G063200;Seita.8G063300;Seita.8G063500;Seita.8G063600;Seita.8G264800;Seita.8G264900;Seita.8G265000;Seita.8G265100;Seita.8G265200;Seita.8G265300;Seita.8G265400,21
2023,height_cm,BLINK,SCAFFOLD_1_38761213,1,38761213,2.96505397234618e-12,11.5279673968431,5.8914535040598e-08,848687,0.0891472868217054,129,-9.90430418379704,38666037,38783890,34,73,1e+06,0.2,20000,250000,TRUE,unique,Chr1,41334601,+,60,0.997338222854081,1,41239424,41357278,481,1.00208333333333,LOC101761527;LOC101762209,2,Seita.1G327400;Seita.1G327500;Seita.1G467400,3
2023,panicle_length_cm,BLINK,SCAFFOLD_3_47420200,3,47420200,1.08453835253934e-09,8.96475508541863,5.8914535040598e-08,848687,0.236559139784946,93,0.103988811630222,47214536,47472164,142,575,1e+06,0.2,20000,250000,TRUE,unique,Chr3,49516731,+,60,0.893681493740172,1,49310180,49568696,1100,1.00090991810737,LOC101770129;LOC101770523;LOC101772001;LOC101772666;LOC101773071;LOC101773476;LOC101773894;LOC101774293;LOC101774702;LOC101775105;LOC101780927;LOC101781333;LOC105913931;LOC111256590,14,Seita.3G369100;Seita.3G369200;Seita.3G369300;Seita.3G369400;Seita.3G369500;Seita.3G369600;Seita.3G369700;Seita.3G369800;Seita.3G369900;Seita.3G370000;Seita.3G370100;Seita.3G370200;Seita.3G370300;Seita.3G370400;Seita.3G370500;Seita.3G370600;Seita.3G370700;Seita.3G514600;Seita.3G514700;Seita.3G514800;Seita.3G514900;Seita.3G515000;Seita.3G515100;Seita.3G515200,24
2023,panicle_length_cm,BLINK,SCAFFOLD_3_47421587,3,47421587,2.52029399946179e-08,7.59854879457703,5.8914535040598e-08,848687,0.419354838709677,93,-0.0215387059834577,47171587,47477947,291,1471,1e+06,0.2,20000,250000,TRUE,unique,Chr3,49518118,+,60,0.893681493740172,1,49267271,49574479,1290,1.00077579519007,LOC101767968;LOC101768369;LOC101769051;LOC101769457;LOC101770129;LOC101770523;LOC101772001;LOC101772666;LOC101773071;LOC101773476;LOC101773894;LOC101774293;LOC101774702;LOC101775105;LOC101780522;LOC101780927;LOC101781333;LOC101782128;LOC105913931;LOC111256590;LOC111256850,21,Seita.3G368500;Seita.3G368600;Seita.3G368700;Seita.3G368800;Seita.3G368900;Seita.3G369000;Seita.3G369100;Seita.3G369200;Seita.3G369300;Seita.3G369400;Seita.3G369500;Seita.3G369600;Seita.3G369700;Seita.3G369800;Seita.3G369900;Seita.3G370000;Seita.3G370100;Seita.3G370200;Seita.3G370300;Seita.3G370400;Seita.3G370500;Seita.3G370600;Seita.3G370700;Seita.3G370800;Seita.3G370900;Seita.3G514500;Seita.3G514600;Seita.3G514700;Seita.3G514800;Seita.3G514900;Seita.3G515000;Seita.3G515100;Seita.3G515200,33
2023,panicle_length_cm,BLINK,SCAFFOLD_3_47423528,3,47423528,9.96406801989656e-11,10.001563316406,5.8914535040598e-08,848687,0.403225806451613,93,-0.460970717932877,47173528,47477947,301,1562,1e+06,0.2,20000,250000,TRUE,unique,Chr3,49520059,+,60,0.893681493740172,1,49269408,49574479,1281,1.00078125,LOC101767968;LOC101768369;LOC101769051;LOC101769457;LOC101770129;LOC101770523;LOC101772001;LOC101772666;LOC101773071;LOC101773476;LOC101773894;LOC101774293;LOC101774702;LOC101775105;LOC101780522;LOC101780927;LOC101781333;LOC101782128;LOC105913931;LOC111256590;LOC111256850,21,Seita.3G368500;Seita.3G368600;Seita.3G368700;Seita.3G368800;Seita.3G368900;Seita.3G369000;Seita.3G369100;Seita.3G369200;Seita.3G369300;Seita.3G369400;Seita.3G369500;Seita.3G369600;Seita.3G369700;Seita.3G369800;Seita.3G369900;Seita.3G370000;Seita.3G370100;Seita.3G370200;Seita.3G370300;Seita.3G370400;Seita.3G370500;Seita.3G370600;Seita.3G370700;Seita.3G370800;Seita.3G370900;Seita.3G514500;Seita.3G514600;Seita.3G514700;Seita.3G514800;Seita.3G514900;Seita.3G515000;Seita.3G515100;Seita.3G515200,33
2023,panicle_length_cm,BLINK,SCAFFOLD_3_47423965,3,47423965,9.60523655226455e-10,9.01749193511482,5.8914535040598e-08,848687,0.263440860215054,93,0.458586499361694,47352851,47472164,90,373,1e+06,0.2,20000,250000,TRUE,unique,Chr3,49520496,+,60,0.893681493740172,1,49449140,49568696,504,1.00198807157058,LOC101772001;LOC101772666;LOC101773071;LOC101773476;LOC101773894;LOC101774293;LOC101774702;LOC101775105;LOC101780927;LOC101781333,10,Seita.3G369700;Seita.3G369800;Seita.3G369900;Seita.3G370000;Seita.3G370100;Seita.3G370200;Seita.3G370300;Seita.3G370400;Seita.3G370500;Seita.3G370600;Seita.3G370700;Seita.3G514900;Seita.3G515000;Seita.3G515100;Seita.3G515200,15
2023,panicle_length_cm,BLINK,SCAFFOLD_3_47428046,3,47428046,1.92713932542335e-08,7.7150868862396,5.8914535040598e-08,848687,0.39247311827957,93,-0.142574857506036,47178046,47477947,298,1537,1e+06,0.2,20000,250000,TRUE,unique,Chr3,49524577,+,60,0.893681493740172,1,49273738,49574479,1265,1.00079113924051,LOC101767968;LOC101768369;LOC101769051;LOC101769457;LOC101770129;LOC101770523;LOC101772001;LOC101772666;LOC101773071;LOC101773476;LOC101773894;LOC101774293;LOC101774702;LOC101775105;LOC101780522;LOC101780927;LOC101781333;LOC101782128;LOC105913931;LOC111256590;LOC111256850,21,Seita.3G368500;Seita.3G368600;Seita.3G368700;Seita.3G368800;Seita.3G368900;Seita.3G369000;Seita.3G369100;Seita.3G369200;Seita.3G369300;Seita.3G369400;Seita.3G369500;Seita.3G369600;Seita.3G369700;Seita.3G369800;Seita.3G369900;Seita.3G370000;Seita.3G370100;Seita.3G370200;Seita.3G370300;Seita.3G370400;Seita.3G370500;Seita.3G370600;Seita.3G370700;Seita.3G370800;Seita.3G370900;Seita.3G514500;Seita.3G514600;Seita.3G514700;Seita.3G514800;Seita.3G514900;Seita.3G515000;Seita.3G515100;Seita.3G515200,33
2023,panicle_length_cm,BLINK,SCAFFOLD_3_47433021,3,47433021,4.01533221727167e-09,8.39627851659724,5.8914535040598e-08,848687,0.376344086021505,93,-0.276853353245963,47183021,47477947,294,1531,1e+06,0.2,20000,250000,TRUE,unique,Chr3,49529553,+,60,0.893681493740172,1,49278818,49574479,1245,1.0008038585209,LOC101768369;LOC101769051;LOC101769457;LOC101770129;LOC101770523;LOC101772001;LOC101772666;LOC101773071;LOC101773476;LOC101773894;LOC101774293;LOC101774702;LOC101775105;LOC101780522;LOC101780927;LOC101781333;LOC101782128;LOC105913931;LOC111256590;LOC111256850,20,Seita.3G368700;Seita.3G368800;Seita.3G368900;Seita.3G369000;Seita.3G369100;Seita.3G369200;Seita.3G369300;Seita.3G369400;Seita.3G369500;Seita.3G369600;Seita.3G369700;Seita.3G369800;Seita.3G369900;Seita.3G370000;Seita.3G370100;Seita.3G370200;Seita.3G370300;Seita.3G370400;Seita.3G370500;Seita.3G370600;Seita.3G370700;Seita.3G370800;Seita.3G370900;Seita.3G514600;Seita.3G514700;Seita.3G514800;Seita.3G514900;Seita.3G515000;Seita.3G515100;Seita.3G515200,30
2023,panicle_length_cm,BLINK,SCAFFOLD_3_47440057,3,47440057,4.35860047319687e-10,9.3606529383322,5.8914535040598e-08,848687,0.365591397849462,93,-0.31149338662455,47190057,47477947,237,1213,1e+06,0.2,20000,250000,TRUE,unique,Chr3,49536589,+,60,0.893681493740172,1,49286128,49574479,1224,1.00081766148814,LOC101768369;LOC101769051;LOC101769457;LOC101770129;LOC101770523;LOC101772001;LOC101772666;LOC101773071;LOC101773476;LOC101773894;LOC101774293;LOC101774702;LOC101775105;LOC101780522;LOC101780927;LOC101781333;LOC101782128;LOC105913931;LOC111256590;LOC111256850,20,Seita.3G368700;Seita.3G368800;Seita.3G368900;Seita.3G369000;Seita.3G369100;Seita.3G369200;Seita.3G369300;Seita.3G369400;Seita.3G369500;Seita.3G369600;Seita.3G369700;Seita.3G369800;Seita.3G369900;Seita.3G370000;Seita.3G370100;Seita.3G370200;Seita.3G370300;Seita.3G370400;Seita.3G370500;Seita.3G370600;Seita.3G370700;Seita.3G370800;Seita.3G370900;Seita.3G514600;Seita.3G514700;Seita.3G514800;Seita.3G514900;Seita.3G515000;Seita.3G515100;Seita.3G515200,30
2023,panicle_length_cm,BLINK,SCAFFOLD_3_47440311,3,47440311,3.90473028399145e-15,14.4084089592821,5.8914535040598e-08,848687,0.381720430107527,93,-1.83488090257769,47190311,47477947,273,1462,1e+06,0.2,20000,250000,TRUE,unique,Chr3,49536843,+,60,0.893681493740172,1,49286128,49574479,1224,1.00081766148814,LOC101768369;LOC101769051;LOC101769457;LOC101770129;LOC101770523;LOC101772001;LOC101772666;LOC101773071;LOC101773476;LOC101773894;LOC101774293;LOC101774702;LOC101775105;LOC101780522;LOC101780927;LOC101781333;LOC101782128;LOC105913931;LOC111256590;LOC111256850,20,Seita.3G368700;Seita.3G368800;Seita.3G368900;Seita.3G369000;Seita.3G369100;Seita.3G369200;Seita.3G369300;Seita.3G369400;Seita.3G369500;Seita.3G369600;Seita.3G369700;Seita.3G369800;Seita.3G369900;Seita.3G370000;Seita.3G370100;Seita.3G370200;Seita.3G370300;Seita.3G370400;Seita.3G370500;Seita.3G370600;Seita.3G370700;Seita.3G370800;Seita.3G370900;Seita.3G514600;Seita.3G514700;Seita.3G514800;Seita.3G514900;Seita.3G515000;Seita.3G515100;Seita.3G515200,30
2023,panicle_length_cm,BLINK,SCAFFOLD_3_47446767,3,47446767,3.62558754010204e-09,8.44062160433496,5.8914535040598e-08,848687,0.349462365591398,93,-0.0398392865127553,47196767,47477947,239,1294,1e+06,0.2,20000,250000,TRUE,unique,Chr3,49543299,+,60,0.893681493740172,1,49293219,49574479,1184,1.00084530853762,LOC101769051;LOC101769457;LOC101770129;LOC101770523;LOC101772001;LOC101772666;LOC101773071;LOC101773476;LOC101773894;LOC101774293;LOC101774702;LOC101775105;LOC101780522;LOC101780927;LOC101781333;LOC101782128;LOC105913931;LOC111256590;LOC111256850,19,Seita.3G368900;Seita.3G369000;Seita.3G369100;Seita.3G369200;Seita.3G369300;Seita.3G369400;Seita.3G369500;Seita.3G369600;Seita.3G369700;Seita.3G369800;Seita.3G369900;Seita.3G370000;Seita.3G370100;Seita.3G370200;Seita.3G370300;Seita.3G370400;Seita.3G370500;Seita.3G370600;Seita.3G370700;Seita.3G370800;Seita.3G370900;Seita.3G514600;Seita.3G514700;Seita.3G514800;Seita.3G514900;Seita.3G515000;Seita.3G515100;Seita.3G515200,28
2023,panicle_length_cm,BLINK,SCAFFOLD_3_47453746,3,47453746,1.16906393012395e-09,8.93216173884595,5.8914535040598e-08,848687,0.360215053763441,93,-0.0884408791280099,47203746,47477947,242,1378,1e+06,0.2,20000,250000,TRUE,unique,Chr3,49550278,+,60,0.893681493740172,1,49299645,49574479,1147,1.00087260034904,LOC101769457;LOC101770129;LOC101770523;LOC101772001;LOC101772666;LOC101773071;LOC101773476;LOC101773894;LOC101774293;LOC101774702;LOC101775105;LOC101780927;LOC101781333;LOC101782128;LOC105913931;LOC111256590;LOC111256850,17,Seita.3G369000;Seita.3G369100;Seita.3G369200;Seita.3G369300;Seita.3G369400;Seita.3G369500;Seita.3G369600;Seita.3G369700;Seita.3G369800;Seita.3G369900;Seita.3G370000;Seita.3G370100;Seita.3G370200;Seita.3G370300;Seita.3G370400;Seita.3G370500;Seita.3G370600;Seita.3G370700;Seita.3G370800;Seita.3G370900;Seita.3G514600;Seita.3G514700;Seita.3G514800;Seita.3G514900;Seita.3G515000;Seita.3G515100;Seita.3G515200,27
2023,panicle_length_cm,BLINK,SCAFFOLD_9_8442221,9,8442221,1.39303308110261e-10,9.85603857002993,5.8914535040598e-08,848687,0.435483870967742,93,1.32263651109398,8320323,8624445,156,576,1e+06,0.2,20000,250000,TRUE,unique,Chr9,8413071,+,60,0.997108890739199,1,8291082,8595333,401,1.0025,LOC101752586;LOC101770406;LOC101771328;LOC101771723;LOC101772128;LOC101772534;LOC101772939;LOC101773638;LOC101774043;LOC101774452;LOC101774847;LOC101775251;LOC101776335;LOC101777150;LOC101777828;LOC101778509;LOC101778915;LOC101779325;LOC101779715;LOC101780116;LOC101780516;LOC101781060;LOC101784727;LOC101785119;LOC111255747;LOC111255902;LOC111255903;LOC111255946;LOC111258419;LOC111258420;LOC111258421,31,Seita.9G132200;Seita.9G132300;Seita.9G132400;Seita.9G132500;Seita.9G132600;Seita.9G132700;Seita.9G132800;Seita.9G132900;Seita.9G133000;Seita.9G133100;Seita.9G133200;Seita.9G133300;Seita.9G133400;Seita.9G133500;Seita.9G133600;Seita.9G133700;Seita.9G133800;Seita.9G133900;Seita.9G134000;Seita.9G134100;Seita.9G134200;Seita.9G134400;Seita.9G134500;Seita.9G134700;Seita.9G134800;Seita.9G134900;Seita.9G135000;Seita.9G135100;Seita.9G135200;Seita.9G135300;Seita.9G135400;Seita.9G135600;Seita.9G135700;Seita.9G135800;Seita.9G135900;Seita.9G136000;Seita.9G587000;Seita.9G587100;Seita.9G587200;Seita.9G587300;Seita.9G587400;Seita.9G587500;Seita.9G587600;Seita.9G587700;Seita.9G587800;Seita.9G587900;Seita.9G588000;Seita.9G588100,48
2023,pedicel_length_cm,BLINK,SCAFFOLD_3_39272434,3,39272434,1.564704752813e-08,7.80556759825861,5.8914535040598e-08,848687,0.0591397849462366,93,1.89996048512393,39173613,39440042,100,429,1e+06,0.2,20000,250000,TRUE,unique,Chr3,41175964,+,60,0.995061805081061,1,41071524,41343618,829,1.0012077294686,LOC101759715;LOC101760532;LOC101760949;LOC101782393;LOC101783486;LOC101784557;LOC101785354,7,Seita.3G317000;Seita.3G317100;Seita.3G317200;Seita.3G317300;Seita.3G317400;Seita.3G317500;Seita.3G317600;Seita.3G317700;Seita.3G317800;Seita.3G317900;Seita.3G318000;Seita.3G318100;Seita.3G318200;Seita.3G318300;Seita.3G496000;Seita.3G496100;Seita.3G496200;Seita.3G496300;Seita.3G496400;Seita.3G496500,20
2023,pedicel_length_cm,BLINK,SCAFFOLD_6_33510626,6,33510626,1.0261087790926e-13,12.988806596675,5.8914535040598e-08,848687,0.032258064516129,93,3.13226160684369,33489160,33516779,15,53,1e+06,0.2,20000,250000,FALSE,unmapped,,,,,,,,,,,LOC101784904;LOC101786099;LOC101786768,3,,
2023,pedicel_length_cm,BLINK,SCAFFOLD_7_10664898,7,10664898,6.26604398641777e-09,8.20300656078029,5.8914535040598e-08,848687,0.021505376344086,93,2.68619669081634,10661277,10729041,29,276,1e+06,0.2,20000,250000,FALSE,unique,Chr7,11687562,+,60,0.999960768159438,1,11683941,11751705,212,1.00473933649289,LOC101753061;LOC101762368,2,Seita.7G033400;Seita.7G033500,2
2023,pedicel_length_cm,BLINK,SCAFFOLD_8_10301084,8,10301084,9.14433418319857e-12,11.0388479108644,5.8914535040598e-08,848687,0.0752688172043011,93,1.79423499779031,10295598,10319221,23,337,1e+06,0.2,20000,250000,TRUE,unique,Chr8,11017479,+,60,0.994444923289088,1,11011993,11035616,178,1.00564971751412,LOC101760245,1,Seita.8G085600;Seita.8G085700;Seita.8G085800;Seita.8G085900;Seita.8G275300,5
2023,pedicel_length_cm,BLINK,SCAFFOLD_8_1914271,8,1914271,1.7226761195921e-08,7.76379636660062,5.8914535040598e-08,848687,0.381720430107527,93,0.541517456502664,1906724,1924843,26,26,1e+06,0.2,20000,250000,TRUE,unique,Chr8,2547062,+,60,0.976147484511104,1,2539514,2557634,66,1.01538461538462,LOC101776565;LOC101782925;LOC111258280,3,Seita.8G029900;Seita.8G030000;Seita.8G030100;Seita.8G030200;Seita.8G194800,5
2023,pedicel_length_cm,FarmCPU,SCAFFOLD_2_32479851,2,32479851,6.08158339400653e-12,11.2159833335969,5.8914535040598e-08,848687,0.021505376344086,93,4.21562749942019,32450150,32479851,4,82,1e+06,0.2,20000,250000,FALSE,unique,Chr2,35955659,+,60,0.9995938160567,1,35925958,35955659,68,1.01492537313433,LOC101771556,1,Seita.2G222700;Seita.2G508500,2
2023,pedicel_length_cm,FarmCPU,SCAFFOLD_2_32565066,2,32565066,1.42724071690479e-12,11.8455027730613,5.8914535040598e-08,848687,0.043010752688172,93,0.499484475704397,32560925,32572409,5,82,1e+06,0.2,20000,250000,FALSE,unique,Chr2,36040869,+,60,0.9995938160567,1,36036728,36048212,47,1.02173913043478,LOC101774392,1,Seita.2G223700,1
2023,pedicel_length_cm,FarmCPU,SCAFFOLD_3_26719057,3,26719057,5.0419447344908e-11,10.2974019190002,5.8914535040598e-08,848687,0.0645161290322581,93,0.361794201571867,26685671,26747134,23,638,1e+06,0.2,20000,250000,TRUE,unique,Chr3,27324641,+,60,0.997244277786866,1,27291260,27352718,98,1.01030927835052,LOC101784956,1,Seita.3G284500;Seita.3G284600;Seita.3G475000;Seita.3G475100,4
2023,pedicel_length_cm,FarmCPU,SCAFFOLD_3_26817959,3,26817959,3.09072587452664e-11,10.5099395120702,5.8914535040598e-08,848687,0.408602150537634,93,3.42833865594239,26567959,26892870,164,1484,1e+06,0.2,20000,250000,TRUE,unique,Chr3,27421336,+,60,0.997244277786866,1,27177293,27494150,702,1.00142653352354,LOC101753090;LOC101773228;LOC101774849;LOC101781453;LOC101781856;LOC101782258;LOC101782665;LOC101783082;LOC101783742;LOC101784956;LOC101786556;LOC101786950;LOC111256588;LOC111256819,14,Seita.3G283600;Seita.3G283700;Seita.3G283800;Seita.3G283900;Seita.3G284000;Seita.3G284100;Seita.3G284200;Seita.3G284300;Seita.3G284400;Seita.3G284500;Seita.3G284600;Seita.3G284700;Seita.3G284800;Seita.3G284900;Seita.3G285000;Seita.3G285100;Seita.3G285200;Seita.3G285300;Seita.3G285400;Seita.3G285500;Seita.3G474800;Seita.3G474900;Seita.3G475000;Seita.3G475100;Seita.3G475200;Seita.3G475300,26
2023,pedicel_length_cm,FarmCPU,SCAFFOLD_6_30719876,6,30719876,6.59104772413302e-11,10.1810455437304,5.8914535040598e-08,848687,0.032258064516129,93,0.0617314297259665,30719876,30735957,3,31,1e+06,0.2,20000,250000,FALSE,unique,Chr6,32535993,+,60,0.998903905557566,1,32535993,32552078,27,1.03846153846154,LOC105914608;LOC106804396,2,Seita.6G182900,1
2023,pedicel_length_cm,FarmCPU,SCAFFOLD_6_30799288,6,30799288,4.84041346027644e-09,8.31511754004003,5.8914535040598e-08,848687,0.258064516129032,93,1.15646151455776,30799155,30799297,6,7,1e+06,0.2,20000,250000,TRUE,unique,Chr6,32614319,+,60,0.990541334246978,1,32614186,32614328,13,1.08333333333333,LOC111257680,1,Seita.6G183700,1
2023,pedicel_length_cm,FarmCPU,SCAFFOLD_8_36845614,8,36845614,2.57298180616783e-08,7.58956328472197,5.8914535040598e-08,848687,0.0698924731182796,93,0.981308144596018,36829466,36880553,11,76,1e+06,0.2,20000,250000,TRUE,unique,Chr8,39980157,+,60,0.993115928668881,1,39964009,40015096,254,1.00395256916996,LOC101777819;LOC101783472;LOC101783735;LOC101784145;LOC101784816;LOC101785745;LOC101786151;TRNAN-GUU-9,8,Seita.8G214900;Seita.8G215000;Seita.8G215100;Seita.8G215200;Seita.8G215300;Seita.8G215400;Seita.8G215500;Seita.8G333300,8
2023,pedicel_length_cm,FarmCPU,SCAFFOLD_8_36935954,8,36935954,1.88832244808864e-14,13.7239238440059,5.8914535040598e-08,848687,0.032258064516129,93,0.0934317967343977,36829466,36958571,40,247,1e+06,0.2,20000,250000,FALSE,unique,Chr8,40070394,+,60,0.993115928668881,1,39964009,40092980,645,1.00155279503106,LOC101752801;LOC101753215;LOC101753624;LOC101754434;LOC101777819;LOC101779041;LOC101779447;LOC101783472;LOC101783735;LOC101784145;LOC101784816;LOC101785745;LOC101786151;TRNAN-GUU-9,14,Seita.8G214900;Seita.8G215000;Seita.8G215100;Seita.8G215200;Seita.8G215300;Seita.8G215400;Seita.8G215500;Seita.8G215600;Seita.8G215700;Seita.8G215800;Seita.8G215900;Seita.8G216000;Seita.8G216100;Seita.8G216200;Seita.8G216300;Seita.8G216400;Seita.8G333300;Seita.8G333400;Seita.8G333500;Seita.8G333600,20
2023,pedicel_length_cm,MLM,SCAFFOLD_1_26518653,1,26518653,4.79401412104381e-08,7.31930069106115,5.8914535040598e-08,848687,0.0161290322580645,93,7.61931843000954,26518653,26538483,3,17,1e+06,0.2,20000,250000,FALSE,unique,Chr1,29063002,+,60,0.997848464394195,1,29063002,29082832,17,1.0625,LOC101757999;TRNAG-GCC-4,2,Seita.1G184400;Seita.1G184500,2
2023,pedicel_length_cm,MLM,SCAFFOLD_7_31481489,7,31481489,4.79401412104381e-08,7.31930069106115,5.8914535040598e-08,848687,0.0161290322580645,93,7.61931843000954,31444431,31515406,10,70,1e+06,0.2,20000,250000,FALSE,unique,Chr7,32883261,+,60,0.999561164438614,1,32846203,32917178,68,1.01492537313433,LOC101760490;LOC101767936;LOC101768338;LOC101769024;LOC101769423;LOC101769826;LOC101770369;LOC101770783;LOC105914789;LOC105914790;LOC105914791;LOC111258028,12,Seita.7G261400;Seita.7G261500;Seita.7G261600;Seita.7G261800;Seita.7G262000;Seita.7G262100;Seita.7G262200;Seita.7G262300;Seita.7G262400;Seita.7G262500;Seita.7G262600;Seita.7G402900;Seita.7G403000;Seita.7G403100,14
2023,pedicel_length_cm,MLM,SCAFFOLD_7_3876048,7,3876048,4.79401412104381e-08,7.31930069106115,5.8914535040598e-08,848687,0.0161290322580645,93,7.61931843000954,3876048,3876048,1,108,1e+06,0.2,20000,250000,FALSE,unique,Chr7,3796098,+,60,0.994178186734115,1,3796098,3796098,2,2,LOC101778059,1,Seita.7G020600,1
2023,pedicel_length_cm,MLM,SCAFFOLD_7_8340204,7,8340204,4.79401412104381e-08,7.31930069106115,5.8914535040598e-08,848687,0.0161290322580645,93,7.61931843000954,8340204,8404506,23,309,1e+06,0.2,20000,250000,FALSE,unique,Chr7,9334634,+,60,0.999873180245855,1,9334634,9398942,531,1.00188679245283,LOC101778188,1,Seita.7G340300;Seita.7G340400,2
2023,thousand_seed_weight_g,BLINK,SCAFFOLD_1_33452294,1,33452294,4.62548432451453e-11,10.334842786503,5.8914535040598e-08,848687,0.0930232558139535,86,-0.339179571448717,33452185,33452314,6,6,1e+06,0.2,20000,250000,TRUE,unique,Chr1,36034953,+,60,0.998856368100662,1,36034844,36034973,16,1.06666666666667,LOC101757340,1,Seita.1G260600,1
2023,thousand_seed_weight_g,BLINK,SCAFFOLD_4_35189988,4,35189988,1.37593641069106e-09,8.8614016366849,5.8914535040598e-08,848687,0.0465116279069767,86,-0.319589062091457,35182134,35208494,33,63,1e+06,0.2,20000,250000,FALSE,unique,Chr4,35905866,+,60,0.993320430301121,1,35898012,35924372,150,1.00671140939597,LOC101770300,1,Seita.4G371700,1
2023,thousand_seed_weight_g,BLINK,SCAFFOLD_4_6234334,4,6234334,1.34365699085726e-08,7.87171158395368,5.8914535040598e-08,848687,0.38953488372093,86,0.119105496803891,6192411,6400243,133,446,1e+06,0.2,20000,250000,TRUE,unique,Chr4,6209165,+,60,0.983574646778356,1,6167322,6367387,379,1.0026455026455,LOC101765021;LOC101765414;LOC101765814;LOC101766628;LOC101766641;LOC101767040;LOC101767055;LOC101767448;LOC101767463;LOC101768124;LOC101768527;LOC101768926;LOC101769338;LOC101769739;LOC101770149;LOC101770830;LOC101771217;LOC101771616;LOC101772020;LOC101772423;LOC101772825;LOC101773237;LOC101773647,23,Seita.4G079000;Seita.4G079100;Seita.4G079200;Seita.4G079300;Seita.4G079400;Seita.4G079500;Seita.4G079600;Seita.4G079700;Seita.4G079800;Seita.4G079900;Seita.4G080000;Seita.4G080100;Seita.4G080300;Seita.4G080400;Seita.4G080500;Seita.4G080600;Seita.4G080700;Seita.4G080800;Seita.4G080900;Seita.4G081000;Seita.4G081100;Seita.4G081200;Seita.4G081300;Seita.4G081400;Seita.4G304100;Seita.4G304200;Seita.4G304300;Seita.4G304400;Seita.4G304500;Seita.4G304600,30
2024_N120,days_to_harvest,BLINK,SCAFFOLD_1_22503775,1,22503775,1.96288469630893e-08,7.7071052109591,5.8914535040598e-08,848687,0.03125,80,30.3855628945779,22502203,22516010,22,111,1e+06,0.2,20000,250000,FALSE,unique,Chr1,24974541,+,60,0.99815550723551,1,24972969,24987017,185,1.0054347826087,LOC101783550,1,Seita.1G159800,1
2024_N120,days_to_harvest,FarmCPU,SCAFFOLD_1_22503775,1,22503775,2.83546784505742e-29,28.5473752733624,5.8914535040598e-08,848687,0.03125,80,49.1685444190159,22502203,22516010,22,111,1e+06,0.2,20000,250000,FALSE,unique,Chr1,24974541,+,60,0.99815550723551,1,24972969,24987017,185,1.0054347826087,LOC101783550,1,Seita.1G159800,1
2024_N120,days_to_harvest,FarmCPU,SCAFFOLD_1_22505166,1,22505166,1.35612217970483e-11,10.8677011809843,5.8914535040598e-08,848687,0.03125,80,-345.011852958117,22502203,22516010,22,111,1e+06,0.2,20000,250000,FALSE,unique,Chr1,24975932,+,60,0.99815550723551,1,24972969,24987017,185,1.0054347826087,LOC101783550,1,Seita.1G159800,1
2024_N120,days_to_harvest,FarmCPU,SCAFFOLD_1_3690946,1,3690946,1.46299187422321e-08,7.83475808603451,5.8914535040598e-08,848687,0.3,80,-6.19724144148676,3688505,3693347,14,87,1e+06,0.2,20000,250000,TRUE,unique,Chr1,3898371,+,60,0.998622038767463,1,3895930,3900772,51,1.02,LOC111257402,1,Seita.1G346000,1
2024_N120,days_to_harvest,FarmCPU,SCAFFOLD_8_30155739,8,30155739,1.15854557082629e-12,11.9360868787759,5.8914535040598e-08,848687,0.3125,80,-3.8044004371869,30020160,30173555,127,465,1e+06,0.2,20000,250000,TRUE,unique,Chr8,32984179,+,60,0.993993081920189,1,32849266,33001995,695,1.0014409221902,LOC101752950;LOC101754686;LOC101755783;LOC101756176;LOC101762815;LOC101763224;LOC101763631;LOC101764031;LOC101764842;LOC101765238,10,Seita.8G159400;Seita.8G159500;Seita.8G159600;Seita.8G159700;Seita.8G159800;Seita.8G159900;Seita.8G160000;Seita.8G160100;Seita.8G311800;Seita.8G311900;Seita.8G312000;Seita.8G312100;Seita.8G312200;Seita.8G312300;Seita.8G312400;Seita.8G312500,16
2024_N120,days_to_harvest,FarmCPU,SCAFFOLD_9_18607874,9,18607874,6.7843992501043e-10,9.16848860252387,5.8914535040598e-08,848687,0.06875,80,7.84479345735208,18607849,18607930,6,7,1e+06,0.2,20000,250000,TRUE,unique,Chr9,18619773,+,60,0.999908133907357,1,18619748,18619829,9,1.125,LOC101756095,1,Seita.9G239300,1
2024_N120,days_to_harvest,FarmCPU,SCAFFOLD_9_34064046,9,34064046,5.41457961054495e-08,7.26643525647318,5.8914535040598e-08,848687,0.40625,80,5.11439145955396,34064046,34064046,1,1,1e+06,0.2,20000,250000,TRUE,unique,Chr9,36691800,+,60,0.997717459084866,1,36691800,36691800,2,2,LOC101756883,1,Seita.9G296600,1
2024_N120,dtf,BLINK,SCAFFOLD_8_3818991,8,3818991,1.02319891921624e-20,19.9900399272654,5.8914535040598e-08,848687,0.1125,80,20.9560874625276,3679391,3880445,163,414,1e+06,0.2,20000,250000,TRUE,unique,Chr8,4460117,+,60,0.968316985832166,1,4323807,4522094,1436,0.996530187369882,LOC101753351;LOC101754827;LOC101771844,3,Seita.8G046200;Seita.8G046300;Seita.8G046400;Seita.8G046500;Seita.8G046600;Seita.8G046700;Seita.8G046800;Seita.8G046900;Seita.8G047000;Seita.8G047100;Seita.8G258300;Seita.8G258400,12
2024_N120,dtf,BLINK,SCAFFOLD_8_7342725,8,7342725,8.11317106104102e-14,13.0908093671033,5.8914535040598e-08,848687,0.175,80,8.12404629404555,7135838,7428834,290,767,1e+06,0.2,20000,250000,TRUE,unique,Chr8,8015700,+,60,0.999573880584295,1,7809022,8132964,1646,1.00060790273556,LOC101752543;LOC101753363;LOC101753770;LOC101754171;LOC101784670;LOC101784679;LOC101785063;LOC101785873;LOC105915031;LOC111258309,10,Seita.8G070400;Seita.8G070500;Seita.8G070600;Seita.8G070700;Seita.8G070800;Seita.8G070900;Seita.8G071000;Seita.8G071100;Seita.8G071200;Seita.8G071300;Seita.8G071400;Seita.8G071500;Seita.8G071600;Seita.8G071700;Seita.8G071900;Seita.8G072000;Seita.8G072100;Seita.8G072200;Seita.8G269000;Seita.8G269100;Seita.8G269200;Seita.8G269300;Seita.8G269400;Seita.8G269500;Seita.8G269600;Seita.8G269700;Seita.8G269800,27
2024_N120,dtf,BLINK,SCAFFOLD_9_13669831,9,13669831,4.07854522353028e-10,9.3894947178068,5.8914535040598e-08,848687,0.1,80,9.62185969956614,13669831,13671439,6,13,1e+06,0.2,20000,250000,TRUE,unique,Chr9,13668274,+,60,0.992145482349057,1,13668274,13669882,7,1.16666666666667,LOC101764451,1,Seita.9G602100,1
2024_N120,dtf,FarmCPU,SCAFFOLD_1_22503775,1,22503775,1.25915880628738e-16,15.8999194928112,5.8914535040598e-08,848687,0.03125,80,24.2684991842664,22502203,22516010,22,111,1e+06,0.2,20000,250000,FALSE,unique,Chr1,24974541,+,60,0.99815550723551,1,24972969,24987017,185,1.0054347826087,LOC101783550,1,Seita.1G159800,1
2024_N120,dtf,FarmCPU,SCAFFOLD_5_28169833,5,28169833,1.39073375893927e-08,7.85675600307093,5.8914535040598e-08,848687,0.16875,80,4.24142024424358,28169664,28169940,9,9,1e+06,0.2,20000,250000,TRUE,unique,Chr5,31419393,+,60,0.999096004339179,1,31419224,31419500,12,1.09090909090909,LOC101785265,1,Seita.5G221600,1
2024_N120,dtf,FarmCPU,SCAFFOLD_6_11125994,6,11125994,2.61351786009307e-15,14.5827745277019,5.8914535040598e-08,848687,0.15,80,-6.53003474220613,11125893,11125994,2,12,1e+06,0.2,20000,250000,TRUE,unique,Chr6,11416098,+,60,0.950296744366419,1,11415997,11416098,3,1.5,LOC101763710,1,Seita.6G099700,1
2024_N120,dtf,FarmCPU,SCAFFOLD_6_14291395,6,14291395,1.39239515773239e-08,7.85623749571076,5.8914535040598e-08,848687,0.2,80,3.58888976614697,14291338,14291402,4,4,1e+06,0.2,20000,250000,TRUE,unique,Chr6,14684585,+,60,0.998345218258015,1,14684528,14684592,5,1.25,LOC111257755,1,Seita.6G278900,1
2024_N120,dtf,FarmCPU,SCAFFOLD_8_3818991,8,3818991,6.84893973708863e-19,18.1643766550728,5.8914535040598e-08,848687,0.1125,80,14.0739094247735,3679391,3880445,163,414,1e+06,0.2,20000,250000,TRUE,unique,Chr8,4460117,+,60,0.968316985832166,1,4323807,4522094,1436,0.996530187369882,LOC101753351;LOC101754827;LOC101771844,3,Seita.8G046200;Seita.8G046300;Seita.8G046400;Seita.8G046500;Seita.8G046600;Seita.8G046700;Seita.8G046800;Seita.8G046900;Seita.8G047000;Seita.8G047100;Seita.8G258300;Seita.8G258400,12
2024_N120,dtf,FarmCPU,SCAFFOLD_8_39107500,8,39107500,2.30428236504829e-09,8.63746430386489,5.8914535040598e-08,848687,0.275,80,-2.55744206389972,39102537,39107669,6,13,1e+06,0.2,20000,250000,TRUE,unique,Chr8,42248485,+,60,0.999967686690148,1,42243522,42248654,47,1.02173913043478,LOC101773056,1,Seita.8G237900,1
2024_N120,dtf,FarmCPU,SCAFFOLD_8_7342725,8,7342725,9.2854002379361e-14,13.0321993716893,5.8914535040598e-08,848687,0.175,80,5.00520977650686,7135838,7428834,290,767,1e+06,0.2,20000,250000,TRUE,unique,Chr8,8015700,+,60,0.999573880584295,1,7809022,8132964,1646,1.00060790273556,LOC101752543;LOC101753363;LOC101753770;LOC101754171;LOC101784670;LOC101784679;LOC101785063;LOC101785873;LOC105915031;LOC111258309,10,Seita.8G070400;Seita.8G070500;Seita.8G070600;Seita.8G070700;Seita.8G070800;Seita.8G070900;Seita.8G071000;Seita.8G071100;Seita.8G071200;Seita.8G071300;Seita.8G071400;Seita.8G071500;Seita.8G071600;Seita.8G071700;Seita.8G071900;Seita.8G072000;Seita.8G072100;Seita.8G072200;Seita.8G269000;Seita.8G269100;Seita.8G269200;Seita.8G269300;Seita.8G269400;Seita.8G269500;Seita.8G269600;Seita.8G269700;Seita.8G269800,27
2024_N120,dtf,FarmCPU,SCAFFOLD_9_32219154,9,32219154,3.92039816639039e-11,10.4066698226008,5.8914535040598e-08,848687,0.20625,80,4.65077658644981,32032621,32469154,225,674,1e+06,0.2,20000,250000,TRUE,unique,Chr9,34827163,+,60,0.99368944693053,1,34638559,35080730,973,0.997948717948718,LOC101765535;LOC101765946;LOC101766217;LOC101766625;LOC101767038;LOC101767446;LOC101767848;LOC101768255;LOC101768660;LOC101769066;LOC101769472;LOC101770275;LOC101770679;LOC101771079;LOC101771470;LOC101771863;LOC106804544,17,Seita.9G287100;Seita.9G287200;Seita.9G287300;Seita.9G287400;Seita.9G287500;Seita.9G287600;Seita.9G287700;Seita.9G287800;Seita.9G287900;Seita.9G288000;Seita.9G288100;Seita.9G288200;Seita.9G288300;Seita.9G288400;Seita.9G288500;Seita.9G288600;Seita.9G288700;Seita.9G639400;Seita.9G639500;Seita.9G639600;Seita.9G639700;Seita.9G639800;Seita.9G639900;Seita.9G640000;Seita.9G640100;Seita.9G640200;Seita.9G640300;Seita.9G640400;Seita.9G640500;Seita.9G640600;Seita.9G640700;Seita.9G640800,32
2024_N120,height_cm,BLINK,SCAFFOLD_2_21670415,2,21670415,2.90781700547809e-10,9.53643292794083,5.8914535040598e-08,848687,0.0493827160493827,81,12.1157906829051,21630473,21685019,16,273,1e+06,0.2,20000,250000,FALSE,unique,Chr2,24718525,-,60,0.999906887962941,1,24703919,24758257,213,1.00471698113208,LOC101773428,1,Seita.2G153400,1
2024_N120,height_cm,BLINK,SCAFFOLD_8_33914787,8,33914787,2.35133830675019e-11,10.6286848807923,5.8914535040598e-08,848687,0.469135802469136,81,-5.44849569474678,33903955,33922739,10,52,1e+06,0.2,20000,250000,TRUE,unique,Chr8,36936315,+,60,0.99941402244294,1,36925483,36944267,204,1.00492610837438,LOC101755507;LOC101756584,2,Seita.8G191900;Seita.8G192000,2
2024_N120,height_cm,BLINK,SCAFFOLD_9_35698956,9,35698956,1.79086618956535e-08,7.7469368626738,5.8914535040598e-08,848687,0.265432098765432,81,6.03327402700508,35698859,35698963,4,4,1e+06,0.2,20000,250000,TRUE,unique,Chr9,38326857,+,60,0.999921446726854,1,38326760,38326864,7,1.16666666666667,LOC101768523,1,Seita.9G309200,1
2024_N120,height_cm,FarmCPU,SCAFFOLD_1_21707198,1,21707198,7.47934117675004e-10,9.12613665559855,5.8914535040598e-08,848687,0.0987654320987654,81,-6.23103376495531,21707168,21707246,3,3,1e+06,0.2,20000,250000,TRUE,unique,Chr1,24175455,+,60,0.998522012056396,1,24175425,24175503,4,1.33333333333333,LOC101769915,1,Seita.1G425300,1
2024_N120,height_cm,FarmCPU,SCAFFOLD_3_34180972,3,34180972,9.80814871945326e-10,9.00841295763518,5.8914535040598e-08,848687,0.209876543209877,81,-12.6657876409599,34131688,34374522,251,997,1e+06,0.2,20000,250000,TRUE,unique,Chr3,40185442,-,60,0.99773314007062,1,39993899,40233765,653,1,LOC101768103;LOC101768505;LOC101768903;LOC101769315;LOC101769328;LOC101769719;LOC101770127;LOC101770140;LOC101770520;LOC101770930;LOC101771320;LOC101771998;LOC101772400;LOC101772805;LOC105914083;LOC105914090;LOC111256625,17,Seita.3G299400;Seita.3G299500;Seita.3G299600;Seita.3G299700;Seita.3G299800;Seita.3G299900;Seita.3G300000;Seita.3G300100;Seita.3G300200;Seita.3G300300;Seita.3G300400;Seita.3G300500;Seita.3G300600;Seita.3G300700;Seita.3G300800;Seita.3G300900;Seita.3G301000;Seita.3G492900;Seita.3G493000;Seita.3G493100;Seita.3G493200;Seita.3G493300;Seita.3G493400,23
2024_N120,height_cm,FarmCPU,SCAFFOLD_3_38281324,3,38281324,2.32335572846408e-08,7.63388429037998,5.8914535040598e-08,848687,0.271604938271605,81,4.0609166444861,38281324,38281380,3,3,1e+06,0.2,20000,250000,TRUE,unique,Chr3,36066437,-,60,1,1,36066381,36066437,6,1.2,LOC101772527,1,Seita.3G486300,1
2024_N120,height_cm,FarmCPU,SCAFFOLD_3_38341311,3,38341311,1.65758644658829e-08,7.78052381297008,5.8914535040598e-08,848687,0.117283950617284,81,2.15952127152132,38330387,38542479,159,698,1e+06,0.2,20000,250000,TRUE,unique,Chr3,40247443,+,60,0.998512115629871,1,40236349,40448760,492,1.0020366598778,LOC101773891;LOC101782944;LOC105914094;LOC105914131;LOC111256656;LOC111256679;LOC111256835,7,Seita.3G313300;Seita.3G313400;Seita.3G313500;Seita.3G313600;Seita.3G313800;Seita.3G313900;Seita.3G314000;Seita.3G314100;Seita.3G314200;Seita.3G493500;Seita.3G493600;Seita.3G493700;Seita.3G493800;Seita.3G493900;Seita.3G494000,15
2024_N120,height_cm,FarmCPU,SCAFFOLD_4_32564308,4,32564308,3.06129879734198e-11,10.5140942791241,5.8914535040598e-08,848687,0.209876543209877,81,-4.36086274745822,32564308,32573742,2,84,1e+06,0.2,20000,250000,TRUE,unique,Chr4,33345584,+,60,0.999800953527388,1,33345584,33355018,61,1.01666666666667,LOC101781478,1,Seita.4G207900,1
2024_N120,height_cm,FarmCPU,SCAFFOLD_8_33914787,8,33914787,8.78768972686888e-13,12.056125285421,5.8914535040598e-08,848687,0.469135802469136,81,-3.90262617568121,33903955,33922739,10,52,1e+06,0.2,20000,250000,TRUE,unique,Chr8,36936315,+,60,0.99941402244294,1,36925483,36944267,204,1.00492610837438,LOC101755507;LOC101756584,2,Seita.8G191900;Seita.8G192000,2
2024_N120,height_cm,FarmCPU,SCAFFOLD_9_9021917,9,9021917,5.08271507300192e-14,13.2939042353084,5.8914535040598e-08,848687,0.0925925925925926,81,9.10980801590284,8954295,9097979,77,235,1e+06,0.2,20000,250000,TRUE,unique,Chr9,8994603,+,60,0.986742189174856,1,8926980,9070161,365,1.00274725274725,LOC101756237;LOC101756635;LOC101757050;LOC101757445;LOC101757844;LOC101758259;LOC101758664;LOC101761597;LOC101762011;LOC101762430;LOC101763093;LOC101763498;LOC101763902;LOC101764310;LOC101764716,15,Seita.9G140200;Seita.9G140300;Seita.9G140400;Seita.9G140500;Seita.9G140600;Seita.9G140700;Seita.9G140800;Seita.9G140900;Seita.9G141000;Seita.9G141100;Seita.9G141200;Seita.9G141300;Seita.9G141400;Seita.9G141500;Seita.9G141600;Seita.9G141700;Seita.9G141800;Seita.9G141900;Seita.9G142000;Seita.9G142100;Seita.9G142200;Seita.9G588800;Seita.9G588900;Seita.9G589000;Seita.9G589100,25
2024_N120,number_of_tillers,BLINK,SCAFFOLD_3_11991031,3,11991031,3.44282954680653e-08,7.46308447851921,5.8914535040598e-08,848687,0.0493827160493827,81,-0.0201172366073348,11991031,11998397,2,80,1e+06,0.2,20000,250000,FALSE,unique,Chr3,11988796,+,60,0.996361260378294,1,11988796,11996162,4,1.33333333333333,LOC101765778;LOC101766197,2,Seita.3G164100;Seita.3G164200,2
2024_N120,number_of_tillers,BLINK,SCAFFOLD_3_12082128,3,12082128,8.35266514350729e-20,19.0781749290146,5.8914535040598e-08,848687,0.0246913580246914,81,5.98122413316204,12082128,12082128,1,51,1e+06,0.2,20000,250000,FALSE,unique,Chr3,12079893,+,60,0.996361260378294,1,12079893,12079893,2,2,LOC101770253,1,Seita.3G165000,1
2024_N120,number_of_tillers,BLINK,SCAFFOLD_4_17869260,4,17869260,3.46359707209219e-20,19.4604726361538,5.8914535040598e-08,848687,0.0308641975308642,81,4.49636827826877,17867650,17920488,11,405,1e+06,0.2,20000,250000,FALSE,unique,Chr4,17892371,+,60,0.999326625805469,1,17890761,17943597,404,1.00248138957816,LOC101764327,1,Seita.4G146400,1
2024_N120,number_of_tillers,BLINK,SCAFFOLD_4_22532145,4,22532145,6.33251257556116e-10,9.19842393908319,5.8914535040598e-08,848687,0.141975308641975,81,1.14578003231212,22519512,22532145,14,69,1e+06,0.2,20000,250000,TRUE,unique,Chr4,23258769,+,60,0.998549577410774,1,23246382,23258769,48,1.02127659574468,LOC101755538,1,Seita.4G339600,1
2024_N120,number_of_tillers,BLINK,SCAFFOLD_8_21279441,8,21279441,4.8342189664801e-09,8.31567368206649,5.8914535040598e-08,848687,0.0987654320987654,81,1.1469706143431,21279441,21279590,7,19,1e+06,0.2,20000,250000,TRUE,unique,Chr8,23812005,+,60,0.99992331582378,1,23812005,23812154,10,1.11111111111111,LOC101760090,1,Seita.8G115400,1
2024_N120,number_of_tillers,BLINK,SCAFFOLD_8_33516269,8,33516269,3.9406463774283e-11,10.4044325357566,5.8914535040598e-08,848687,0.0432098765432099,81,0.222700582484308,33516269,33555447,18,124,1e+06,0.2,20000,250000,FALSE,unique,Chr8,36527593,+,60,0.998651979870998,1,36527593,36567042,372,1.00269541778976,LOC101756052;LOC101782920;LOC111258293,3,Seita.8G187900;Seita.8G188000;Seita.8G188100;Seita.8G188200;Seita.8G322800;Seita.8G322900,6
2024_N120,number_of_tillers,BLINK,SCAFFOLD_8_33517935,8,33517935,9.05515169402991e-21,20.0431042698857,5.8914535040598e-08,848687,0.0493827160493827,81,3.19056598858569,33516269,33555447,29,156,1e+06,0.2,20000,250000,FALSE,unique,Chr8,36529259,+,60,0.998651979870998,1,36527593,36567042,372,1.00269541778976,LOC101756052;LOC101782920;LOC111258293,3,Seita.8G187900;Seita.8G188000;Seita.8G188100;Seita.8G188200;Seita.8G322800;Seita.8G322900,6
2024_N120,number_of_tillers,FarmCPU,SCAFFOLD_3_9637687,3,9637687,1.75623217694629e-12,11.7554180701491,5.8914535040598e-08,848687,0.0493827160493827,81,2.115156912651,9574257,9637687,8,41,1e+06,0.2,20000,250000,FALSE,unique,Chr3,9639995,+,60,0.996493882597943,1,9576995,9639995,150,1.00671140939597,LOC101780095;LOC101780499;LOC101780901;LOC101781570,4,Seita.3G137900;Seita.3G138000;Seita.3G138100;Seita.3G138200;Seita.3G138300;Seita.3G428500,6
2024_N120,number_of_tillers,FarmCPU,SCAFFOLD_4_17869260,4,17869260,1.63417130364314e-49,48.7867024200634,5.8914535040598e-08,848687,0.0308641975308642,81,10.1186205270872,17867650,17920488,11,405,1e+06,0.2,20000,250000,FALSE,unique,Chr4,17892371,+,60,0.999326625805469,1,17890761,17943597,404,1.00248138957816,LOC101764327,1,Seita.4G146400,1
2024_N120,number_of_tillers,FarmCPU,SCAFFOLD_4_17903922,4,17903922,2.03847646573543e-12,11.6906942981241,5.8914535040598e-08,848687,0.0246913580246914,81,0.540717667682462,17903922,17910284,3,44,1e+06,0.2,20000,250000,FALSE,unique,Chr4,17927031,+,60,1,1,17927031,17933393,109,1.00925925925926,LOC101764731,1,Seita.4G146400,1
2024_N120,number_of_tillers,FarmCPU,SCAFFOLD_9_41180314,9,41180314,6.48851767253128e-12,11.1878545081565,5.8914535040598e-08,848687,0.0493827160493827,81,1.78184861753463,41179593,41190765,3,32,1e+06,0.2,20000,250000,FALSE,unique,Chr9,43806236,+,60,0.99740930162812,1,43805515,43816669,31,1.03333333333333,LOC101780933,1,Seita.9G351900,1
2024_N120,number_of_tillers,FarmCPU,SCAFFOLD_9_53175090,9,53175090,3.642800865761e-09,8.43856456888021,5.8914535040598e-08,848687,0.141975308641975,81,-0.561449791601535,53165105,53175090,3,26,1e+06,0.2,20000,250000,TRUE,unique,Chr9,54991696,+,60,0.998638180726596,1,54981710,54991696,7,1.16666666666667,LOC101785510;LOC101785921,2,Seita.9G494200;Seita.9G494300;Seita.9G691200,3
2024_N120,number_of_tillers,MLM,SCAFFOLD_1_11382373,1,11382373,6.12178736902759e-09,8.21312175903494,5.8914535040598e-08,848687,0.0185185185185185,81,11.9766266570047,11366021,11390374,13,120,1e+06,0.2,20000,250000,FALSE,unique,Chr1,11703424,+,60,0.874858223062382,1,11687072,11711425,51,1.02,LOC101776642;LOC101779394,2,Seita.1G127500;Seita.1G127600,2
2024_N120,number_of_tillers,MLM,SCAFFOLD_3_12082128,3,12082128,1.56673763638209e-08,7.80500372376839,5.8914535040598e-08,848687,0.0246913580246914,81,12.4357325092937,12082128,12082128,1,51,1e+06,0.2,20000,250000,FALSE,unique,Chr3,12079893,+,60,0.996361260378294,1,12079893,12079893,2,2,LOC101770253,1,Seita.3G165000,1
2024_N120,number_of_tillers,MLM,SCAFFOLD_3_33333968,3,33333968,3.61304546747966e-08,7.44212657312579,5.8914535040598e-08,848687,0.481481481481481,81,-13.8250768064606,33333968,33333968,1,15,1e+06,0.2,20000,250000,TRUE,unique,Chr3,35237157,+,60,0.99989968232737,1,35237157,35237157,2,2,LOC101764846,1,Seita.3G297900,1
2024_N120,number_of_tillers,MLM,SCAFFOLD_4_17869260,4,17869260,6.52617312718052e-10,9.18534140937409,5.8914535040598e-08,848687,0.0308641975308642,81,11.0096945257925,17867650,17920488,11,405,1e+06,0.2,20000,250000,FALSE,unique,Chr4,17892371,+,60,0.999326625805469,1,17890761,17943597,404,1.00248138957816,LOC101764327,1,Seita.4G146400,1
2024_N120,number_of_tillers,MLM,SCAFFOLD_4_19918410,4,19918410,3.41489993702308e-08,7.46662201743937,5.8914535040598e-08,848687,0.0246913580246914,81,10.2084620664334,19918410,19918410,1,45,1e+06,0.2,20000,250000,FALSE,unique,Chr4,19948114,+,60,0.97234077978615,1,19948114,19948114,2,2,LOC101755421,1,Seita.4G151600,1
2024_N120,number_of_tillers,MLM,SCAFFOLD_5_25977518,5,25977518,5.07546698428468e-09,8.29452399294822,5.8914535040598e-08,848687,0.037037037037037,81,9.39800353127532,25969985,25994429,15,133,1e+06,0.2,20000,250000,FALSE,unique,Chr5,28602467,+,60,0.993341873002914,1,28594934,28619378,102,1.00990099009901,LOC101755968,1,Seita.5G202600;Seita.5G202700,2
2024_N120,number_of_tillers,MLM,SCAFFOLD_6_8041207,6,8041207,4.11459421045932e-08,7.38567298933342,5.8914535040598e-08,848687,0.0308641975308642,81,9.44051418701756,7881500,8084083,35,118,1e+06,0.2,20000,250000,FALSE,unique,Chr6,8309251,+,60,0.999560615336006,1,8149594,8351379,445,1.00225225225225,LOC101752485;LOC101752896;LOC101753434;LOC101753849;LOC101754244;LOC101754635;LOC101758976;LOC101759375;LOC101760049;LOC101760451;LOC101760607;LOC101761142;LOC101761528;LOC101761930;LOC101762348;LOC101763033;LOC101763844;LOC105914519;LOC111257552;LOC111257742,20,Seita.6G088200;Seita.6G088300;Seita.6G088400;Seita.6G088500;Seita.6G088600;Seita.6G088700;Seita.6G088800;Seita.6G088900;Seita.6G089000;Seita.6G089200;Seita.6G089300;Seita.6G089400;Seita.6G089500;Seita.6G089600;Seita.6G089700;Seita.6G089800;Seita.6G089900;Seita.6G090000;Seita.6G090100;Seita.6G090200;Seita.6G090300;Seita.6G090400;Seita.6G267400;Seita.6G267500,24
2024_N120,number_of_tillers,MLM,SCAFFOLD_6_8636014,6,8636014,6.12178736902759e-09,8.21312175903494,5.8914535040598e-08,848687,0.0185185185185185,81,11.9766266570047,8627247,8719180,24,143,1e+06,0.2,20000,250000,FALSE,unique,Chr6,8900326,+,60,0.932101792149844,1,8891562,8994314,244,1.00411522633745,LOC101770340;LOC101770744;LOC101771267,3,Seita.6G091900;Seita.6G092000;Seita.6G092100,3
2024_N120,number_of_tillers,MLM,SCAFFOLD_7_12143351,7,12143351,5.85946666647581e-08,7.23214191202757,5.8914535040598e-08,848687,0.0246913580246914,81,9.70212093140548,12035437,12361425,114,353,1e+06,0.2,20000,250000,FALSE,unique,Chr7,13160254,+,60,0.99016857300434,1,13050653,13378802,1826,1.00054794520548,LOC101766036;LOC101766445;LOC101767671;LOC101768475;LOC101768874;LOC101769695;LOC101770100;LOC101770906;LOC101780865;LOC101782887;LOC101783573;LOC101783835;LOC101784513;LOC105914748;LOC111257806;LOC111257817;LOC111257900;LOC111257938;LOC111257939,19,Seita.7G038800;Seita.7G038900;Seita.7G039000;Seita.7G039100;Seita.7G039200;Seita.7G039300;Seita.7G039400;Seita.7G039500;Seita.7G039700;Seita.7G039800;Seita.7G039900;Seita.7G040000;Seita.7G040100;Seita.7G040200;Seita.7G040300;Seita.7G040400;Seita.7G040500;Seita.7G347000;Seita.7G347100;Seita.7G347200;Seita.7G347300;Seita.7G347400;Seita.7G347500;Seita.7G347600,24
2024_N120,number_of_tillers,MLM,SCAFFOLD_7_12448312,7,12448312,6.12178736902759e-09,8.21312175903494,5.8914535040598e-08,848687,0.0185185185185185,81,11.9766266570047,12394561,12466386,33,359,1e+06,0.2,20000,250000,FALSE,unique,Chr7,13466966,+,60,0.935691009391739,1,13411941,13485040,324,1.0030959752322,LOC101785178;LOC101785584;LOC101785986;LOC101786392,4,Seita.7G040600;Seita.7G040700;Seita.7G040800;Seita.7G040900;Seita.7G041000;Seita.7G347700,6
2024_N120,number_of_tillers,MLM,SCAFFOLD_7_12808312,7,12808312,3.74406753253041e-08,7.42665632640274,5.8914535040598e-08,848687,0.037037037037037,81,7.24467450201865,12730888,12877840,72,272,1e+06,0.2,20000,250000,FALSE,unique,Chr7,13828987,+,60,0.994535323951711,1,13751563,13897784,1056,1.00094786729858,LOC101752913;LOC101754002;LOC101754652;LOC101755336;LOC101755742;LOC111257940;TRNAH-GUG-8,7,Seita.7G041600;Seita.7G041700;Seita.7G041800;Seita.7G041900;Seita.7G042000;Seita.7G042100;Seita.7G348200,7
2024_N120,number_of_tillers,MLM,SCAFFOLD_7_12984901,7,12984901,5.80502984063689e-08,7.23619554343779,5.8914535040598e-08,848687,0.0246913580246914,81,9.70308922172639,12949168,13019523,42,334,1e+06,0.2,20000,250000,FALSE,unique,Chr7,14007514,+,60,0.999945498146937,1,13973012,14042138,452,1.00221729490022,LOC101756143;LOC101757110;LOC111257923,3,Seita.7G042200;Seita.7G042300;Seita.7G042400;Seita.7G348300;Seita.7G348400,5
2024_N120,number_of_tillers,MLM,SCAFFOLD_7_13081725,7,13081725,2.3122107509007e-08,7.63597258384067,5.8914535040598e-08,848687,0.0432098765432099,81,7.56593281321918,13057258,13181187,44,275,1e+06,0.2,20000,250000,FALSE,unique,Chr7,14105270,+,60,0.991961774145253,1,14080803,14203220,1025,1.0009765625,LOC101757893;LOC101758311;LOC101758719;LOC101759122;LOC101761951;LOC101762235;LOC101762631;LOC101763043;LOC101778605;LOC101779424;LOC101780224;LOC101780622,12,Seita.7G042500;Seita.7G042600;Seita.7G042700;Seita.7G042800;Seita.7G042900;Seita.7G043000;Seita.7G043100;Seita.7G043200;Seita.7G043300;Seita.7G043400;Seita.7G043500;Seita.7G348500;Seita.7G348600;Seita.7G348700;Seita.7G348800,15
2024_N120,number_of_tillers,MLM,SCAFFOLD_7_16545835,7,16545835,3.30916179084518e-09,8.48028199888621,5.8914535040598e-08,848687,0.0308641975308642,81,8.60718177376204,16528272,16700489,39,103,1e+06,0.2,20000,250000,FALSE,unique,Chr7,17649171,+,60,0.999838100377766,1,17632984,17804170,1029,1.00097276264591,LOC101755221;LOC101756437;LOC101777781;LOC101778190;LOC101778589;LOC101779004;LOC101779410;LOC101779798;LOC101780210;LOC111257891,10,Seita.7G062800;Seita.7G062900;Seita.7G063000;Seita.7G063100;Seita.7G063200;Seita.7G063300;Seita.7G063400;Seita.7G063500;Seita.7G063600;Seita.7G063700;Seita.7G063800;Seita.7G063900;Seita.7G064000;Seita.7G064100;Seita.7G064200;Seita.7G064300;Seita.7G064400;Seita.7G357000;Seita.7G357100;Seita.7G357200;Seita.7G357300,21
2024_N120,number_of_tillers,MLM,SCAFFOLD_7_16946630,7,16946630,2.22720573090551e-08,7.65223966456889,5.8914535040598e-08,848687,0.0493827160493827,81,6.9625637150632,16946630,16946630,1,101,1e+06,0.2,20000,250000,FALSE,unique,Chr7,18046392,+,60,0.99293957247894,1,18046392,18046392,2,2,LOC101760487,1,Seita.7G358000,1
2024_N120,number_of_tillers,MLM,SCAFFOLD_8_16061545,8,16061545,4.34591794648809e-08,7.36191847767584,5.8914535040598e-08,848687,0.037037037037037,81,7.1230940309739,16061545,16061545,1,12,1e+06,0.2,20000,250000,FALSE,unique,Chr8,16820997,+,60,0.977228292811649,1,16820997,16820997,2,2,LOC101763479,1,Seita.8G108000,1
2024_N120,number_of_tillers,MLM,SCAFFOLD_8_23333916,8,23333916,6.12178736902759e-09,8.21312175903494,5.8914535040598e-08,848687,0.0185185185185185,81,11.9766266570047,23333916,23333916,1,21,1e+06,0.2,20000,250000,FALSE,unique,Chr8,25870827,+,60,0.997870797164183,1,25870827,25870827,2,2,LOC101782784,1,Seita.8G122500,1
2024_N120,number_of_tillers,MLM,SCAFFOLD_8_33517935,8,33517935,4.18065398692381e-08,7.37875577547473,5.8914535040598e-08,848687,0.0493827160493827,81,6.44120359741345,33516269,33555447,29,156,1e+06,0.2,20000,250000,FALSE,unique,Chr8,36529259,+,60,0.998651979870998,1,36527593,36567042,372,1.00269541778976,LOC101756052;LOC101782920;LOC111258293,3,Seita.8G187900;Seita.8G188000;Seita.8G188100;Seita.8G188200;Seita.8G322800;Seita.8G322900,6
2024_N120,number_of_tillers,MLM,SCAFFOLD_8_39043378,8,39043378,1.05331437995968e-08,7.97744198674017,5.8914535040598e-08,848687,0.037037037037037,81,7.8256352589741,39014489,39068804,18,42,1e+06,0.2,20000,250000,FALSE,unique,Chr8,42184355,+,60,0.999922305959133,1,42155466,42209781,468,1.00214132762313,LOC101768894;LOC101769304;LOC101771445;LOC101776455,4,Seita.8G237300;Seita.8G237400;Seita.8G237500;Seita.8G237600;Seita.8G237700;Seita.8G341100;Seita.8G341200;Seita.8G341300;Seita.8G341400;Seita.8G341500,10
2024_N120,number_of_tillers,MLM,SCAFFOLD_8_39050149,8,39050149,4.97234116882597e-09,8.30343908062266,5.8914535040598e-08,848687,0.0308641975308642,81,8.37723804822325,39014489,39068804,18,42,1e+06,0.2,20000,250000,FALSE,unique,Chr8,42191126,+,60,0.999922305959133,1,42155466,42209781,468,1.00214132762313,LOC101768894;LOC101769304;LOC101771445;LOC101776455,4,Seita.8G237300;Seita.8G237400;Seita.8G237500;Seita.8G237600;Seita.8G237700;Seita.8G341100;Seita.8G341200;Seita.8G341300;Seita.8G341400;Seita.8G341500,10
2024_N120,protein_pct,BLINK,SCAFFOLD_1_14972328,1,14972328,6.84701833682614e-16,15.1644985090581,5.8914535040598e-08,848687,0.0522388059701493,67,4.42378329539991,14826411,14991715,83,581,1e+06,0.2,20000,250000,TRUE,unique,Chr1,15276585,+,60,0.997237806028789,1,15130883,15295972,761,1.00131578947368,LOC101783280;LOC101783666;LOC101784090,3,Seita.1G141700,1
2024_N120,protein_pct,BLINK,SCAFFOLD_3_12586644,3,12586644,4.42935471781509e-10,9.35365953854092,5.8914535040598e-08,848687,0.111940298507463,67,-1.74620783291603,12586627,12586676,3,4,1e+06,0.2,20000,250000,TRUE,unique,Chr3,12588385,+,60,0.972551763446439,1,12588368,12588417,5,1.25,LOC101755103,1,Seita.3G170400,1
2024_N120,protein_pct,BLINK,SCAFFOLD_4_28479463,4,28479463,9.35525606060554e-12,11.0289443210249,5.8914535040598e-08,848687,0.156716417910448,67,-1.97456461929087,28479463,28479703,3,18,1e+06,0.2,20000,250000,TRUE,unique,Chr4,29246059,+,60,0.957193083086441,1,29246059,29246299,5,1.25,LOC101783109,1,Seita.4G351600,1
2024_N120,protein_pct,BLINK,SCAFFOLD_8_14790106,8,14790106,8.19991296371243e-12,11.0861907573212,5.8914535040598e-08,848687,0.0671641791044776,67,2.62207938369489,14769810,15039971,87,480,1e+06,0.2,20000,250000,TRUE,unique,Chr8,15532037,+,60,0.99988431281814,1,15511741,15781904,1274,0.998432601880878,LOC101755503,1,Seita.8G106800;Seita.8G106900;Seita.8G283600;Seita.8G283700,4
2024_N120,protein_pct,BLINK,SCAFFOLD_8_15103152,8,15103152,1.11837044513765e-08,7.95141431842532,5.8914535040598e-08,848687,0.0298507462686567,67,3.29561895791637,15097934,15104957,6,196,1e+06,0.2,20000,250000,FALSE,unique,Chr8,15845087,+,60,0.999964473637465,1,15839869,15846892,115,1.00877192982456,LOC101757522,1,Seita.8G284000,1
2024_N120,protein_pct,FarmCPU,SCAFFOLD_1_37889530,1,37889530,3.72220889642852e-08,7.42919925720729,5.8914535040598e-08,848687,0.0298507462686567,67,-2.16831133897061,37889530,37889530,1,1,1e+06,0.2,20000,250000,FALSE,unique,Chr1,40456753,+,60,0.999944353245597,1,40456753,40456753,2,2,LOC101785967,1,Seita.1G318100,1
2024_N120,protein_pct,FarmCPU,SCAFFOLD_4_9071367,4,9071367,2.13872815235489e-12,11.6698444138554,5.8914535040598e-08,848687,0.126865671641791,67,2.01283352047652,9070344,9071428,4,6,1e+06,0.2,20000,250000,TRUE,unique,Chr4,9063991,+,60,0.996732537323809,1,9062968,9064052,33,1.03125,LOC101774053,1,Seita.4G102300,1
2024_N120,protein_pct,FarmCPU,SCAFFOLD_5_18703201,5,18703201,3.45936230646084e-09,8.46100395100769,5.8914535040598e-08,848687,0.134328358208955,67,-1.55889799330196,18688548,18717181,24,160,1e+06,0.2,20000,250000,TRUE,unique,Chr5,18881687,+,60,0.992838571524326,1,18867035,18895667,219,1.0045871559633,LOC101775825,1,Seita.5G174700,1
2024_N120,protein_pct,FarmCPU,SCAFFOLD_6_28801701,6,28801701,5.57699435056582e-18,17.2535997954438,5.8914535040598e-08,848687,0.104477611940299,67,3.17470159464105,28801701,28801774,2,4,1e+06,0.2,20000,250000,TRUE,unique,Chr6,30551576,+,60,0.999843440141948,1,30551576,30551649,3,1.5,LOC101757483,1,Seita.6G165100,1
2024_N120,protein_pct,FarmCPU,SCAFFOLD_8_15103152,8,15103152,5.64939952791707e-13,12.2479977106887,5.8914535040598e-08,848687,0.0298507462686567,67,3.96397354744978,15097934,15104957,6,196,1e+06,0.2,20000,250000,FALSE,unique,Chr8,15845087,+,60,0.999964473637465,1,15839869,15846892,115,1.00877192982456,LOC101757522,1,Seita.8G284000,1
2024_N120,protein_pct,FarmCPU,SCAFFOLD_9_4627139,9,4627139,2.53411086367089e-09,8.59617438928395,5.8914535040598e-08,848687,0.0597014925373134,67,-1.71428393734604,4627139,4627164,2,3,1e+06,0.2,20000,250000,TRUE,unique,Chr9,4623337,+,60,0.996785557274746,1,4623337,4623362,3,1.5,LOC111255899,1,Seita.9G078600,1
2024_N40,days_to_harvest,BLINK,SCAFFOLD_2_30514256,2,30514256,1.72123941400156e-08,7.76415871773275,5.8914535040598e-08,848687,0.1625,80,12.6577476460307,30499459,30514356,9,147,1e+06,0.2,20000,250000,TRUE,unique,Chr2,33989250,+,60,0.997549669205343,1,33974451,33989350,38,1.02702702702703,LOC101777784,1,Seita.2G204300,1
2024_N40,days_to_harvest,FarmCPU,SCAFFOLD_2_1225639,2,1225639,8.42468256112904e-13,12.0744464542011,5.8914535040598e-08,848687,0.4875,80,-4.39746153757034,1189826,1258446,40,72,1e+06,0.2,20000,250000,TRUE,unique,Chr2,1689862,+,60,0.99994139938274,1,1654049,1722543,191,1.00526315789474,LOC101759655;LOC101760347;LOC101763061;LOC101763871;LOC101764271;LOC105913703;LOC105913876;LOC111256202;LOC111256226;LOC111256273;LOC111256307,11,Seita.2G016000;Seita.2G016100;Seita.2G016200;Seita.2G016300;Seita.2G016400;Seita.2G016500;Seita.2G016600;Seita.2G016800;Seita.2G160500;Seita.2G160900;Seita.2G165700;Seita.2G166400,12
2024_N40,days_to_harvest,FarmCPU,SCAFFOLD_2_14229303,2,14229303,2.07540240200511e-12,11.682897684963,5.8914535040598e-08,848687,0.4375,80,-6.20851072295423,14074235,14284684,97,518,1e+06,0.2,20000,250000,TRUE,unique,Chr2,15685134,+,60,0.999582615396141,1,15530965,15740515,886,1.00112994350282,LOC101756164;LOC101756570;LOC101759120;LOC101759527;LOC101759936;LOC101760618;LOC101761021;LOC101761417;LOC101761814;LOC101763316;LOC101763983;LOC101764660;LOC106804152;TRNAP-CGG;TRNAP-CGG-2,15,Seita.2G124200;Seita.2G124300;Seita.2G124400;Seita.2G124500;Seita.2G124600;Seita.2G124700;Seita.2G124800;Seita.2G124900;Seita.2G125000;Seita.2G125100;Seita.2G125200;Seita.2G125300;Seita.2G470100;Seita.2G470200,14
2024_N40,days_to_harvest,FarmCPU,SCAFFOLD_6_29456212,6,29456212,1.17728197308711e-09,8.92911950598463,5.8914535040598e-08,848687,0.3375,80,3.38641308149553,29446409,29462789,12,431,1e+06,0.2,20000,250000,TRUE,unique,Chr6,31210902,+,60,0.999315610496824,1,31201099,31217479,20,1.05263157894737,LOC101774112,1,Seita.6G170800;Seita.6G170900;Seita.6G310300;Seita.6G310400,4
2024_N40,days_to_harvest,FarmCPU,SCAFFOLD_7_2121353,7,2121353,1.06755750542175e-31,30.9716087218161,5.8914535040598e-08,848687,0.06875,80,24.9905414130841,1902279,2138533,108,712,1e+06,0.2,20000,250000,TRUE,unique,Chr7,2042808,+,60,0.993370944992948,1,1819589,2060203,914,1.00109529025192,LOC101772911;LOC101773739;LOC101774147;LOC101774941;LOC101785033;LOC101785436;LOC101785985;LOC101786391;LOC105914710;LOC111257914;LOC111257915,11,Seita.7G011100;Seita.7G011300;Seita.7G011400;Seita.7G011500;Seita.7G011600;Seita.7G011700;Seita.7G011800;Seita.7G011900;Seita.7G012100;Seita.7G012200;Seita.7G114100;Seita.7G115700,12
2024_N40,days_to_harvest,FarmCPU,SCAFFOLD_7_2206801,7,2206801,5.71306278393246e-12,11.2431310032166,5.8914535040598e-08,848687,0.0625,80,0.0670047603126522,2161297,2257061,38,736,1e+06,0.2,20000,250000,TRUE,unique,Chr7,2127564,+,60,0.993370944992948,1,2082059,2177453,326,1.00307692307692,LOC101752639;LOC101753048;LOC101753734,3,Seita.7G012600;Seita.7G012700;Seita.7G012800;Seita.7G012900;Seita.7G013000;Seita.7G013100;Seita.7G115800,7
2024_N40,days_to_harvest,FarmCPU,SCAFFOLD_7_7058098,7,7058098,6.89518671708139e-09,8.16145396892248,5.8914535040598e-08,848687,0.075,80,-7.91838182889837,7007081,7058675,15,198,1e+06,0.2,20000,250000,TRUE,unique,Chr7,7003563,+,60,0.999827605121695,1,6952545,7004140,253,1.00396825396825,LOC101756835;LOC111257819,2,Seita.7G027500;Seita.7G338700,2
2024_N40,dtf,BLINK,SCAFFOLD_1_22503775,1,22503775,8.09340256976435e-11,10.0918688570523,5.8914535040598e-08,848687,0.03125,80,17.2320191163238,22502203,22516010,22,111,1e+06,0.2,20000,250000,FALSE,unique,Chr1,24974541,+,60,0.99815550723551,1,24972969,24987017,185,1.0054347826087,LOC101783550,1,Seita.1G159800,1
2024_N40,dtf,BLINK,SCAFFOLD_2_22584714,2,22584714,2.83862244717862e-17,16.5468923672525,5.8914535040598e-08,848687,0.04375,80,11.9682224198679,22553593,22584870,11,72,1e+06,0.2,20000,250000,FALSE,unique,Chr2,23803438,-,60,0.933019922760147,1,23803282,23838596,219,1.0045871559633,LOC101781946,1,Seita.2G480300;Seita.2G480400,2
2024_N40,dtf,BLINK,SCAFFOLD_2_30514256,2,30514256,7.2158074710364e-20,19.1417150629636,5.8914535040598e-08,848687,0.1625,80,11.5229734914716,30499459,30514356,9,147,1e+06,0.2,20000,250000,TRUE,unique,Chr2,33989250,+,60,0.997549669205343,1,33974451,33989350,38,1.02702702702703,LOC101777784,1,Seita.2G204300,1
2024_N40,dtf,BLINK,SCAFFOLD_4_12203750,4,12203750,7.66923554209484e-10,9.11524792371672,5.8914535040598e-08,848687,0.1125,80,5.45384517218401,12189692,12204010,9,11,1e+06,0.2,20000,250000,TRUE,unique,Chr4,12218673,+,60,0.996945509497054,1,12204615,12218933,57,1.01785714285714,LOC101761749,1,Seita.4G119900;Seita.4G120000,2
2024_N40,dtf,BLINK,SCAFFOLD_6_1024552,6,1024552,5.20918052433171e-08,7.28323059181618,5.8914535040598e-08,848687,0.25625,80,-1.97950862292951,1014796,1054776,39,170,1e+06,0.2,20000,250000,TRUE,unique,Chr6,1032781,+,60,0.953770367563471,1,1023024,1063228,290,1.00346020761246,LOC101752480;LOC101752890;LOC101785154;LOC101785558;LOC101786232;LOC101786626,6,Seita.6G014900;Seita.6G015000;Seita.6G015100;Seita.6G015200;Seita.6G015300;Seita.6G015400;Seita.6G015500,7
2024_N40,dtf,BLINK,SCAFFOLD_8_3818991,8,3818991,3.97050414538513e-17,16.4011543462197,5.8914535040598e-08,848687,0.1125,80,12.5109535976376,3679391,3880445,163,414,1e+06,0.2,20000,250000,TRUE,unique,Chr8,4460117,+,60,0.968316985832166,1,4323807,4522094,1436,0.996530187369882,LOC101753351;LOC101754827;LOC101771844,3,Seita.8G046200;Seita.8G046300;Seita.8G046400;Seita.8G046500;Seita.8G046600;Seita.8G046700;Seita.8G046800;Seita.8G046900;Seita.8G047000;Seita.8G047100;Seita.8G258300;Seita.8G258400,12
2024_N40,dtf,FarmCPU,SCAFFOLD_1_22503775,1,22503775,5.57815318606796e-13,12.2535095634026,5.8914535040598e-08,848687,0.03125,80,19.3728635222505,22502203,22516010,22,111,1e+06,0.2,20000,250000,FALSE,unique,Chr1,24974541,+,60,0.99815550723551,1,24972969,24987017,185,1.0054347826087,LOC101783550,1,Seita.1G159800,1
2024_N40,dtf,FarmCPU,SCAFFOLD_1_22505166,1,22505166,3.00861691806632e-11,10.521633106697,5.8914535040598e-08,848687,0.03125,80,384,22502203,22516010,22,111,1e+06,0.2,20000,250000,FALSE,unique,Chr1,24975932,+,60,0.99815550723551,1,24972969,24987017,185,1.0054347826087,LOC101783550,1,Seita.1G159800,1
2024_N40,dtf,FarmCPU,SCAFFOLD_1_23130690,1,23130690,1.33708700338345e-11,10.8738403325585,5.8914535040598e-08,848687,0.13125,80,5.40644247150062,23130690,23130690,1,20,1e+06,0.2,20000,250000,TRUE,unique,Chr1,25608546,+,60,0.999980346169468,1,25608546,25608546,2,2,LOC101756936,1,Seita.1G162500,1
2024_N40,dtf,FarmCPU,SCAFFOLD_2_30514256,2,30514256,1.00863306202355e-10,9.99626680018734,5.8914535040598e-08,848687,0.1625,80,6.12761034355501,30499459,30514356,9,147,1e+06,0.2,20000,250000,TRUE,unique,Chr2,33989250,+,60,0.997549669205343,1,33974451,33989350,38,1.02702702702703,LOC101777784,1,Seita.2G204300,1
2024_N40,dtf,FarmCPU,SCAFFOLD_7_1088019,7,1088019,5.66232947783281e-12,11.247004863646,5.8914535040598e-08,848687,0.35625,80,4.12947707550044,1001049,1153518,75,81,1e+06,0.2,20000,250000,TRUE,unique,Chr7,997426,+,60,0.999882567710391,1,910736,1062876,928,1.00107874865156,LOC101761566;LOC101761973;LOC101771282;LOC101771675;LOC101772080;LOC101772488;LOC101772891;LOC101773719;LOC101774125;LOC101774528;LOC101775200;LOC101775601;LOC101776007;LOC111257910;LOC111257911,15,Seita.7G005200;Seita.7G005300;Seita.7G005400;Seita.7G005500;Seita.7G005600;Seita.7G005700;Seita.7G005800;Seita.7G005900;Seita.7G006000;Seita.7G006100;Seita.7G006200;Seita.7G006300;Seita.7G006400;Seita.7G006500;Seita.7G054400;Seita.7G056000;Seita.7G057800;Seita.7G070200;Seita.7G070500,19
2024_N40,dtf,FarmCPU,SCAFFOLD_8_3815529,8,3815529,2.83210018579486e-10,9.54789138750477,5.8914535040598e-08,848687,0.05,80,4.12008907114667,3815359,3872207,24,312,1e+06,0.2,20000,250000,TRUE,unique,Chr8,4456655,+,60,0.968316985832166,1,4456485,4513856,719,0.993093922651934,LOC101754827,1,Seita.8G046800;Seita.8G046900;Seita.8G047000;Seita.8G047100;Seita.8G258400,5
2024_N40,dtf,FarmCPU,SCAFFOLD_8_3818991,8,3818991,1.97717987476597e-13,12.7039538187669,5.8914535040598e-08,848687,0.1125,80,10.0980724339946,3679391,3880445,163,414,1e+06,0.2,20000,250000,TRUE,unique,Chr8,4460117,+,60,0.968316985832166,1,4323807,4522094,1436,0.996530187369882,LOC101753351;LOC101754827;LOC101771844,3,Seita.8G046200;Seita.8G046300;Seita.8G046400;Seita.8G046500;Seita.8G046600;Seita.8G046700;Seita.8G046800;Seita.8G046900;Seita.8G047000;Seita.8G047100;Seita.8G258300;Seita.8G258400,12
2024_N40,dtf,FarmCPU,SCAFFOLD_8_39105946,8,39105946,5.67829021135139e-15,14.2457824149155,5.8914535040598e-08,848687,0.14375,80,4.34042758188377,39006445,39112239,30,94,1e+06,0.2,20000,250000,TRUE,unique,Chr8,42246931,+,60,0.999967686690148,1,42147525,42253223,738,0.997297297297297,LOC101768894;LOC101769304;LOC101771445;LOC101772253;LOC101772654;LOC101773056;LOC101776455;LOC111258205,8,Seita.8G237200;Seita.8G237300;Seita.8G237400;Seita.8G237500;Seita.8G237600;Seita.8G237700;Seita.8G237800;Seita.8G237900;Seita.8G238100;Seita.8G341100;Seita.8G341200;Seita.8G341300;Seita.8G341400;Seita.8G341500;Seita.8G341600;Seita.8G341700;Seita.8G341800,17
2024_N40,dtf,FarmCPU,SCAFFOLD_8_39142722,8,39142722,3.17440788572453e-09,8.49833727066931,5.8914535040598e-08,848687,0.06875,80,-0.393318076345784,39100914,39146124,16,130,1e+06,0.2,20000,250000,TRUE,unique,Chr8,42283486,+,60,0.99753275764345,1,42241899,42286673,198,1,LOC101772253;LOC101772654;LOC101773056;LOC101773463;LOC101773881;LOC111258287,6,Seita.8G237900;Seita.8G238100;Seita.8G238200;Seita.8G238300;Seita.8G238400;Seita.8G238500;Seita.8G341700;Seita.8G341800;Seita.8G341900,9
2024_N40,dtf,FarmCPU,SCAFFOLD_9_22255025,9,22255025,9.73514186968262e-13,12.0116577151484,5.8914535040598e-08,848687,0.15625,80,4.59236661263974,22235705,22274359,30,57,1e+06,0.2,20000,250000,TRUE,unique,Chr9,22269361,+,60,0.993639785821703,1,22250043,22288695,94,1.01075268817204,LOC101758370;LOC101768953,2,Seita.9G266100;Seita.9G624300;Seita.9G624400;Seita.9G624500,4
2024_N40,dtf,FarmCPU,SCAFFOLD_9_22263195,9,22263195,2.45265423763399e-08,7.61036367204298,5.8914535040598e-08,848687,0.125,80,0.172262146795044,22254075,22373679,26,171,1e+06,0.2,20000,250000,TRUE,unique,Chr9,22277531,+,60,0.993639785821703,1,22268411,22387090,270,1.00371747211896,LOC101758778;LOC101759591;LOC101771759;LOC101772160,4,Seita.9G266200;Seita.9G266300;Seita.9G266400;Seita.9G266500;Seita.9G624500;Seita.9G624600;Seita.9G624700;Seita.9G624800;Seita.9G624900,9
2024_N40,height_cm,BLINK,SCAFFOLD_4_9295665,4,9295665,9.7413594508959e-11,10.0113804311271,5.8914535040598e-08,848687,0.0679012345679012,81,-12.8719047905809,9295611,9295665,4,8,1e+06,0.2,20000,250000,TRUE,unique,Chr4,9287622,+,60,0.998232002828795,1,9287568,9287622,8,1.14285714285714,LOC101776345,1,Seita.4G103000,1
2024_N40,height_cm,FarmCPU,SCAFFOLD_3_32449754,3,32449754,1.89795466909857e-08,7.72171416450907,5.8914535040598e-08,848687,0.382716049382716,81,6.08736744191477,32447659,32449811,5,6,1e+06,0.2,20000,250000,TRUE,unique,Chr3,34307118,+,60,0.999728714746215,1,34305023,34307175,78,1.01298701298701,LOC101758481,1,Seita.3G482800,1
2024_N40,height_cm,FarmCPU,SCAFFOLD_6_4177763,6,4177763,3.76822038249173e-22,21.42386370564,5.8914535040598e-08,848687,0.037037037037037,81,-17.0724213586664,4106902,4196134,18,50,1e+06,0.2,20000,250000,FALSE,unique,Chr6,4307148,+,60,0.995988890610131,1,4236520,4324754,162,1.00621118012422,LOC101754916;LOC101755317;LOC101755725;LOC101773016;LOC106804378;TRNAS-GCU-7,6,Seita.6G052600;Seita.6G052700;Seita.6G052800;Seita.6G053000;Seita.6G053100;Seita.6G053200;Seita.6G053300;Seita.6G053400,8
2024_N40,height_cm,FarmCPU,SCAFFOLD_9_34515616,9,34515616,3.35107974680938e-08,7.47481523698503,5.8914535040598e-08,848687,0.0617283950617284,81,5.81203933829209,34515616,34515666,2,3,1e+06,0.2,20000,250000,TRUE,unique,Chr9,37145884,+,60,0.999965262097475,1,37145884,37145934,3,1.5,LOC101775410,1,Seita.9G299500,1
2024_N40,height_cm,FarmCPU,SCAFFOLD_9_50524054,9,50524054,6.06611094359136e-09,8.21708965110598,5.8914535040598e-08,848687,0.0493827160493827,81,-8.94692628791847,50524054,50524110,2,4,1e+06,0.2,20000,250000,FALSE,unique,Chr9,52367410,+,60,0.992845948188439,1,52367410,52367466,3,1.5,LOC101769341,1,Seita.9G684900,1
2024_N40,height_cm,FarmCPU,SCAFFOLD_9_9014711,9,9014711,9.50099147279939e-09,8.02223107169033,5.8914535040598e-08,848687,0.104938271604938,81,3.10515024439296,8938586,9097979,80,225,1e+06,0.2,20000,250000,TRUE,unique,Chr9,8987397,+,60,0.986742189174856,1,8911271,9070161,374,1.00268096514745,LOC101755834;LOC101756237;LOC101756635;LOC101757050;LOC101757445;LOC101757844;LOC101758259;LOC101758664;LOC101761078;LOC101761597;LOC101762011;LOC101762430;LOC101763093;LOC101763498;LOC101763902;LOC101764310;LOC101764716,17,Seita.9G140100;Seita.9G140200;Seita.9G140300;Seita.9G140400;Seita.9G140500;Seita.9G140600;Seita.9G140700;Seita.9G140800;Seita.9G140900;Seita.9G141000;Seita.9G141100;Seita.9G141200;Seita.9G141300;Seita.9G141400;Seita.9G141500;Seita.9G141600;Seita.9G141700;Seita.9G141800;Seita.9G141900;Seita.9G142000;Seita.9G142100;Seita.9G142200;Seita.9G588600;Seita.9G588700;Seita.9G588800;Seita.9G588900;Seita.9G589000;Seita.9G589100,28
2024_N40,height_cm,FarmCPU,SCAFFOLD_9_9021917,9,9021917,8.97393982836684e-22,21.0470168468038,5.8914535040598e-08,848687,0.0925925925925926,81,13.2966267813565,8954295,9097979,77,235,1e+06,0.2,20000,250000,TRUE,unique,Chr9,8994603,+,60,0.986742189174856,1,8926980,9070161,365,1.00274725274725,LOC101756237;LOC101756635;LOC101757050;LOC101757445;LOC101757844;LOC101758259;LOC101758664;LOC101761597;LOC101762011;LOC101762430;LOC101763093;LOC101763498;LOC101763902;LOC101764310;LOC101764716,15,Seita.9G140200;Seita.9G140300;Seita.9G140400;Seita.9G140500;Seita.9G140600;Seita.9G140700;Seita.9G140800;Seita.9G140900;Seita.9G141000;Seita.9G141100;Seita.9G141200;Seita.9G141300;Seita.9G141400;Seita.9G141500;Seita.9G141600;Seita.9G141700;Seita.9G141800;Seita.9G141900;Seita.9G142000;Seita.9G142100;Seita.9G142200;Seita.9G588800;Seita.9G588900;Seita.9G589000;Seita.9G589100,25
2024_N40,number_of_tillers,BLINK,SCAFFOLD_1_40696927,1,40696927,4.05996485083356e-09,8.39147772631323,5.8914535040598e-08,848687,0.0432098765432099,81,2.23398086749001,40696901,40696927,3,6,1e+06,0.2,20000,250000,FALSE,unique,Chr1,43270756,+,60,0.99928459007011,1,43270730,43270756,4,1.33333333333333,LOC101765064,1,Seita.1G355000,1
2024_N40,number_of_tillers,BLINK,SCAFFOLD_2_27461577,2,27461577,5.79667667323686e-09,8.23682092301118,5.8914535040598e-08,848687,0.12962962962963,81,1.55408341503414,27458357,27475774,51,63,1e+06,0.2,20000,250000,TRUE,unique,Chr2,30922353,+,60,0.999317250796541,1,30919133,30937924,164,1.00613496932515,LOC101767656,1,Seita.2G494600,1
2024_N40,number_of_tillers,BLINK,SCAFFOLD_4_2129383,4,2129383,9.5048299176697e-09,8.02205565012715,5.8914535040598e-08,848687,0.277777777777778,81,-1.31981215577951,2051307,2175213,70,409,1e+06,0.2,20000,250000,TRUE,unique,Chr4,2136571,+,60,0.999909599176657,1,2058578,2182401,311,1.00322580645161,LOC101757682;LOC101758091;LOC101758505;LOC101758912;LOC101759308;LOC101759717;LOC101760125;LOC101760535;LOC101761219;LOC101761607;LOC101762019;LOC101762438;LOC106804256;LOC111257104;TRNAG-GCC-10,15,Seita.4G031500;Seita.4G031600;Seita.4G031700;Seita.4G031800;Seita.4G031900;Seita.4G032000;Seita.4G032100;Seita.4G032200;Seita.4G032300;Seita.4G032400;Seita.4G032500;Seita.4G032600;Seita.4G032700;Seita.4G032800;Seita.4G032900;Seita.4G033000;Seita.4G172900;Seita.4G173700;Seita.4G176700,19
2024_N40,number_of_tillers,FarmCPU,SCAFFOLD_1_1424104,1,1424104,2.39482290512866e-09,8.62072659672503,5.8914535040598e-08,848687,0.0246913580246914,81,0.109519128095967,1424104,1424104,1,58,1e+06,0.2,20000,250000,FALSE,unique,Chr1,1430223,+,60,0.999040076793857,1,1430223,1430223,2,2,LOC105913928,1,Seita.1G016400,1
2024_N40,number_of_tillers,FarmCPU,SCAFFOLD_1_1463186,1,1463186,1.38988354721443e-11,10.8570215860199,5.8914535040598e-08,848687,0.111111111111111,81,0.922906887681308,1463186,1469575,5,77,1e+06,0.2,20000,250000,TRUE,unique,Chr1,1469299,+,60,0.999040076793857,1,1469299,1475688,15,1.07142857142857,LOC101757091,1,Seita.1G017100,1
2024_N40,number_of_tillers,FarmCPU,SCAFFOLD_2_15559387,2,15559387,5.34762428071983e-08,7.27183911347852,5.8914535040598e-08,848687,0.148148148148148,81,0.510822975265718,15328649,15809387,130,568,1e+06,0.2,20000,250000,TRUE,unique,Chr2,17012876,+,60,0.999329509525096,1,16780512,17262805,1145,1.00087412587413,LOC101754395;LOC101754795;LOC101755195;LOC101755607;LOC101756010;LOC101756689;LOC101757107;LOC101757496;LOC101757891;LOC101758586;LOC101758995;LOC101759799;LOC101760212;LOC101760620;LOC101761023;LOC101761419;LOC101761816;LOC101762233;LOC101762629;LOC101763039;LOC101763446;LOC101764121;LOC101764527;LOC101764938;LOC101766566;LOC101767654;LOC101768608;LOC101769816;LOC101770765;LOC101771551;LOC101772616;LOC101773021;LOC101773426;LOC101773847;LOC101775329;LOC101775740;LOC101776138;LOC101776829;LOC101778477;LOC101778715;LOC101779132;LOC101779536;LOC105913679;LOC105913898;LOC111256201;LOC111256210;LOC111256374;LOC111256375;LOC111256376;LOC111256488;TRNAP-CGG-3,51,Seita.2G131900;Seita.2G132000;Seita.2G132100;Seita.2G132200;Seita.2G132400;Seita.2G132500;Seita.2G132600;Seita.2G132700;Seita.2G132800;Seita.2G132900;Seita.2G133000;Seita.2G133200;Seita.2G133300;Seita.2G133400;Seita.2G133500;Seita.2G133600;Seita.2G133700;Seita.2G133800;Seita.2G133900;Seita.2G134000;Seita.2G134100;Seita.2G134200;Seita.2G134300;Seita.2G134400;Seita.2G134500;Seita.2G134600;Seita.2G134700;Seita.2G134800;Seita.2G134900;Seita.2G135000;Seita.2G135100;Seita.2G135200;Seita.2G135300;Seita.2G135400;Seita.2G135500;Seita.2G135600;Seita.2G135700;Seita.2G135800;Seita.2G135900;Seita.2G136000;Seita.2G136100;Seita.2G136200;Seita.2G136300;Seita.2G136400;Seita.2G136600;Seita.2G136700;Seita.2G136800;Seita.2G136900;Seita.2G137000;Seita.2G137100;Seita.2G137300;Seita.2G137400;Seita.2G137500;Seita.2G137600;Seita.2G472900;Seita.2G473000;Seita.2G473100;Seita.2G473200;Seita.2G473300;Seita.2G473400;Seita.2G473500;Seita.2G473600;Seita.2G473700;Seita.2G473800;Seita.2G473900;Seita.2G474000;Seita.2G474100,67
2024_N40,number_of_tillers,FarmCPU,SCAFFOLD_2_39210418,2,39210418,2.21523370672165e-14,13.6545804490412,5.8914535040598e-08,848687,0.0617283950617284,81,1.55679848185809,39191864,39269621,24,35,1e+06,0.2,20000,250000,TRUE,unique,Chr2,42652793,+,60,0.998280156048626,1,42634239,42711996,123,1.00819672131148,LOC101775207;LOC101775611;LOC101776016;LOC101776689;LOC101777104;LOC101777377;LOC101778325;LOC101778728;LOC101779144;LOC101784271;LOC106804166,11,Seita.2G298100;Seita.2G298200;Seita.2G298300;Seita.2G298400;Seita.2G298500;Seita.2G298600;Seita.2G298700;Seita.2G298800;Seita.2G298900;Seita.2G299000;Seita.2G527900;Seita.2G528000;Seita.2G528100,13
2024_N40,number_of_tillers,FarmCPU,SCAFFOLD_4_17236876,4,17236876,2.27778864694654e-09,8.642486576009,5.8914535040598e-08,848687,0.0246913580246914,81,-0.0154587367313794,17236876,17236876,1,31,1e+06,0.2,20000,250000,FALSE,unique,Chr4,17263986,+,60,0.999972306073278,1,17263986,17263986,2,2,LOC101758374,1,Seita.4G143200,1
2024_N40,number_of_tillers,FarmCPU,SCAFFOLD_4_17268080,4,17268080,2.01009417494686e-11,10.6967835949668,5.8914535040598e-08,848687,0.0493827160493827,81,0.277895136834076,17110050,17353104,110,507,1e+06,0.2,20000,250000,FALSE,unique,Chr4,17295190,+,60,0.999972306073278,1,17137227,17379843,737,1.00135869565217,LOC101757291;LOC101757565;LOC101757962;LOC101758374;LOC101758782;LOC101759063;LOC101762454;LOC111257065,8,Seita.4G143000;Seita.4G143100;Seita.4G143200;Seita.4G143300;Seita.4G143400;Seita.4G143500;Seita.4G143600;Seita.4G143700;Seita.4G143800;Seita.4G143900;Seita.4G144000;Seita.4G330700;Seita.4G330800;Seita.4G330900;Seita.4G331000;Seita.4G331100,16
2024_N40,number_of_tillers,FarmCPU,SCAFFOLD_4_17280232,4,17280232,7.0051429959395e-53,52.1545829950372,5.8914535040598e-08,848687,0.0246913580246914,81,9.65060612719562,17261137,17280232,3,31,1e+06,0.2,20000,250000,FALSE,unique,Chr4,17307342,+,60,0.999972306073278,1,17288247,17307342,169,1.00595238095238,LOC101758782,1,Seita.4G143300,1
2024_N40,number_of_tillers,FarmCPU,SCAFFOLD_5_43797155,5,43797155,2.45875894950235e-09,8.60928404630498,5.8914535040598e-08,848687,0.290123456790123,81,0.592399436734585,43617317,43926229,139,453,1e+06,0.2,20000,250000,TRUE,unique,Chr5,46433990,+,60,0.999342302195277,1,46254246,46562997,310,1.00323624595469,LOC101760986;LOC101761253;LOC101761645;LOC101762056;LOC101762474;LOC101763287;LOC101763693;LOC101764087;LOC101764495;LOC101764908;LOC101765571;LOC101765985;LOC101766393;LOC101767351;LOC101767748;LOC101768419;LOC101768820;LOC101769111;LOC101769240;LOC101769514;LOC101769911;LOC101771120;LOC101771920;LOC101772047;LOC101772454;LOC101772736;LOC101773147;LOC101773397;LOC101774896;LOC101775833;LOC101776233;LOC101776635;LOC101777326;LOC101777741;LOC105913490;LOC111257211;LOC111257214,37,Seita.5G412300;Seita.5G412400;Seita.5G412500;Seita.5G412600;Seita.5G412700;Seita.5G412800;Seita.5G412900;Seita.5G413000;Seita.5G413100;Seita.5G413300;Seita.5G413400;Seita.5G413500;Seita.5G413600;Seita.5G413700;Seita.5G413800;Seita.5G413900;Seita.5G414000;Seita.5G414100;Seita.5G414200;Seita.5G414400;Seita.5G414500;Seita.5G414600;Seita.5G414700;Seita.5G414800;Seita.5G414900;Seita.5G415000;Seita.5G415100;Seita.5G415200;Seita.5G415300;Seita.5G415400;Seita.5G415500;Seita.5G415600;Seita.5G415700;Seita.5G415800;Seita.5G415900;Seita.5G416000;Seita.5G416100;Seita.5G416200;Seita.5G416300;Seita.5G561300;Seita.5G561400;Seita.5G561500;Seita.5G561600;Seita.5G561700;Seita.5G561800;Seita.5G561900,46
2024_N40,number_of_tillers,FarmCPU,SCAFFOLD_6_32361467,6,32361467,5.34971481471964e-19,18.2716693689498,5.8914535040598e-08,848687,0.0987654320987654,81,1.47971626764173,32358651,32363185,7,11,1e+06,0.2,20000,250000,TRUE,unique,Chr6,34169717,+,60,0.995516026509645,1,34166901,34171435,20,1.05263157894737,LOC111257656,1,Seita.6G203700;Seita.6G319500,2
2024_N40,number_of_tillers,FarmCPU,SCAFFOLD_9_51027105,9,51027105,1.69010219090244e-08,7.77208703526605,5.8914535040598e-08,848687,0.0987654320987654,81,0.685220794225531,51016123,51063881,16,68,1e+06,0.2,20000,250000,TRUE,unique,Chr9,52871574,+,60,0.998363913804012,1,52860592,52907039,32,1.03225806451613,LOC101753252;LOC101753663;LOC101753931;LOC101754328;LOC101754730;LOC101755137;LOC101755541;LOC101755946;LOC101767336,9,Seita.9G466200;Seita.9G466300;Seita.9G466400;Seita.9G466500;Seita.9G466600;Seita.9G466700;Seita.9G466800;Seita.9G466900;Seita.9G467000,9
2024_N40,number_of_tillers,MLM,SCAFFOLD_1_15964788,1,15964788,4.00216028180729e-08,7.39770552236884,5.8914535040598e-08,848687,0.0308641975308642,81,7.91611004184881,15964788,15968114,2,93,1e+06,0.2,20000,250000,FALSE,unique,Chr1,16284125,+,60,0.976292703944369,1,16284125,16287451,64,1.01587301587302,LOC111257888,1,Seita.1G415900,1
2024_N40,number_of_tillers,MLM,SCAFFOLD_1_37787594,1,37787594,3.15512968869186e-08,7.50098278477938,5.8914535040598e-08,848687,0.037037037037037,81,6.86727069012314,37787594,37787594,1,30,1e+06,0.2,20000,250000,FALSE,unique,Chr1,40354679,+,60,0.999747405789186,1,40354679,40354679,2,2,LOC101755181,1,Seita.1G317200,1
2024_N40,number_of_tillers,MLM,SCAFFOLD_3_49554206,3,49554206,3.15512968869186e-08,7.50098278477938,5.8914535040598e-08,848687,0.037037037037037,81,6.86727069012314,49546766,49678662,30,144,1e+06,0.2,20000,250000,FALSE,unique,Chr3,51769841,+,60,0.971328427159433,1,51762401,51895737,724,0.997245179063361,LOC101752690;LOC101781583;LOC101781994;LOC101782399;LOC101783892;LOC101784301;LOC101784694;LOC101785083;LOC101785485;LOC101785895;LOC101786838,11,Seita.3G394300;Seita.3G394400;Seita.3G394500;Seita.3G394600;Seita.3G394700;Seita.3G394800;Seita.3G394900;Seita.3G395000;Seita.3G395100;Seita.3G395200;Seita.3G395300;Seita.3G395400;Seita.3G395500,13
2024_N40,number_of_tillers,MLM,SCAFFOLD_3_6349843,3,6349843,3.15512968869186e-08,7.50098278477938,5.8914535040598e-08,848687,0.037037037037037,81,6.86727069012314,6340208,6436785,34,43,1e+06,0.2,20000,250000,FALSE,unique,Chr3,6348177,+,60,0.964434460134075,1,6338542,6439304,207,1.00485436893204,LOC101773054;LOC101773461;LOC101773879;LOC101774279;LOC101774686;LOC101775363;LOC101775766;LOC101776166;LOC101776842;LOC101777250;LOC101777671;LOC101783092;LOC105913946,13,Seita.3G097400;Seita.3G097500;Seita.3G097600;Seita.3G097700;Seita.3G097800;Seita.3G097900;Seita.3G098000;Seita.3G098100;Seita.3G098200;Seita.3G098300;Seita.3G098400;Seita.3G098500;Seita.3G098600;Seita.3G098700;Seita.3G098800;Seita.3G098900;Seita.3G418800,17
2024_N40,number_of_tillers,MLM,SCAFFOLD_4_17280232,4,17280232,3.32842897419806e-09,8.47776070608289,5.8914535040598e-08,848687,0.0246913580246914,81,9.667063358204,17261137,17280232,3,31,1e+06,0.2,20000,250000,FALSE,unique,Chr4,17307342,+,60,0.999972306073278,1,17288247,17307342,169,1.00595238095238,LOC101758782,1,Seita.4G143300,1
2024_N40,number_of_tillers,MLM,SCAFFOLD_5_10249384,5,10249384,3.15512968869186e-08,7.50098278477938,5.8914535040598e-08,848687,0.037037037037037,81,6.86727069012314,10211339,10291635,13,246,1e+06,0.2,20000,250000,FALSE,unique,Chr5,10316721,+,60,0.997317334894157,1,10278673,10358897,58,1.01754385964912,LOC101771638;LOC101772567;LOC101772974;LOC101773384;LOC101775291;LOC101776223;LOC101776624;LOC101777315;LOC101777732;LOC101778144;LOC101779088;LOC101779615;LOC101783947;TRNAP-AGG-6,14,Seita.5G121900;Seita.5G122000;Seita.5G122100;Seita.5G122300;Seita.5G122400;Seita.5G122500;Seita.5G122600;Seita.5G122700;Seita.5G122800;Seita.5G122900;Seita.5G123000;Seita.5G123100;Seita.5G482500;Seita.5G482600;Seita.5G482700,15
2024_N40,number_of_tillers,MLM,SCAFFOLD_5_10356519,5,10356519,3.15512968869186e-08,7.50098278477938,5.8914535040598e-08,848687,0.037037037037037,81,6.86727069012314,10356519,10494705,17,254,1e+06,0.2,20000,250000,FALSE,unique,Chr5,10423781,+,60,0.997317334894157,1,10423781,10562145,243,1.00413223140496,LOC101781904;LOC101782571;LOC101782982;LOC101784200;LOC101784599;LOC101784753;LOC101784995;LOC101785396;LOC101785551;LOC101785804;LOC101785959;LOC101786211;LOC101786606;LOC111257318;LOC111257319;LOC111257383,16,Seita.5G123800;Seita.5G123900;Seita.5G124000;Seita.5G124100;Seita.5G124200;Seita.5G124300;Seita.5G124400;Seita.5G124500;Seita.5G124600;Seita.5G124700;Seita.5G124800;Seita.5G124900;Seita.5G125000;Seita.5G125100;Seita.5G125200;Seita.5G483200;Seita.5G483300;Seita.5G483400;Seita.5G483500;Seita.5G483600;Seita.5G483800;Seita.5G483900,22
2024_N40,number_of_tillers,MLM,SCAFFOLD_5_10441991,5,10441991,3.15512968869186e-08,7.50098278477938,5.8914535040598e-08,848687,0.037037037037037,81,6.86727069012314,10356519,10494705,17,264,1e+06,0.2,20000,250000,FALSE,unique,Chr5,10509563,+,60,0.996546103252135,1,10423781,10562145,243,1.00413223140496,LOC101781904;LOC101782571;LOC101782982;LOC101784200;LOC101784599;LOC101784753;LOC101784995;LOC101785396;LOC101785551;LOC101785804;LOC101785959;LOC101786211;LOC101786606;LOC111257318;LOC111257319;LOC111257383,16,Seita.5G123800;Seita.5G123900;Seita.5G124000;Seita.5G124100;Seita.5G124200;Seita.5G124300;Seita.5G124400;Seita.5G124500;Seita.5G124600;Seita.5G124700;Seita.5G124800;Seita.5G124900;Seita.5G125000;Seita.5G125100;Seita.5G125200;Seita.5G483200;Seita.5G483300;Seita.5G483400;Seita.5G483500;Seita.5G483600;Seita.5G483800;Seita.5G483900,22
2024_N40,number_of_tillers,MLM,SCAFFOLD_5_11953030,5,11953030,3.15512968869186e-08,7.50098278477938,5.8914535040598e-08,848687,0.037037037037037,81,6.86727069012314,11774290,12042975,90,242,1e+06,0.2,20000,250000,FALSE,unique,Chr5,12018355,+,60,0.999752035706858,1,11841959,12110237,305,1.00328947368421,LOC101755562;LOC101756506;LOC101756917;LOC101757314;LOC101757717;LOC101758129;LOC101758542;LOC101758948;LOC101759620;LOC101760311;LOC101760714;LOC101761243;LOC101761634;LOC101762047;LOC101762464;LOC101763957;LOC101764368;LOC101764771;LOC101765992;LOC105914383,20,Seita.5G135200;Seita.5G135300;Seita.5G135400;Seita.5G135500;Seita.5G135600;Seita.5G135700;Seita.5G135900;Seita.5G136000;Seita.5G136100;Seita.5G136200;Seita.5G136300;Seita.5G136400;Seita.5G136500;Seita.5G136700;Seita.5G136800;Seita.5G136900;Seita.5G137000;Seita.5G137100;Seita.5G137200;Seita.5G137300;Seita.5G137400;Seita.5G487700;Seita.5G487800;Seita.5G487900;Seita.5G488000;Seita.5G488100;Seita.5G488200;Seita.5G488300;Seita.5G488400;Seita.5G488500,30
2024_N40,number_of_tillers,MLM,SCAFFOLD_5_26335027,5,26335027,3.15512968869186e-08,7.50098278477938,5.8914535040598e-08,848687,0.037037037037037,81,6.86727069012314,26325166,26432755,31,186,1e+06,0.2,20000,250000,FALSE,unique,Chr5,28958345,+,60,0.998693419585915,1,28948484,29056074,154,1.00653594771242,LOC101767072;LOC101767477;LOC101768686;LOC101769091;LOC101769501;LOC101769905;LOC101770313;LOC101770977;LOC101771373;LOC101773549;LOC101775169;LOC111257338,12,Seita.5G204500;Seita.5G204600;Seita.5G204700;Seita.5G204800;Seita.5G204900;Seita.5G205000;Seita.5G205100;Seita.5G205200;Seita.5G205300;Seita.5G205400;Seita.5G205500;Seita.5G205600;Seita.5G205700;Seita.5G205800;Seita.5G518500,15
2024_N40,number_of_tillers,MLM,SCAFFOLD_5_34344687,5,34344687,3.5516227160217e-08,7.4495731749465,5.8914535040598e-08,848687,0.037037037037037,81,7.33422084132001,34326683,34382773,9,65,1e+06,0.2,20000,250000,FALSE,unique,Chr5,36975695,+,60,0.99760685772573,1,36957691,37013781,100,1.01010101010101,LOC101755030;LOC101772734;LOC101773145;LOC101773550;LOC101773963;LOC105914506;LOC111257263,7,Seita.5G284100;Seita.5G284200;Seita.5G284300;Seita.5G284400;Seita.5G537800;Seita.5G537900;Seita.5G538000,7
2024_N40,number_of_tillers,MLM,SCAFFOLD_5_9988392,5,9988392,3.15512968869186e-08,7.50098278477938,5.8914535040598e-08,848687,0.037037037037037,81,6.86727069012314,9979566,10002682,7,208,1e+06,0.2,20000,250000,FALSE,unique,Chr5,10056308,+,60,0.999984931135288,1,10047482,10070598,18,1.05882352941176,LOC101760975;LOC101761379,2,Seita.5G119300;Seita.5G119400,2
2024_N40,number_of_tillers,MLM,SCAFFOLD_6_12036542,6,12036542,3.15512968869186e-08,7.50098278477938,5.8914535040598e-08,848687,0.0185185185185185,81,13.7345413802463,12036542,12036542,1,1,1e+06,0.2,20000,250000,FALSE,unique,Chr6,12358976,+,60,0.970323521533379,1,12358976,12358976,2,2,LOC101768583,1,Seita.6G101000,1
2024_N40,number_of_tillers,MLM,SCAFFOLD_7_25243676,7,25243676,3.15512968869186e-08,7.50098278477938,5.8914535040598e-08,848687,0.0185185185185185,81,13.7345413802463,25236962,25247263,8,49,1e+06,0.2,20000,250000,FALSE,unique,Chr7,26394870,+,60,0.999510917030568,1,26388156,26398457,91,1.01111111111111,LOC101764403,1,Seita.7G382000,1
2024_N40,number_of_tillers,MLM,SCAFFOLD_9_45521896,9,45521896,5.28009531570994e-08,7.27735823755838,5.8914535040598e-08,848687,0.0185185185185185,81,8.13602797033758,45494350,45544428,11,15,1e+06,0.2,20000,250000,FALSE,unique,Chr9,47378973,+,60,0.991539625465727,1,47351427,47401505,74,1.01369863013699,LOC101752573;LOC101752987;LOC101753387;LOC101753799;LOC101769221;LOC101770030,6,Seita.9G392200;Seita.9G392300;Seita.9G392400;Seita.9G392500;Seita.9G392600;Seita.9G392700;Seita.9G392800,7
2024_N40,protein_pct,BLINK,SCAFFOLD_4_15902894,4,15902894,1.87813917410972e-14,13.7262722287321,5.8914535040598e-08,848687,0.0526315789473684,57,5.87440210512722,15902894,15902894,1,21,1e+06,0.2,20000,250000,TRUE,unique,Chr4,15919221,+,60,0.987156523305381,1,15919221,15919221,2,2,LOC101784575,1,Seita.4G328500,1
2024_N40,protein_pct,FarmCPU,SCAFFOLD_3_4622247,3,4622247,6.09115367643149e-11,10.2153004433513,5.8914535040598e-08,848687,0.043859649122807,57,-2.33435391714655,4622247,4622247,1,1,1e+06,0.2,20000,250000,FALSE,unique,Chr3,4611880,+,60,0.997366870576597,1,4611880,4611880,2,2,LOC101767547,1,Seita.3G073000,1
2024_N40,protein_pct,FarmCPU,SCAFFOLD_4_15902894,4,15902894,5.38251435561799e-16,15.2690148032031,5.8914535040598e-08,848687,0.0526315789473684,57,3.72842901014646,15902894,15902894,1,21,1e+06,0.2,20000,250000,TRUE,unique,Chr4,15919221,+,60,0.987156523305381,1,15919221,15919221,2,2,LOC101784575,1,Seita.4G328500,1
2024_N40,protein_pct,FarmCPU,SCAFFOLD_6_6013001,6,6013001,2.52534967933823e-08,7.59767847762753,5.8914535040598e-08,848687,0.0263157894736842,57,-2.15533225822398,6003109,6039689,30,61,1e+06,0.2,20000,250000,FALSE,unique,Chr6,6210918,+,60,0.999974203134835,1,6201026,6237196,265,1.00378787878788,LOC101769930,1,Seita.6G069900,1
2024_N40,protein_pct,FarmCPU,SCAFFOLD_9_37989786,9,37989786,6.95498827353989e-12,11.1577035979137,5.8914535040598e-08,848687,0.0701754385964912,57,1.98686457358401,37985705,37994296,6,11,1e+06,0.2,20000,250000,TRUE,unique,Chr9,40654785,+,60,0.999980548001696,1,40650704,40659295,109,1.00925925925926,LOC101760538,1,Seita.9G654800,1
