dataset,trait,model,SNP,Chr,Pos,P.value,minus_log10_p,bonferroni_threshold,markers_tested,MAF,nobs,Effect,ld_start,ld_end,linked_snps_in_interval,linked_snps_in_search_window,max_window_bp,ld_r2_threshold,max_linked_gap_bp,max_interval_radius_bp,trait_specific_maf_pass,lift_status,lift_t2t_chr,lift_t2t_pos,lift_strand,lift_mapq,lift_alignment_identity,lift_candidate_mappings,t2t_interval_start,t2t_interval_end,interval_markers_lifted,interval_mapping_fraction
2023,dtf,BLINK,SCAFFOLD_7_17136277,7,17136277,5.91550534268771e-12,11.2280081490637,5.8914535040598e-08,848687,0.12,125,9.03484194679238,17002268,17259331,111,430,1e+06,0.2,20000,250000,TRUE,unique,Chr7,18236341,+,60,0.918091884007588,1,18101757,18360140,1003,1.00099800399202
2023,dtf,BLINK,SCAFFOLD_7_17097268,7,17097268,5.73947763578339e-08,7.24112763203061,5.8914535040598e-08,848687,0.024,125,7.21830364737305,17074775,17342573,115,185,1e+06,0.2,20000,250000,FALSE,unique,Chr7,18197332,+,60,0.918091884007588,1,18174701,18443390,1187,1.0008431703204
2023,dtf,FarmCPU,SCAFFOLD_7_17136277,7,17136277,2.65867197566936e-23,22.5753352421888,5.8914535040598e-08,848687,0.12,125,10.87717197611,17002268,17259331,111,430,1e+06,0.2,20000,250000,TRUE,unique,Chr7,18236341,+,60,0.918091884007588,1,18101757,18360140,1003,1.00099800399202
2023,dtf,FarmCPU,SCAFFOLD_8_6080159,8,6080159,1.66315558985363e-13,12.7790671202008,5.8914535040598e-08,848687,0.128,125,-1.15132215242136,5895319,6154203,134,202,1e+06,0.2,20000,250000,TRUE,unique,Chr8,6752741,+,60,0.999301138764587,1,6568854,6826680,1708,1.00058582308143
2023,dtf,FarmCPU,SCAFFOLD_7_17136004,7,17136004,3.17949176465889e-13,12.4976422955641,5.8914535040598e-08,848687,0.132,125,-1.73970276876856,17002268,17259331,104,425,1e+06,0.2,20000,250000,TRUE,unique,Chr7,18236068,+,60,0.918091884007588,1,18101757,18360140,1003,1.00099800399202
2023,dtf,FarmCPU,SCAFFOLD_8_6077729,8,6077729,6.78551784567969e-13,12.1684170029874,5.8914535040598e-08,848687,0.144,125,-5.85821708508546,5905704,6154261,153,283,1e+06,0.2,20000,250000,TRUE,unique,Chr8,6750311,+,60,0.999301138764587,1,6579237,6826738,1691,1.00059171597633
2023,dtf,FarmCPU,SCAFFOLD_6_17566131,6,17566131,6.74497524262364e-11,10.1710196400635,5.8914535040598e-08,848687,0.052,125,-1.41806768452672,17563982,17594625,14,63,1e+06,0.2,20000,250000,TRUE,unique,Chr6,19128339,+,60,0.999152359399615,1,19126190,19156833,211,1.0047619047619
2023,dtf,FarmCPU,SCAFFOLD_5_22061824,5,22061824,9.38262612233007e-11,10.0276755890397,5.8914535040598e-08,848687,0.2,125,14.5945286327934,21981585,22116511,101,869,1e+06,0.2,20000,250000,TRUE,unique,Chr5,24671956,+,60,0.999596923976701,1,24591538,24726644,492,1.0020366598778
2023,dtf,FarmCPU,SCAFFOLD_4_19579692,4,19579692,9.52332922075218e-11,10.0212112018838,5.8914535040598e-08,848687,0.172,125,6.29130145854673,19579509,19580211,7,32,1e+06,0.2,20000,250000,TRUE,unique,Chr4,19610143,+,60,0.9999875249501,1,19609960,19610662,9,1.125
2023,dtf,FarmCPU,SCAFFOLD_2_23103649,2,23103649,5.39319018122598e-10,9.26815426482203,5.8914535040598e-08,848687,0.068,125,7.08613811527403,23103573,23103649,2,2,1e+06,0.2,20000,250000,TRUE,unique,Chr2,26505508,+,60,0.994137690491522,1,26505432,26505508,4,1.33333333333333
2023,dtf,FarmCPU,SCAFFOLD_4_19653541,4,19653541,2.36437354586344e-09,8.62628390846281,5.8914535040598e-08,848687,0.112,125,-1.03829636001242,19653541,19660524,2,58,1e+06,0.2,20000,250000,TRUE,unique,Chr4,19683348,+,60,0.998621306855975,1,19683348,19690331,55,1.01851851851852
2023,dtf,FarmCPU,SCAFFOLD_6_17599173,6,17599173,4.09643315006858e-09,8.38759412802373,5.8914535040598e-08,848687,0.056,125,-8.8240166981612,17552471,17610827,17,233,1e+06,0.2,20000,250000,TRUE,unique,Chr6,19161381,+,60,0.999152359399615,1,19114679,19173035,402,1.00249376558603
2023,dtf,FarmCPU,SCAFFOLD_5_37485238,5,37485238,5.27609509624112e-09,8.27768738533936,5.8914535040598e-08,848687,0.108,125,8.03836097753052,37457585,37487995,34,217,1e+06,0.2,20000,250000,TRUE,unique,Chr5,40177887,+,60,0.999473838059047,1,40150234,40180644,121,1.00833333333333
2023,dtf,FarmCPU,SCAFFOLD_2_2990856,2,2990856,2.28263920605663e-08,7.64156272766935,5.8914535040598e-08,848687,0.056,125,7.35917442562939,2990856,2990856,1,22,1e+06,0.2,20000,250000,TRUE,unique,Chr2,3458712,+,60,1,1,3458712,3458712,2,2
2023,height_cm,BLINK,SCAFFOLD_1_38761213,1,38761213,2.96505397234618e-12,11.5279673968431,5.8914535040598e-08,848687,0.0891472868217054,129,-9.90430418379704,38666037,38783890,34,73,1e+06,0.2,20000,250000,TRUE,unique,Chr1,41334601,+,60,0.997338222854081,1,41239424,41357278,481,1.00208333333333
2023,panicle_length_cm,BLINK,SCAFFOLD_3_47440311,3,47440311,3.90473028399145e-15,14.4084089592821,5.8914535040598e-08,848687,0.381720430107527,93,-1.83488090257769,47190311,47477947,273,1462,1e+06,0.2,20000,250000,TRUE,unique,Chr3,49536843,+,60,0.893681493740172,1,49286128,49574479,1224,1.00081766148814
2023,panicle_length_cm,BLINK,SCAFFOLD_3_47423528,3,47423528,9.96406801989656e-11,10.001563316406,5.8914535040598e-08,848687,0.403225806451613,93,-0.460970717932877,47173528,47477947,301,1562,1e+06,0.2,20000,250000,TRUE,unique,Chr3,49520059,+,60,0.893681493740172,1,49269408,49574479,1281,1.00078125
2023,panicle_length_cm,BLINK,SCAFFOLD_9_8442221,9,8442221,1.39303308110261e-10,9.85603857002993,5.8914535040598e-08,848687,0.435483870967742,93,1.32263651109398,8320323,8624445,156,576,1e+06,0.2,20000,250000,TRUE,unique,Chr9,8413071,+,60,0.997108890739199,1,8291082,8595333,401,1.0025
2023,panicle_length_cm,BLINK,SCAFFOLD_3_47440057,3,47440057,4.35860047319687e-10,9.3606529383322,5.8914535040598e-08,848687,0.365591397849462,93,-0.31149338662455,47190057,47477947,237,1213,1e+06,0.2,20000,250000,TRUE,unique,Chr3,49536589,+,60,0.893681493740172,1,49286128,49574479,1224,1.00081766148814
2023,panicle_length_cm,BLINK,SCAFFOLD_3_47423965,3,47423965,9.60523655226455e-10,9.01749193511482,5.8914535040598e-08,848687,0.263440860215054,93,0.458586499361694,47352851,47472164,90,373,1e+06,0.2,20000,250000,TRUE,unique,Chr3,49520496,+,60,0.893681493740172,1,49449140,49568696,504,1.00198807157058
2023,panicle_length_cm,BLINK,SCAFFOLD_3_47420200,3,47420200,1.08453835253934e-09,8.96475508541863,5.8914535040598e-08,848687,0.236559139784946,93,0.103988811630222,47214536,47472164,142,575,1e+06,0.2,20000,250000,TRUE,unique,Chr3,49516731,+,60,0.893681493740172,1,49310180,49568696,1100,1.00090991810737
2023,panicle_length_cm,BLINK,SCAFFOLD_3_47453746,3,47453746,1.16906393012395e-09,8.93216173884595,5.8914535040598e-08,848687,0.360215053763441,93,-0.0884408791280099,47203746,47477947,242,1378,1e+06,0.2,20000,250000,TRUE,unique,Chr3,49550278,+,60,0.893681493740172,1,49299645,49574479,1147,1.00087260034904
2023,panicle_length_cm,BLINK,SCAFFOLD_3_47446767,3,47446767,3.62558754010204e-09,8.44062160433496,5.8914535040598e-08,848687,0.349462365591398,93,-0.0398392865127553,47196767,47477947,239,1294,1e+06,0.2,20000,250000,TRUE,unique,Chr3,49543299,+,60,0.893681493740172,1,49293219,49574479,1184,1.00084530853762
2023,panicle_length_cm,BLINK,SCAFFOLD_3_47433021,3,47433021,4.01533221727167e-09,8.39627851659724,5.8914535040598e-08,848687,0.376344086021505,93,-0.276853353245963,47183021,47477947,294,1531,1e+06,0.2,20000,250000,TRUE,unique,Chr3,49529553,+,60,0.893681493740172,1,49278818,49574479,1245,1.0008038585209
2023,panicle_length_cm,BLINK,SCAFFOLD_3_47428046,3,47428046,1.92713932542335e-08,7.7150868862396,5.8914535040598e-08,848687,0.39247311827957,93,-0.142574857506036,47178046,47477947,298,1537,1e+06,0.2,20000,250000,TRUE,unique,Chr3,49524577,+,60,0.893681493740172,1,49273738,49574479,1265,1.00079113924051
2023,panicle_length_cm,BLINK,SCAFFOLD_3_47421587,3,47421587,2.52029399946179e-08,7.59854879457703,5.8914535040598e-08,848687,0.419354838709677,93,-0.0215387059834577,47171587,47477947,291,1471,1e+06,0.2,20000,250000,TRUE,unique,Chr3,49518118,+,60,0.893681493740172,1,49267271,49574479,1290,1.00077579519007
2023,pedicel_length_cm,BLINK,SCAFFOLD_6_33510626,6,33510626,1.0261087790926e-13,12.988806596675,5.8914535040598e-08,848687,0.032258064516129,93,3.13226160684369,33489160,33516779,15,53,1e+06,0.2,20000,250000,FALSE,unmapped,,,,,,,,,,
2023,pedicel_length_cm,BLINK,SCAFFOLD_8_10301084,8,10301084,9.14433418319857e-12,11.0388479108644,5.8914535040598e-08,848687,0.0752688172043011,93,1.79423499779031,10295598,10319221,23,337,1e+06,0.2,20000,250000,TRUE,unique,Chr8,11017479,+,60,0.994444923289088,1,11011993,11035616,178,1.00564971751412
2023,pedicel_length_cm,BLINK,SCAFFOLD_7_10664898,7,10664898,6.26604398641777e-09,8.20300656078029,5.8914535040598e-08,848687,0.021505376344086,93,2.68619669081634,10661277,10729041,29,276,1e+06,0.2,20000,250000,FALSE,unique,Chr7,11687562,+,60,0.999960768159438,1,11683941,11751705,212,1.00473933649289
2023,pedicel_length_cm,BLINK,SCAFFOLD_3_39272434,3,39272434,1.564704752813e-08,7.80556759825861,5.8914535040598e-08,848687,0.0591397849462366,93,1.89996048512393,39173613,39440042,100,429,1e+06,0.2,20000,250000,TRUE,unique,Chr3,41175964,+,60,0.995061805081061,1,41071524,41343618,829,1.0012077294686
2023,pedicel_length_cm,BLINK,SCAFFOLD_8_1914271,8,1914271,1.7226761195921e-08,7.76379636660062,5.8914535040598e-08,848687,0.381720430107527,93,0.541517456502664,1906724,1924843,26,26,1e+06,0.2,20000,250000,TRUE,unique,Chr8,2547062,+,60,0.976147484511104,1,2539514,2557634,66,1.01538461538462
2023,pedicel_length_cm,FarmCPU,SCAFFOLD_8_36935954,8,36935954,1.88832244808864e-14,13.7239238440059,5.8914535040598e-08,848687,0.032258064516129,93,0.0934317967343977,36829466,36958571,40,247,1e+06,0.2,20000,250000,FALSE,unique,Chr8,40070394,+,60,0.993115928668881,1,39964009,40092980,645,1.00155279503106
2023,pedicel_length_cm,FarmCPU,SCAFFOLD_2_32565066,2,32565066,1.42724071690479e-12,11.8455027730613,5.8914535040598e-08,848687,0.043010752688172,93,0.499484475704397,32560925,32572409,5,82,1e+06,0.2,20000,250000,FALSE,unique,Chr2,36040869,+,60,0.9995938160567,1,36036728,36048212,47,1.02173913043478
2023,pedicel_length_cm,FarmCPU,SCAFFOLD_2_32479851,2,32479851,6.08158339400653e-12,11.2159833335969,5.8914535040598e-08,848687,0.021505376344086,93,4.21562749942019,32450150,32479851,4,82,1e+06,0.2,20000,250000,FALSE,unique,Chr2,35955659,+,60,0.9995938160567,1,35925958,35955659,68,1.01492537313433
2023,pedicel_length_cm,FarmCPU,SCAFFOLD_3_26817959,3,26817959,3.09072587452664e-11,10.5099395120702,5.8914535040598e-08,848687,0.408602150537634,93,3.42833865594239,26567959,26892870,164,1484,1e+06,0.2,20000,250000,TRUE,unique,Chr3,27421336,+,60,0.997244277786866,1,27177293,27494150,702,1.00142653352354
2023,pedicel_length_cm,FarmCPU,SCAFFOLD_3_26719057,3,26719057,5.0419447344908e-11,10.2974019190002,5.8914535040598e-08,848687,0.0645161290322581,93,0.361794201571867,26685671,26747134,23,638,1e+06,0.2,20000,250000,TRUE,unique,Chr3,27324641,+,60,0.997244277786866,1,27291260,27352718,98,1.01030927835052
2023,pedicel_length_cm,FarmCPU,SCAFFOLD_6_30719876,6,30719876,6.59104772413302e-11,10.1810455437304,5.8914535040598e-08,848687,0.032258064516129,93,0.0617314297259665,30719876,30735957,3,31,1e+06,0.2,20000,250000,FALSE,unique,Chr6,32535993,+,60,0.998903905557566,1,32535993,32552078,27,1.03846153846154
2023,pedicel_length_cm,FarmCPU,SCAFFOLD_6_30799288,6,30799288,4.84041346027644e-09,8.31511754004003,5.8914535040598e-08,848687,0.258064516129032,93,1.15646151455776,30799155,30799297,6,7,1e+06,0.2,20000,250000,TRUE,unique,Chr6,32614319,+,60,0.990541334246978,1,32614186,32614328,13,1.08333333333333
2023,pedicel_length_cm,FarmCPU,SCAFFOLD_8_36845614,8,36845614,2.57298180616783e-08,7.58956328472197,5.8914535040598e-08,848687,0.0698924731182796,93,0.981308144596018,36829466,36880553,11,76,1e+06,0.2,20000,250000,TRUE,unique,Chr8,39980157,+,60,0.993115928668881,1,39964009,40015096,254,1.00395256916996
2023,pedicel_length_cm,MLM,SCAFFOLD_1_26518653,1,26518653,4.79401412104381e-08,7.31930069106115,5.8914535040598e-08,848687,0.0161290322580645,93,7.61931843000954,26518653,26538483,3,17,1e+06,0.2,20000,250000,FALSE,unique,Chr1,29063002,+,60,0.997848464394195,1,29063002,29082832,17,1.0625
2023,pedicel_length_cm,MLM,SCAFFOLD_7_3876048,7,3876048,4.79401412104381e-08,7.31930069106115,5.8914535040598e-08,848687,0.0161290322580645,93,7.61931843000954,3876048,3876048,1,108,1e+06,0.2,20000,250000,FALSE,unique,Chr7,3796098,+,60,0.994178186734115,1,3796098,3796098,2,2
2023,pedicel_length_cm,MLM,SCAFFOLD_7_8340204,7,8340204,4.79401412104381e-08,7.31930069106115,5.8914535040598e-08,848687,0.0161290322580645,93,7.61931843000954,8340204,8404506,23,309,1e+06,0.2,20000,250000,FALSE,unique,Chr7,9334634,+,60,0.999873180245855,1,9334634,9398942,531,1.00188679245283
2023,pedicel_length_cm,MLM,SCAFFOLD_7_31481489,7,31481489,4.79401412104381e-08,7.31930069106115,5.8914535040598e-08,848687,0.0161290322580645,93,7.61931843000954,31444431,31515406,10,70,1e+06,0.2,20000,250000,FALSE,unique,Chr7,32883261,+,60,0.999561164438614,1,32846203,32917178,68,1.01492537313433
2023,thousand_seed_weight_g,BLINK,SCAFFOLD_1_33452294,1,33452294,4.62548432451453e-11,10.334842786503,5.8914535040598e-08,848687,0.0930232558139535,86,-0.339179571448717,33452185,33452314,6,6,1e+06,0.2,20000,250000,TRUE,unique,Chr1,36034953,+,60,0.998856368100662,1,36034844,36034973,16,1.06666666666667
2023,thousand_seed_weight_g,BLINK,SCAFFOLD_4_35189988,4,35189988,1.37593641069106e-09,8.8614016366849,5.8914535040598e-08,848687,0.0465116279069767,86,-0.319589062091457,35182134,35208494,33,63,1e+06,0.2,20000,250000,FALSE,unique,Chr4,35905866,+,60,0.993320430301121,1,35898012,35924372,150,1.00671140939597
2023,thousand_seed_weight_g,BLINK,SCAFFOLD_4_6234334,4,6234334,1.34365699085726e-08,7.87171158395368,5.8914535040598e-08,848687,0.38953488372093,86,0.119105496803891,6192411,6400243,133,446,1e+06,0.2,20000,250000,TRUE,unique,Chr4,6209165,+,60,0.983574646778356,1,6167322,6367387,379,1.0026455026455
2024_N120,days_to_harvest,BLINK,SCAFFOLD_1_22503775,1,22503775,1.96288469630893e-08,7.7071052109591,5.8914535040598e-08,848687,0.03125,80,30.3855628945779,22502203,22516010,22,111,1e+06,0.2,20000,250000,FALSE,unique,Chr1,24974541,+,60,0.99815550723551,1,24972969,24987017,185,1.0054347826087
2024_N120,days_to_harvest,FarmCPU,SCAFFOLD_1_22503775,1,22503775,2.83546784505742e-29,28.5473752733624,5.8914535040598e-08,848687,0.03125,80,49.1685444190159,22502203,22516010,22,111,1e+06,0.2,20000,250000,FALSE,unique,Chr1,24974541,+,60,0.99815550723551,1,24972969,24987017,185,1.0054347826087
2024_N120,days_to_harvest,FarmCPU,SCAFFOLD_8_30155739,8,30155739,1.15854557082629e-12,11.9360868787759,5.8914535040598e-08,848687,0.3125,80,-3.8044004371869,30020160,30173555,127,465,1e+06,0.2,20000,250000,TRUE,unique,Chr8,32984179,+,60,0.993993081920189,1,32849266,33001995,695,1.0014409221902
2024_N120,days_to_harvest,FarmCPU,SCAFFOLD_1_22505166,1,22505166,1.35612217970483e-11,10.8677011809843,5.8914535040598e-08,848687,0.03125,80,-345.011852958117,22502203,22516010,22,111,1e+06,0.2,20000,250000,FALSE,unique,Chr1,24975932,+,60,0.99815550723551,1,24972969,24987017,185,1.0054347826087
2024_N120,days_to_harvest,FarmCPU,SCAFFOLD_9_18607874,9,18607874,6.7843992501043e-10,9.16848860252387,5.8914535040598e-08,848687,0.06875,80,7.84479345735208,18607849,18607930,6,7,1e+06,0.2,20000,250000,TRUE,unique,Chr9,18619773,+,60,0.999908133907357,1,18619748,18619829,9,1.125
2024_N120,days_to_harvest,FarmCPU,SCAFFOLD_1_3690946,1,3690946,1.46299187422321e-08,7.83475808603451,5.8914535040598e-08,848687,0.3,80,-6.19724144148676,3688505,3693347,14,87,1e+06,0.2,20000,250000,TRUE,unique,Chr1,3898371,+,60,0.998622038767463,1,3895930,3900772,51,1.02
2024_N120,days_to_harvest,FarmCPU,SCAFFOLD_9_34064046,9,34064046,5.41457961054495e-08,7.26643525647318,5.8914535040598e-08,848687,0.40625,80,5.11439145955396,34064046,34064046,1,1,1e+06,0.2,20000,250000,TRUE,unique,Chr9,36691800,+,60,0.997717459084866,1,36691800,36691800,2,2
2024_N120,dtf,BLINK,SCAFFOLD_8_3818991,8,3818991,1.02319891921624e-20,19.9900399272654,5.8914535040598e-08,848687,0.1125,80,20.9560874625276,3679391,3880445,163,414,1e+06,0.2,20000,250000,TRUE,unique,Chr8,4460117,+,60,0.968316985832166,1,4323807,4522094,1436,0.996530187369882
2024_N120,dtf,BLINK,SCAFFOLD_8_7342725,8,7342725,8.11317106104102e-14,13.0908093671033,5.8914535040598e-08,848687,0.175,80,8.12404629404555,7135838,7428834,290,767,1e+06,0.2,20000,250000,TRUE,unique,Chr8,8015700,+,60,0.999573880584295,1,7809022,8132964,1646,1.00060790273556
2024_N120,dtf,BLINK,SCAFFOLD_9_13669831,9,13669831,4.07854522353028e-10,9.3894947178068,5.8914535040598e-08,848687,0.1,80,9.62185969956614,13669831,13671439,6,13,1e+06,0.2,20000,250000,TRUE,unique,Chr9,13668274,+,60,0.992145482349057,1,13668274,13669882,7,1.16666666666667
2024_N120,dtf,FarmCPU,SCAFFOLD_8_3818991,8,3818991,6.84893973708863e-19,18.1643766550728,5.8914535040598e-08,848687,0.1125,80,14.0739094247735,3679391,3880445,163,414,1e+06,0.2,20000,250000,TRUE,unique,Chr8,4460117,+,60,0.968316985832166,1,4323807,4522094,1436,0.996530187369882
2024_N120,dtf,FarmCPU,SCAFFOLD_1_22503775,1,22503775,1.25915880628738e-16,15.8999194928112,5.8914535040598e-08,848687,0.03125,80,24.2684991842664,22502203,22516010,22,111,1e+06,0.2,20000,250000,FALSE,unique,Chr1,24974541,+,60,0.99815550723551,1,24972969,24987017,185,1.0054347826087
2024_N120,dtf,FarmCPU,SCAFFOLD_6_11125994,6,11125994,2.61351786009307e-15,14.5827745277019,5.8914535040598e-08,848687,0.15,80,-6.53003474220613,11125893,11125994,2,12,1e+06,0.2,20000,250000,TRUE,unique,Chr6,11416098,+,60,0.950296744366419,1,11415997,11416098,3,1.5
2024_N120,dtf,FarmCPU,SCAFFOLD_8_7342725,8,7342725,9.2854002379361e-14,13.0321993716893,5.8914535040598e-08,848687,0.175,80,5.00520977650686,7135838,7428834,290,767,1e+06,0.2,20000,250000,TRUE,unique,Chr8,8015700,+,60,0.999573880584295,1,7809022,8132964,1646,1.00060790273556
2024_N120,dtf,FarmCPU,SCAFFOLD_9_32219154,9,32219154,3.92039816639039e-11,10.4066698226008,5.8914535040598e-08,848687,0.20625,80,4.65077658644981,32032621,32469154,225,674,1e+06,0.2,20000,250000,TRUE,unique,Chr9,34827163,+,60,0.99368944693053,1,34638559,35080730,973,0.997948717948718
2024_N120,dtf,FarmCPU,SCAFFOLD_8_39107500,8,39107500,2.30428236504829e-09,8.63746430386489,5.8914535040598e-08,848687,0.275,80,-2.55744206389972,39102537,39107669,6,13,1e+06,0.2,20000,250000,TRUE,unique,Chr8,42248485,+,60,0.999967686690148,1,42243522,42248654,47,1.02173913043478
2024_N120,dtf,FarmCPU,SCAFFOLD_5_28169833,5,28169833,1.39073375893927e-08,7.85675600307093,5.8914535040598e-08,848687,0.16875,80,4.24142024424358,28169664,28169940,9,9,1e+06,0.2,20000,250000,TRUE,unique,Chr5,31419393,+,60,0.999096004339179,1,31419224,31419500,12,1.09090909090909
2024_N120,dtf,FarmCPU,SCAFFOLD_6_14291395,6,14291395,1.39239515773239e-08,7.85623749571076,5.8914535040598e-08,848687,0.2,80,3.58888976614697,14291338,14291402,4,4,1e+06,0.2,20000,250000,TRUE,unique,Chr6,14684585,+,60,0.998345218258015,1,14684528,14684592,5,1.25
2024_N120,height_cm,BLINK,SCAFFOLD_8_33914787,8,33914787,2.35133830675019e-11,10.6286848807923,5.8914535040598e-08,848687,0.469135802469136,81,-5.44849569474678,33903955,33922739,10,52,1e+06,0.2,20000,250000,TRUE,unique,Chr8,36936315,+,60,0.99941402244294,1,36925483,36944267,204,1.00492610837438
2024_N120,height_cm,BLINK,SCAFFOLD_2_21670415,2,21670415,2.90781700547809e-10,9.53643292794083,5.8914535040598e-08,848687,0.0493827160493827,81,12.1157906829051,21630473,21685019,16,273,1e+06,0.2,20000,250000,FALSE,unique,Chr2,24718525,-,60,0.999906887962941,1,24703919,24758257,213,1.00471698113208
2024_N120,height_cm,BLINK,SCAFFOLD_9_35698956,9,35698956,1.79086618956535e-08,7.7469368626738,5.8914535040598e-08,848687,0.265432098765432,81,6.03327402700508,35698859,35698963,4,4,1e+06,0.2,20000,250000,TRUE,unique,Chr9,38326857,+,60,0.999921446726854,1,38326760,38326864,7,1.16666666666667
2024_N120,height_cm,FarmCPU,SCAFFOLD_9_9021917,9,9021917,5.08271507300192e-14,13.2939042353084,5.8914535040598e-08,848687,0.0925925925925926,81,9.10980801590284,8954295,9097979,77,235,1e+06,0.2,20000,250000,TRUE,unique,Chr9,8994603,+,60,0.986742189174856,1,8926980,9070161,365,1.00274725274725
2024_N120,height_cm,FarmCPU,SCAFFOLD_8_33914787,8,33914787,8.78768972686888e-13,12.056125285421,5.8914535040598e-08,848687,0.469135802469136,81,-3.90262617568121,33903955,33922739,10,52,1e+06,0.2,20000,250000,TRUE,unique,Chr8,36936315,+,60,0.99941402244294,1,36925483,36944267,204,1.00492610837438
2024_N120,height_cm,FarmCPU,SCAFFOLD_4_32564308,4,32564308,3.06129879734198e-11,10.5140942791241,5.8914535040598e-08,848687,0.209876543209877,81,-4.36086274745822,32564308,32573742,2,84,1e+06,0.2,20000,250000,TRUE,unique,Chr4,33345584,+,60,0.999800953527388,1,33345584,33355018,61,1.01666666666667
2024_N120,height_cm,FarmCPU,SCAFFOLD_1_21707198,1,21707198,7.47934117675004e-10,9.12613665559855,5.8914535040598e-08,848687,0.0987654320987654,81,-6.23103376495531,21707168,21707246,3,3,1e+06,0.2,20000,250000,TRUE,unique,Chr1,24175455,+,60,0.998522012056396,1,24175425,24175503,4,1.33333333333333
2024_N120,height_cm,FarmCPU,SCAFFOLD_3_34180972,3,34180972,9.80814871945326e-10,9.00841295763518,5.8914535040598e-08,848687,0.209876543209877,81,-12.6657876409599,34131688,34374522,251,997,1e+06,0.2,20000,250000,TRUE,unique,Chr3,40185442,-,60,0.99773314007062,1,39993899,40233765,653,1
2024_N120,height_cm,FarmCPU,SCAFFOLD_3_38341311,3,38341311,1.65758644658829e-08,7.78052381297008,5.8914535040598e-08,848687,0.117283950617284,81,2.15952127152132,38330387,38542479,159,698,1e+06,0.2,20000,250000,TRUE,unique,Chr3,40247443,+,60,0.998512115629871,1,40236349,40448760,492,1.0020366598778
2024_N120,height_cm,FarmCPU,SCAFFOLD_3_38281324,3,38281324,2.32335572846408e-08,7.63388429037998,5.8914535040598e-08,848687,0.271604938271605,81,4.0609166444861,38281324,38281380,3,3,1e+06,0.2,20000,250000,TRUE,unique,Chr3,36066437,-,60,1,1,36066381,36066437,6,1.2
2024_N120,number_of_tillers,BLINK,SCAFFOLD_8_33517935,8,33517935,9.05515169402991e-21,20.0431042698857,5.8914535040598e-08,848687,0.0493827160493827,81,3.19056598858569,33516269,33555447,29,156,1e+06,0.2,20000,250000,FALSE,unique,Chr8,36529259,+,60,0.998651979870998,1,36527593,36567042,372,1.00269541778976
2024_N120,number_of_tillers,BLINK,SCAFFOLD_4_17869260,4,17869260,3.46359707209219e-20,19.4604726361538,5.8914535040598e-08,848687,0.0308641975308642,81,4.49636827826877,17867650,17920488,11,405,1e+06,0.2,20000,250000,FALSE,unique,Chr4,17892371,+,60,0.999326625805469,1,17890761,17943597,404,1.00248138957816
2024_N120,number_of_tillers,BLINK,SCAFFOLD_3_12082128,3,12082128,8.35266514350729e-20,19.0781749290146,5.8914535040598e-08,848687,0.0246913580246914,81,5.98122413316204,12082128,12082128,1,51,1e+06,0.2,20000,250000,FALSE,unique,Chr3,12079893,+,60,0.996361260378294,1,12079893,12079893,2,2
2024_N120,number_of_tillers,BLINK,SCAFFOLD_8_33516269,8,33516269,3.9406463774283e-11,10.4044325357566,5.8914535040598e-08,848687,0.0432098765432099,81,0.222700582484308,33516269,33555447,18,124,1e+06,0.2,20000,250000,FALSE,unique,Chr8,36527593,+,60,0.998651979870998,1,36527593,36567042,372,1.00269541778976
2024_N120,number_of_tillers,BLINK,SCAFFOLD_4_22532145,4,22532145,6.33251257556116e-10,9.19842393908319,5.8914535040598e-08,848687,0.141975308641975,81,1.14578003231212,22519512,22532145,14,69,1e+06,0.2,20000,250000,TRUE,unique,Chr4,23258769,+,60,0.998549577410774,1,23246382,23258769,48,1.02127659574468
2024_N120,number_of_tillers,BLINK,SCAFFOLD_8_21279441,8,21279441,4.8342189664801e-09,8.31567368206649,5.8914535040598e-08,848687,0.0987654320987654,81,1.1469706143431,21279441,21279590,7,19,1e+06,0.2,20000,250000,TRUE,unique,Chr8,23812005,+,60,0.99992331582378,1,23812005,23812154,10,1.11111111111111
2024_N120,number_of_tillers,BLINK,SCAFFOLD_3_11991031,3,11991031,3.44282954680653e-08,7.46308447851921,5.8914535040598e-08,848687,0.0493827160493827,81,-0.0201172366073348,11991031,11998397,2,80,1e+06,0.2,20000,250000,FALSE,unique,Chr3,11988796,+,60,0.996361260378294,1,11988796,11996162,4,1.33333333333333
2024_N120,number_of_tillers,FarmCPU,SCAFFOLD_4_17869260,4,17869260,1.63417130364314e-49,48.7867024200634,5.8914535040598e-08,848687,0.0308641975308642,81,10.1186205270872,17867650,17920488,11,405,1e+06,0.2,20000,250000,FALSE,unique,Chr4,17892371,+,60,0.999326625805469,1,17890761,17943597,404,1.00248138957816
2024_N120,number_of_tillers,FarmCPU,SCAFFOLD_3_9637687,3,9637687,1.75623217694629e-12,11.7554180701491,5.8914535040598e-08,848687,0.0493827160493827,81,2.115156912651,9574257,9637687,8,41,1e+06,0.2,20000,250000,FALSE,unique,Chr3,9639995,+,60,0.996493882597943,1,9576995,9639995,150,1.00671140939597
2024_N120,number_of_tillers,FarmCPU,SCAFFOLD_4_17903922,4,17903922,2.03847646573543e-12,11.6906942981241,5.8914535040598e-08,848687,0.0246913580246914,81,0.540717667682462,17903922,17910284,3,44,1e+06,0.2,20000,250000,FALSE,unique,Chr4,17927031,+,60,1,1,17927031,17933393,109,1.00925925925926
2024_N120,number_of_tillers,FarmCPU,SCAFFOLD_9_41180314,9,41180314,6.48851767253128e-12,11.1878545081565,5.8914535040598e-08,848687,0.0493827160493827,81,1.78184861753463,41179593,41190765,3,32,1e+06,0.2,20000,250000,FALSE,unique,Chr9,43806236,+,60,0.99740930162812,1,43805515,43816669,31,1.03333333333333
2024_N120,number_of_tillers,FarmCPU,SCAFFOLD_9_53175090,9,53175090,3.642800865761e-09,8.43856456888021,5.8914535040598e-08,848687,0.141975308641975,81,-0.561449791601535,53165105,53175090,3,26,1e+06,0.2,20000,250000,TRUE,unique,Chr9,54991696,+,60,0.998638180726596,1,54981710,54991696,7,1.16666666666667
2024_N120,number_of_tillers,MLM,SCAFFOLD_4_17869260,4,17869260,6.52617312718052e-10,9.18534140937409,5.8914535040598e-08,848687,0.0308641975308642,81,11.0096945257925,17867650,17920488,11,405,1e+06,0.2,20000,250000,FALSE,unique,Chr4,17892371,+,60,0.999326625805469,1,17890761,17943597,404,1.00248138957816
2024_N120,number_of_tillers,MLM,SCAFFOLD_7_16545835,7,16545835,3.30916179084518e-09,8.48028199888621,5.8914535040598e-08,848687,0.0308641975308642,81,8.60718177376204,16528272,16700489,39,103,1e+06,0.2,20000,250000,FALSE,unique,Chr7,17649171,+,60,0.999838100377766,1,17632984,17804170,1029,1.00097276264591
2024_N120,number_of_tillers,MLM,SCAFFOLD_8_39050149,8,39050149,4.97234116882597e-09,8.30343908062266,5.8914535040598e-08,848687,0.0308641975308642,81,8.37723804822325,39014489,39068804,18,42,1e+06,0.2,20000,250000,FALSE,unique,Chr8,42191126,+,60,0.999922305959133,1,42155466,42209781,468,1.00214132762313
2024_N120,number_of_tillers,MLM,SCAFFOLD_5_25977518,5,25977518,5.07546698428468e-09,8.29452399294822,5.8914535040598e-08,848687,0.037037037037037,81,9.39800353127532,25969985,25994429,15,133,1e+06,0.2,20000,250000,FALSE,unique,Chr5,28602467,+,60,0.993341873002914,1,28594934,28619378,102,1.00990099009901
2024_N120,number_of_tillers,MLM,SCAFFOLD_1_11382373,1,11382373,6.12178736902759e-09,8.21312175903494,5.8914535040598e-08,848687,0.0185185185185185,81,11.9766266570047,11366021,11390374,13,120,1e+06,0.2,20000,250000,FALSE,unique,Chr1,11703424,+,60,0.874858223062382,1,11687072,11711425,51,1.02
2024_N120,number_of_tillers,MLM,SCAFFOLD_6_8636014,6,8636014,6.12178736902759e-09,8.21312175903494,5.8914535040598e-08,848687,0.0185185185185185,81,11.9766266570047,8627247,8719180,24,143,1e+06,0.2,20000,250000,FALSE,unique,Chr6,8900326,+,60,0.932101792149844,1,8891562,8994314,244,1.00411522633745
2024_N120,number_of_tillers,MLM,SCAFFOLD_7_12448312,7,12448312,6.12178736902759e-09,8.21312175903494,5.8914535040598e-08,848687,0.0185185185185185,81,11.9766266570047,12394561,12466386,33,359,1e+06,0.2,20000,250000,FALSE,unique,Chr7,13466966,+,60,0.935691009391739,1,13411941,13485040,324,1.0030959752322
2024_N120,number_of_tillers,MLM,SCAFFOLD_8_23333916,8,23333916,6.12178736902759e-09,8.21312175903494,5.8914535040598e-08,848687,0.0185185185185185,81,11.9766266570047,23333916,23333916,1,21,1e+06,0.2,20000,250000,FALSE,unique,Chr8,25870827,+,60,0.997870797164183,1,25870827,25870827,2,2
2024_N120,number_of_tillers,MLM,SCAFFOLD_8_39043378,8,39043378,1.05331437995968e-08,7.97744198674017,5.8914535040598e-08,848687,0.037037037037037,81,7.8256352589741,39014489,39068804,18,42,1e+06,0.2,20000,250000,FALSE,unique,Chr8,42184355,+,60,0.999922305959133,1,42155466,42209781,468,1.00214132762313
2024_N120,number_of_tillers,MLM,SCAFFOLD_3_12082128,3,12082128,1.56673763638209e-08,7.80500372376839,5.8914535040598e-08,848687,0.0246913580246914,81,12.4357325092937,12082128,12082128,1,51,1e+06,0.2,20000,250000,FALSE,unique,Chr3,12079893,+,60,0.996361260378294,1,12079893,12079893,2,2
2024_N120,number_of_tillers,MLM,SCAFFOLD_7_16946630,7,16946630,2.22720573090551e-08,7.65223966456889,5.8914535040598e-08,848687,0.0493827160493827,81,6.9625637150632,16946630,16946630,1,101,1e+06,0.2,20000,250000,FALSE,unique,Chr7,18046392,+,60,0.99293957247894,1,18046392,18046392,2,2
2024_N120,number_of_tillers,MLM,SCAFFOLD_7_13081725,7,13081725,2.3122107509007e-08,7.63597258384067,5.8914535040598e-08,848687,0.0432098765432099,81,7.56593281321918,13057258,13181187,44,275,1e+06,0.2,20000,250000,FALSE,unique,Chr7,14105270,+,60,0.991961774145253,1,14080803,14203220,1025,1.0009765625
2024_N120,number_of_tillers,MLM,SCAFFOLD_4_19918410,4,19918410,3.41489993702308e-08,7.46662201743937,5.8914535040598e-08,848687,0.0246913580246914,81,10.2084620664334,19918410,19918410,1,45,1e+06,0.2,20000,250000,FALSE,unique,Chr4,19948114,+,60,0.97234077978615,1,19948114,19948114,2,2
2024_N120,number_of_tillers,MLM,SCAFFOLD_3_33333968,3,33333968,3.61304546747966e-08,7.44212657312579,5.8914535040598e-08,848687,0.481481481481481,81,-13.8250768064606,33333968,33333968,1,15,1e+06,0.2,20000,250000,TRUE,unique,Chr3,35237157,+,60,0.99989968232737,1,35237157,35237157,2,2
2024_N120,number_of_tillers,MLM,SCAFFOLD_7_12808312,7,12808312,3.74406753253041e-08,7.42665632640274,5.8914535040598e-08,848687,0.037037037037037,81,7.24467450201865,12730888,12877840,72,272,1e+06,0.2,20000,250000,FALSE,unique,Chr7,13828987,+,60,0.994535323951711,1,13751563,13897784,1056,1.00094786729858
2024_N120,number_of_tillers,MLM,SCAFFOLD_6_8041207,6,8041207,4.11459421045932e-08,7.38567298933342,5.8914535040598e-08,848687,0.0308641975308642,81,9.44051418701756,7881500,8084083,35,118,1e+06,0.2,20000,250000,FALSE,unique,Chr6,8309251,+,60,0.999560615336006,1,8149594,8351379,445,1.00225225225225
2024_N120,number_of_tillers,MLM,SCAFFOLD_8_33517935,8,33517935,4.18065398692381e-08,7.37875577547473,5.8914535040598e-08,848687,0.0493827160493827,81,6.44120359741345,33516269,33555447,29,156,1e+06,0.2,20000,250000,FALSE,unique,Chr8,36529259,+,60,0.998651979870998,1,36527593,36567042,372,1.00269541778976
2024_N120,number_of_tillers,MLM,SCAFFOLD_8_16061545,8,16061545,4.34591794648809e-08,7.36191847767584,5.8914535040598e-08,848687,0.037037037037037,81,7.1230940309739,16061545,16061545,1,12,1e+06,0.2,20000,250000,FALSE,unique,Chr8,16820997,+,60,0.977228292811649,1,16820997,16820997,2,2
2024_N120,number_of_tillers,MLM,SCAFFOLD_7_12984901,7,12984901,5.80502984063689e-08,7.23619554343779,5.8914535040598e-08,848687,0.0246913580246914,81,9.70308922172639,12949168,13019523,42,334,1e+06,0.2,20000,250000,FALSE,unique,Chr7,14007514,+,60,0.999945498146937,1,13973012,14042138,452,1.00221729490022
2024_N120,number_of_tillers,MLM,SCAFFOLD_7_12143351,7,12143351,5.85946666647581e-08,7.23214191202757,5.8914535040598e-08,848687,0.0246913580246914,81,9.70212093140548,12035437,12361425,114,353,1e+06,0.2,20000,250000,FALSE,unique,Chr7,13160254,+,60,0.99016857300434,1,13050653,13378802,1826,1.00054794520548
2024_N120,protein_pct,BLINK,SCAFFOLD_1_14972328,1,14972328,6.84701833682614e-16,15.1644985090581,5.8914535040598e-08,848687,0.0522388059701493,67,4.42378329539991,14826411,14991715,83,581,1e+06,0.2,20000,250000,TRUE,unique,Chr1,15276585,+,60,0.997237806028789,1,15130883,15295972,761,1.00131578947368
2024_N120,protein_pct,BLINK,SCAFFOLD_8_14790106,8,14790106,8.19991296371243e-12,11.0861907573212,5.8914535040598e-08,848687,0.0671641791044776,67,2.62207938369489,14769810,15039971,87,480,1e+06,0.2,20000,250000,TRUE,unique,Chr8,15532037,+,60,0.99988431281814,1,15511741,15781904,1274,0.998432601880878
2024_N120,protein_pct,BLINK,SCAFFOLD_4_28479463,4,28479463,9.35525606060554e-12,11.0289443210249,5.8914535040598e-08,848687,0.156716417910448,67,-1.97456461929087,28479463,28479703,3,18,1e+06,0.2,20000,250000,TRUE,unique,Chr4,29246059,+,60,0.957193083086441,1,29246059,29246299,5,1.25
2024_N120,protein_pct,BLINK,SCAFFOLD_3_12586644,3,12586644,4.42935471781509e-10,9.35365953854092,5.8914535040598e-08,848687,0.111940298507463,67,-1.74620783291603,12586627,12586676,3,4,1e+06,0.2,20000,250000,TRUE,unique,Chr3,12588385,+,60,0.972551763446439,1,12588368,12588417,5,1.25
2024_N120,protein_pct,BLINK,SCAFFOLD_8_15103152,8,15103152,1.11837044513765e-08,7.95141431842532,5.8914535040598e-08,848687,0.0298507462686567,67,3.29561895791637,15097934,15104957,6,196,1e+06,0.2,20000,250000,FALSE,unique,Chr8,15845087,+,60,0.999964473637465,1,15839869,15846892,115,1.00877192982456
2024_N120,protein_pct,FarmCPU,SCAFFOLD_6_28801701,6,28801701,5.57699435056582e-18,17.2535997954438,5.8914535040598e-08,848687,0.104477611940299,67,3.17470159464105,28801701,28801774,2,4,1e+06,0.2,20000,250000,TRUE,unique,Chr6,30551576,+,60,0.999843440141948,1,30551576,30551649,3,1.5
2024_N120,protein_pct,FarmCPU,SCAFFOLD_8_15103152,8,15103152,5.64939952791707e-13,12.2479977106887,5.8914535040598e-08,848687,0.0298507462686567,67,3.96397354744978,15097934,15104957,6,196,1e+06,0.2,20000,250000,FALSE,unique,Chr8,15845087,+,60,0.999964473637465,1,15839869,15846892,115,1.00877192982456
2024_N120,protein_pct,FarmCPU,SCAFFOLD_4_9071367,4,9071367,2.13872815235489e-12,11.6698444138554,5.8914535040598e-08,848687,0.126865671641791,67,2.01283352047652,9070344,9071428,4,6,1e+06,0.2,20000,250000,TRUE,unique,Chr4,9063991,+,60,0.996732537323809,1,9062968,9064052,33,1.03125
2024_N120,protein_pct,FarmCPU,SCAFFOLD_9_4627139,9,4627139,2.53411086367089e-09,8.59617438928395,5.8914535040598e-08,848687,0.0597014925373134,67,-1.71428393734604,4627139,4627164,2,3,1e+06,0.2,20000,250000,TRUE,unique,Chr9,4623337,+,60,0.996785557274746,1,4623337,4623362,3,1.5
2024_N120,protein_pct,FarmCPU,SCAFFOLD_5_18703201,5,18703201,3.45936230646084e-09,8.46100395100769,5.8914535040598e-08,848687,0.134328358208955,67,-1.55889799330196,18688548,18717181,24,160,1e+06,0.2,20000,250000,TRUE,unique,Chr5,18881687,+,60,0.992838571524326,1,18867035,18895667,219,1.0045871559633
2024_N120,protein_pct,FarmCPU,SCAFFOLD_1_37889530,1,37889530,3.72220889642852e-08,7.42919925720729,5.8914535040598e-08,848687,0.0298507462686567,67,-2.16831133897061,37889530,37889530,1,1,1e+06,0.2,20000,250000,FALSE,unique,Chr1,40456753,+,60,0.999944353245597,1,40456753,40456753,2,2
2024_N40,days_to_harvest,BLINK,SCAFFOLD_2_30514256,2,30514256,1.72123941400156e-08,7.76415871773275,5.8914535040598e-08,848687,0.1625,80,12.6577476460307,30499459,30514356,9,147,1e+06,0.2,20000,250000,TRUE,unique,Chr2,33989250,+,60,0.997549669205343,1,33974451,33989350,38,1.02702702702703
2024_N40,days_to_harvest,FarmCPU,SCAFFOLD_7_2121353,7,2121353,1.06755750542175e-31,30.9716087218161,5.8914535040598e-08,848687,0.06875,80,24.9905414130841,1902279,2138533,108,712,1e+06,0.2,20000,250000,TRUE,unique,Chr7,2042808,+,60,0.993370944992948,1,1819589,2060203,914,1.00109529025192
2024_N40,days_to_harvest,FarmCPU,SCAFFOLD_2_1225639,2,1225639,8.42468256112904e-13,12.0744464542011,5.8914535040598e-08,848687,0.4875,80,-4.39746153757034,1189826,1258446,40,72,1e+06,0.2,20000,250000,TRUE,unique,Chr2,1689862,+,60,0.99994139938274,1,1654049,1722543,191,1.00526315789474
2024_N40,days_to_harvest,FarmCPU,SCAFFOLD_2_14229303,2,14229303,2.07540240200511e-12,11.682897684963,5.8914535040598e-08,848687,0.4375,80,-6.20851072295423,14074235,14284684,97,518,1e+06,0.2,20000,250000,TRUE,unique,Chr2,15685134,+,60,0.999582615396141,1,15530965,15740515,886,1.00112994350282
2024_N40,days_to_harvest,FarmCPU,SCAFFOLD_7_2206801,7,2206801,5.71306278393246e-12,11.2431310032166,5.8914535040598e-08,848687,0.0625,80,0.0670047603126522,2161297,2257061,38,736,1e+06,0.2,20000,250000,TRUE,unique,Chr7,2127564,+,60,0.993370944992948,1,2082059,2177453,326,1.00307692307692
2024_N40,days_to_harvest,FarmCPU,SCAFFOLD_6_29456212,6,29456212,1.17728197308711e-09,8.92911950598463,5.8914535040598e-08,848687,0.3375,80,3.38641308149553,29446409,29462789,12,431,1e+06,0.2,20000,250000,TRUE,unique,Chr6,31210902,+,60,0.999315610496824,1,31201099,31217479,20,1.05263157894737
2024_N40,days_to_harvest,FarmCPU,SCAFFOLD_7_7058098,7,7058098,6.89518671708139e-09,8.16145396892248,5.8914535040598e-08,848687,0.075,80,-7.91838182889837,7007081,7058675,15,198,1e+06,0.2,20000,250000,TRUE,unique,Chr7,7003563,+,60,0.999827605121695,1,6952545,7004140,253,1.00396825396825
2024_N40,dtf,BLINK,SCAFFOLD_2_30514256,2,30514256,7.2158074710364e-20,19.1417150629636,5.8914535040598e-08,848687,0.1625,80,11.5229734914716,30499459,30514356,9,147,1e+06,0.2,20000,250000,TRUE,unique,Chr2,33989250,+,60,0.997549669205343,1,33974451,33989350,38,1.02702702702703
2024_N40,dtf,BLINK,SCAFFOLD_2_22584714,2,22584714,2.83862244717862e-17,16.5468923672525,5.8914535040598e-08,848687,0.04375,80,11.9682224198679,22553593,22584870,11,72,1e+06,0.2,20000,250000,FALSE,unique,Chr2,23803438,-,60,0.933019922760147,1,23803282,23838596,219,1.0045871559633
2024_N40,dtf,BLINK,SCAFFOLD_8_3818991,8,3818991,3.97050414538513e-17,16.4011543462197,5.8914535040598e-08,848687,0.1125,80,12.5109535976376,3679391,3880445,163,414,1e+06,0.2,20000,250000,TRUE,unique,Chr8,4460117,+,60,0.968316985832166,1,4323807,4522094,1436,0.996530187369882
2024_N40,dtf,BLINK,SCAFFOLD_1_22503775,1,22503775,8.09340256976435e-11,10.0918688570523,5.8914535040598e-08,848687,0.03125,80,17.2320191163238,22502203,22516010,22,111,1e+06,0.2,20000,250000,FALSE,unique,Chr1,24974541,+,60,0.99815550723551,1,24972969,24987017,185,1.0054347826087
2024_N40,dtf,BLINK,SCAFFOLD_4_12203750,4,12203750,7.66923554209484e-10,9.11524792371672,5.8914535040598e-08,848687,0.1125,80,5.45384517218401,12189692,12204010,9,11,1e+06,0.2,20000,250000,TRUE,unique,Chr4,12218673,+,60,0.996945509497054,1,12204615,12218933,57,1.01785714285714
2024_N40,dtf,BLINK,SCAFFOLD_6_1024552,6,1024552,5.20918052433171e-08,7.28323059181618,5.8914535040598e-08,848687,0.25625,80,-1.97950862292951,1014796,1054776,39,170,1e+06,0.2,20000,250000,TRUE,unique,Chr6,1032781,+,60,0.953770367563471,1,1023024,1063228,290,1.00346020761246
2024_N40,dtf,FarmCPU,SCAFFOLD_8_39105946,8,39105946,5.67829021135139e-15,14.2457824149155,5.8914535040598e-08,848687,0.14375,80,4.34042758188377,39006445,39112239,30,94,1e+06,0.2,20000,250000,TRUE,unique,Chr8,42246931,+,60,0.999967686690148,1,42147525,42253223,738,0.997297297297297
2024_N40,dtf,FarmCPU,SCAFFOLD_8_3818991,8,3818991,1.97717987476597e-13,12.7039538187669,5.8914535040598e-08,848687,0.1125,80,10.0980724339946,3679391,3880445,163,414,1e+06,0.2,20000,250000,TRUE,unique,Chr8,4460117,+,60,0.968316985832166,1,4323807,4522094,1436,0.996530187369882
2024_N40,dtf,FarmCPU,SCAFFOLD_1_22503775,1,22503775,5.57815318606796e-13,12.2535095634026,5.8914535040598e-08,848687,0.03125,80,19.3728635222505,22502203,22516010,22,111,1e+06,0.2,20000,250000,FALSE,unique,Chr1,24974541,+,60,0.99815550723551,1,24972969,24987017,185,1.0054347826087
2024_N40,dtf,FarmCPU,SCAFFOLD_9_22255025,9,22255025,9.73514186968262e-13,12.0116577151484,5.8914535040598e-08,848687,0.15625,80,4.59236661263974,22235705,22274359,30,57,1e+06,0.2,20000,250000,TRUE,unique,Chr9,22269361,+,60,0.993639785821703,1,22250043,22288695,94,1.01075268817204
2024_N40,dtf,FarmCPU,SCAFFOLD_7_1088019,7,1088019,5.66232947783281e-12,11.247004863646,5.8914535040598e-08,848687,0.35625,80,4.12947707550044,1001049,1153518,75,81,1e+06,0.2,20000,250000,TRUE,unique,Chr7,997426,+,60,0.999882567710391,1,910736,1062876,928,1.00107874865156
2024_N40,dtf,FarmCPU,SCAFFOLD_1_23130690,1,23130690,1.33708700338345e-11,10.8738403325585,5.8914535040598e-08,848687,0.13125,80,5.40644247150062,23130690,23130690,1,20,1e+06,0.2,20000,250000,TRUE,unique,Chr1,25608546,+,60,0.999980346169468,1,25608546,25608546,2,2
2024_N40,dtf,FarmCPU,SCAFFOLD_1_22505166,1,22505166,3.00861691806632e-11,10.521633106697,5.8914535040598e-08,848687,0.03125,80,384,22502203,22516010,22,111,1e+06,0.2,20000,250000,FALSE,unique,Chr1,24975932,+,60,0.99815550723551,1,24972969,24987017,185,1.0054347826087
2024_N40,dtf,FarmCPU,SCAFFOLD_2_30514256,2,30514256,1.00863306202355e-10,9.99626680018734,5.8914535040598e-08,848687,0.1625,80,6.12761034355501,30499459,30514356,9,147,1e+06,0.2,20000,250000,TRUE,unique,Chr2,33989250,+,60,0.997549669205343,1,33974451,33989350,38,1.02702702702703
2024_N40,dtf,FarmCPU,SCAFFOLD_8_3815529,8,3815529,2.83210018579486e-10,9.54789138750477,5.8914535040598e-08,848687,0.05,80,4.12008907114667,3815359,3872207,24,312,1e+06,0.2,20000,250000,TRUE,unique,Chr8,4456655,+,60,0.968316985832166,1,4456485,4513856,719,0.993093922651934
2024_N40,dtf,FarmCPU,SCAFFOLD_8_39142722,8,39142722,3.17440788572453e-09,8.49833727066931,5.8914535040598e-08,848687,0.06875,80,-0.393318076345784,39100914,39146124,16,130,1e+06,0.2,20000,250000,TRUE,unique,Chr8,42283486,+,60,0.99753275764345,1,42241899,42286673,198,1
2024_N40,dtf,FarmCPU,SCAFFOLD_9_22263195,9,22263195,2.45265423763399e-08,7.61036367204298,5.8914535040598e-08,848687,0.125,80,0.172262146795044,22254075,22373679,26,171,1e+06,0.2,20000,250000,TRUE,unique,Chr9,22277531,+,60,0.993639785821703,1,22268411,22387090,270,1.00371747211896
2024_N40,height_cm,BLINK,SCAFFOLD_4_9295665,4,9295665,9.7413594508959e-11,10.0113804311271,5.8914535040598e-08,848687,0.0679012345679012,81,-12.8719047905809,9295611,9295665,4,8,1e+06,0.2,20000,250000,TRUE,unique,Chr4,9287622,+,60,0.998232002828795,1,9287568,9287622,8,1.14285714285714
2024_N40,height_cm,FarmCPU,SCAFFOLD_6_4177763,6,4177763,3.76822038249173e-22,21.42386370564,5.8914535040598e-08,848687,0.037037037037037,81,-17.0724213586664,4106902,4196134,18,50,1e+06,0.2,20000,250000,FALSE,unique,Chr6,4307148,+,60,0.995988890610131,1,4236520,4324754,162,1.00621118012422
2024_N40,height_cm,FarmCPU,SCAFFOLD_9_9021917,9,9021917,8.97393982836684e-22,21.0470168468038,5.8914535040598e-08,848687,0.0925925925925926,81,13.2966267813565,8954295,9097979,77,235,1e+06,0.2,20000,250000,TRUE,unique,Chr9,8994603,+,60,0.986742189174856,1,8926980,9070161,365,1.00274725274725
2024_N40,height_cm,FarmCPU,SCAFFOLD_9_50524054,9,50524054,6.06611094359136e-09,8.21708965110598,5.8914535040598e-08,848687,0.0493827160493827,81,-8.94692628791847,50524054,50524110,2,4,1e+06,0.2,20000,250000,FALSE,unique,Chr9,52367410,+,60,0.992845948188439,1,52367410,52367466,3,1.5
2024_N40,height_cm,FarmCPU,SCAFFOLD_9_9014711,9,9014711,9.50099147279939e-09,8.02223107169033,5.8914535040598e-08,848687,0.104938271604938,81,3.10515024439296,8938586,9097979,80,225,1e+06,0.2,20000,250000,TRUE,unique,Chr9,8987397,+,60,0.986742189174856,1,8911271,9070161,374,1.00268096514745
2024_N40,height_cm,FarmCPU,SCAFFOLD_3_32449754,3,32449754,1.89795466909857e-08,7.72171416450907,5.8914535040598e-08,848687,0.382716049382716,81,6.08736744191477,32447659,32449811,5,6,1e+06,0.2,20000,250000,TRUE,unique,Chr3,34307118,+,60,0.999728714746215,1,34305023,34307175,78,1.01298701298701
2024_N40,height_cm,FarmCPU,SCAFFOLD_9_34515616,9,34515616,3.35107974680938e-08,7.47481523698503,5.8914535040598e-08,848687,0.0617283950617284,81,5.81203933829209,34515616,34515666,2,3,1e+06,0.2,20000,250000,TRUE,unique,Chr9,37145884,+,60,0.999965262097475,1,37145884,37145934,3,1.5
2024_N40,number_of_tillers,BLINK,SCAFFOLD_1_40696927,1,40696927,4.05996485083356e-09,8.39147772631323,5.8914535040598e-08,848687,0.0432098765432099,81,2.23398086749001,40696901,40696927,3,6,1e+06,0.2,20000,250000,FALSE,unique,Chr1,43270756,+,60,0.99928459007011,1,43270730,43270756,4,1.33333333333333
2024_N40,number_of_tillers,BLINK,SCAFFOLD_2_27461577,2,27461577,5.79667667323686e-09,8.23682092301118,5.8914535040598e-08,848687,0.12962962962963,81,1.55408341503414,27458357,27475774,51,63,1e+06,0.2,20000,250000,TRUE,unique,Chr2,30922353,+,60,0.999317250796541,1,30919133,30937924,164,1.00613496932515
2024_N40,number_of_tillers,BLINK,SCAFFOLD_4_2129383,4,2129383,9.5048299176697e-09,8.02205565012715,5.8914535040598e-08,848687,0.277777777777778,81,-1.31981215577951,2051307,2175213,70,409,1e+06,0.2,20000,250000,TRUE,unique,Chr4,2136571,+,60,0.999909599176657,1,2058578,2182401,311,1.00322580645161
2024_N40,number_of_tillers,FarmCPU,SCAFFOLD_4_17280232,4,17280232,7.0051429959395e-53,52.1545829950372,5.8914535040598e-08,848687,0.0246913580246914,81,9.65060612719562,17261137,17280232,3,31,1e+06,0.2,20000,250000,FALSE,unique,Chr4,17307342,+,60,0.999972306073278,1,17288247,17307342,169,1.00595238095238
2024_N40,number_of_tillers,FarmCPU,SCAFFOLD_6_32361467,6,32361467,5.34971481471964e-19,18.2716693689498,5.8914535040598e-08,848687,0.0987654320987654,81,1.47971626764173,32358651,32363185,7,11,1e+06,0.2,20000,250000,TRUE,unique,Chr6,34169717,+,60,0.995516026509645,1,34166901,34171435,20,1.05263157894737
2024_N40,number_of_tillers,FarmCPU,SCAFFOLD_2_39210418,2,39210418,2.21523370672165e-14,13.6545804490412,5.8914535040598e-08,848687,0.0617283950617284,81,1.55679848185809,39191864,39269621,24,35,1e+06,0.2,20000,250000,TRUE,unique,Chr2,42652793,+,60,0.998280156048626,1,42634239,42711996,123,1.00819672131148
2024_N40,number_of_tillers,FarmCPU,SCAFFOLD_1_1463186,1,1463186,1.38988354721443e-11,10.8570215860199,5.8914535040598e-08,848687,0.111111111111111,81,0.922906887681308,1463186,1469575,5,77,1e+06,0.2,20000,250000,TRUE,unique,Chr1,1469299,+,60,0.999040076793857,1,1469299,1475688,15,1.07142857142857
2024_N40,number_of_tillers,FarmCPU,SCAFFOLD_4_17268080,4,17268080,2.01009417494686e-11,10.6967835949668,5.8914535040598e-08,848687,0.0493827160493827,81,0.277895136834076,17110050,17353104,110,507,1e+06,0.2,20000,250000,FALSE,unique,Chr4,17295190,+,60,0.999972306073278,1,17137227,17379843,737,1.00135869565217
2024_N40,number_of_tillers,FarmCPU,SCAFFOLD_4_17236876,4,17236876,2.27778864694654e-09,8.642486576009,5.8914535040598e-08,848687,0.0246913580246914,81,-0.0154587367313794,17236876,17236876,1,31,1e+06,0.2,20000,250000,FALSE,unique,Chr4,17263986,+,60,0.999972306073278,1,17263986,17263986,2,2
2024_N40,number_of_tillers,FarmCPU,SCAFFOLD_1_1424104,1,1424104,2.39482290512866e-09,8.62072659672503,5.8914535040598e-08,848687,0.0246913580246914,81,0.109519128095967,1424104,1424104,1,58,1e+06,0.2,20000,250000,FALSE,unique,Chr1,1430223,+,60,0.999040076793857,1,1430223,1430223,2,2
2024_N40,number_of_tillers,FarmCPU,SCAFFOLD_5_43797155,5,43797155,2.45875894950235e-09,8.60928404630498,5.8914535040598e-08,848687,0.290123456790123,81,0.592399436734585,43617317,43926229,139,453,1e+06,0.2,20000,250000,TRUE,unique,Chr5,46433990,+,60,0.999342302195277,1,46254246,46562997,310,1.00323624595469
2024_N40,number_of_tillers,FarmCPU,SCAFFOLD_9_51027105,9,51027105,1.69010219090244e-08,7.77208703526605,5.8914535040598e-08,848687,0.0987654320987654,81,0.685220794225531,51016123,51063881,16,68,1e+06,0.2,20000,250000,TRUE,unique,Chr9,52871574,+,60,0.998363913804012,1,52860592,52907039,32,1.03225806451613
2024_N40,number_of_tillers,FarmCPU,SCAFFOLD_2_15559387,2,15559387,5.34762428071983e-08,7.27183911347852,5.8914535040598e-08,848687,0.148148148148148,81,0.510822975265718,15328649,15809387,130,568,1e+06,0.2,20000,250000,TRUE,unique,Chr2,17012876,+,60,0.999329509525096,1,16780512,17262805,1145,1.00087412587413
2024_N40,number_of_tillers,MLM,SCAFFOLD_4_17280232,4,17280232,3.32842897419806e-09,8.47776070608289,5.8914535040598e-08,848687,0.0246913580246914,81,9.667063358204,17261137,17280232,3,31,1e+06,0.2,20000,250000,FALSE,unique,Chr4,17307342,+,60,0.999972306073278,1,17288247,17307342,169,1.00595238095238
2024_N40,number_of_tillers,MLM,SCAFFOLD_1_37787594,1,37787594,3.15512968869186e-08,7.50098278477938,5.8914535040598e-08,848687,0.037037037037037,81,6.86727069012314,37787594,37787594,1,30,1e+06,0.2,20000,250000,FALSE,unique,Chr1,40354679,+,60,0.999747405789186,1,40354679,40354679,2,2
2024_N40,number_of_tillers,MLM,SCAFFOLD_3_6349843,3,6349843,3.15512968869186e-08,7.50098278477938,5.8914535040598e-08,848687,0.037037037037037,81,6.86727069012314,6340208,6436785,34,43,1e+06,0.2,20000,250000,FALSE,unique,Chr3,6348177,+,60,0.964434460134075,1,6338542,6439304,207,1.00485436893204
2024_N40,number_of_tillers,MLM,SCAFFOLD_3_49554206,3,49554206,3.15512968869186e-08,7.50098278477938,5.8914535040598e-08,848687,0.037037037037037,81,6.86727069012314,49546766,49678662,30,144,1e+06,0.2,20000,250000,FALSE,unique,Chr3,51769841,+,60,0.971328427159433,1,51762401,51895737,724,0.997245179063361
2024_N40,number_of_tillers,MLM,SCAFFOLD_5_9988392,5,9988392,3.15512968869186e-08,7.50098278477938,5.8914535040598e-08,848687,0.037037037037037,81,6.86727069012314,9979566,10002682,7,208,1e+06,0.2,20000,250000,FALSE,unique,Chr5,10056308,+,60,0.999984931135288,1,10047482,10070598,18,1.05882352941176
2024_N40,number_of_tillers,MLM,SCAFFOLD_5_10249384,5,10249384,3.15512968869186e-08,7.50098278477938,5.8914535040598e-08,848687,0.037037037037037,81,6.86727069012314,10211339,10291635,13,246,1e+06,0.2,20000,250000,FALSE,unique,Chr5,10316721,+,60,0.997317334894157,1,10278673,10358897,58,1.01754385964912
2024_N40,number_of_tillers,MLM,SCAFFOLD_5_10356519,5,10356519,3.15512968869186e-08,7.50098278477938,5.8914535040598e-08,848687,0.037037037037037,81,6.86727069012314,10356519,10494705,17,254,1e+06,0.2,20000,250000,FALSE,unique,Chr5,10423781,+,60,0.997317334894157,1,10423781,10562145,243,1.00413223140496
2024_N40,number_of_tillers,MLM,SCAFFOLD_5_10441991,5,10441991,3.15512968869186e-08,7.50098278477938,5.8914535040598e-08,848687,0.037037037037037,81,6.86727069012314,10356519,10494705,17,264,1e+06,0.2,20000,250000,FALSE,unique,Chr5,10509563,+,60,0.996546103252135,1,10423781,10562145,243,1.00413223140496
2024_N40,number_of_tillers,MLM,SCAFFOLD_5_11953030,5,11953030,3.15512968869186e-08,7.50098278477938,5.8914535040598e-08,848687,0.037037037037037,81,6.86727069012314,11774290,12042975,90,242,1e+06,0.2,20000,250000,FALSE,unique,Chr5,12018355,+,60,0.999752035706858,1,11841959,12110237,305,1.00328947368421
2024_N40,number_of_tillers,MLM,SCAFFOLD_5_26335027,5,26335027,3.15512968869186e-08,7.50098278477938,5.8914535040598e-08,848687,0.037037037037037,81,6.86727069012314,26325166,26432755,31,186,1e+06,0.2,20000,250000,FALSE,unique,Chr5,28958345,+,60,0.998693419585915,1,28948484,29056074,154,1.00653594771242
2024_N40,number_of_tillers,MLM,SCAFFOLD_6_12036542,6,12036542,3.15512968869186e-08,7.50098278477938,5.8914535040598e-08,848687,0.0185185185185185,81,13.7345413802463,12036542,12036542,1,1,1e+06,0.2,20000,250000,FALSE,unique,Chr6,12358976,+,60,0.970323521533379,1,12358976,12358976,2,2
2024_N40,number_of_tillers,MLM,SCAFFOLD_7_25243676,7,25243676,3.15512968869186e-08,7.50098278477938,5.8914535040598e-08,848687,0.0185185185185185,81,13.7345413802463,25236962,25247263,8,49,1e+06,0.2,20000,250000,FALSE,unique,Chr7,26394870,+,60,0.999510917030568,1,26388156,26398457,91,1.01111111111111
2024_N40,number_of_tillers,MLM,SCAFFOLD_5_34344687,5,34344687,3.5516227160217e-08,7.4495731749465,5.8914535040598e-08,848687,0.037037037037037,81,7.33422084132001,34326683,34382773,9,65,1e+06,0.2,20000,250000,FALSE,unique,Chr5,36975695,+,60,0.99760685772573,1,36957691,37013781,100,1.01010101010101
2024_N40,number_of_tillers,MLM,SCAFFOLD_1_15964788,1,15964788,4.00216028180729e-08,7.39770552236884,5.8914535040598e-08,848687,0.0308641975308642,81,7.91611004184881,15964788,15968114,2,93,1e+06,0.2,20000,250000,FALSE,unique,Chr1,16284125,+,60,0.976292703944369,1,16284125,16287451,64,1.01587301587302
2024_N40,number_of_tillers,MLM,SCAFFOLD_9_45521896,9,45521896,5.28009531570994e-08,7.27735823755838,5.8914535040598e-08,848687,0.0185185185185185,81,8.13602797033758,45494350,45544428,11,15,1e+06,0.2,20000,250000,FALSE,unique,Chr9,47378973,+,60,0.991539625465727,1,47351427,47401505,74,1.01369863013699
2024_N40,protein_pct,BLINK,SCAFFOLD_4_15902894,4,15902894,1.87813917410972e-14,13.7262722287321,5.8914535040598e-08,848687,0.0526315789473684,57,5.87440210512722,15902894,15902894,1,21,1e+06,0.2,20000,250000,TRUE,unique,Chr4,15919221,+,60,0.987156523305381,1,15919221,15919221,2,2
2024_N40,protein_pct,FarmCPU,SCAFFOLD_4_15902894,4,15902894,5.38251435561799e-16,15.2690148032031,5.8914535040598e-08,848687,0.0526315789473684,57,3.72842901014646,15902894,15902894,1,21,1e+06,0.2,20000,250000,TRUE,unique,Chr4,15919221,+,60,0.987156523305381,1,15919221,15919221,2,2
2024_N40,protein_pct,FarmCPU,SCAFFOLD_9_37989786,9,37989786,6.95498827353989e-12,11.1577035979137,5.8914535040598e-08,848687,0.0701754385964912,57,1.98686457358401,37985705,37994296,6,11,1e+06,0.2,20000,250000,TRUE,unique,Chr9,40654785,+,60,0.999980548001696,1,40650704,40659295,109,1.00925925925926
2024_N40,protein_pct,FarmCPU,SCAFFOLD_3_4622247,3,4622247,6.09115367643149e-11,10.2153004433513,5.8914535040598e-08,848687,0.043859649122807,57,-2.33435391714655,4622247,4622247,1,1,1e+06,0.2,20000,250000,FALSE,unique,Chr3,4611880,+,60,0.997366870576597,1,4611880,4611880,2,2
2024_N40,protein_pct,FarmCPU,SCAFFOLD_6_6013001,6,6013001,2.52534967933823e-08,7.59767847762753,5.8914535040598e-08,848687,0.0263157894736842,57,-2.15533225822398,6003109,6039689,30,61,1e+06,0.2,20000,250000,FALSE,unique,Chr6,6210918,+,60,0.999974203134835,1,6201026,6237196,265,1.00378787878788
