dataset,trait,model,SNP,Chr,Pos,P.value,minus_log10_p,bonferroni_threshold,markers_tested,MAF,nobs,Effect,ld_start,ld_end,linked_snps_in_interval,linked_snps_in_search_window,max_window_bp,ld_r2_threshold,max_linked_gap_bp,max_interval_radius_bp,trait_specific_maf_pass,lift_status,lift_t2t_chr,lift_t2t_pos,lift_strand,lift_mapq,lift_alignment_identity,lift_candidate_mappings,t2t_interval_start,t2t_interval_end,interval_markers_lifted,interval_mapping_fraction,t2t_gene_id,lift_t2t_chr,t2t_gene_start,t2t_gene_end,t2t_strand,symbol,description,pathway,go_function,go_process,gene_relation,distance_to_lifted_lead_bp
2023,dtf,FarmCPU,SCAFFOLD_7_17136277,7,17136277,2.65867197566936e-23,22.5753352421888,5.8914535040598e-08,848687,0.12,125,10.87717197611,17002268,17259331,111,430,1e+06,0.2,20000,250000,TRUE,unique,Chr7,18236341,+,60,0.918091884007588,1,18101757,18360140,1003,1.00099800399202,Seita.7G358600,Chr7,18236152,18237745,-,--,TKW03914.1 hypothetical protein SEVIR_7G074600v2 [Setaria viridis],-,-,-,contains_lifted_lead_snp,0
2024_N40,height_cm,FarmCPU,SCAFFOLD_9_9021917,9,9021917,8.97393982836684e-22,21.0470168468038,5.8914535040598e-08,848687,0.0925925925925926,81,13.2966267813565,8954295,9097979,77,235,1e+06,0.2,20000,250000,TRUE,unique,Chr9,8994603,+,60,0.986742189174856,1,8926980,9070161,365,1.00274725274725,Seita.9G141300,Chr9,8992751,8995446,-,--,RCV41508.1 hypothetical protein SETIT_9G141300v2 [Setaria italica],-,-,-,contains_lifted_lead_snp,0
2024_N40,number_of_tillers,FarmCPU,SCAFFOLD_6_32361467,6,32361467,5.34971481471964e-19,18.2716693689498,5.8914535040598e-08,848687,0.0987654320987654,81,1.47971626764173,32358651,32363185,7,11,1e+06,0.2,20000,250000,TRUE,unique,Chr6,34169717,+,60,0.995516026509645,1,34166901,34171435,20,1.05263157894737,Seita.6G319500,Chr6,34168585,34170688,-,CLPP2,TKW11091.1 hypothetical protein SEVIR_6G210800v2 [Setaria viridis],-,GO:0004176//ATP-dependent peptidase activity;GO:0004252//serine-type endopeptidase activity,GO:0006508//proteolysis,contains_lifted_lead_snp,0
2024_N120,dtf,FarmCPU,SCAFFOLD_6_11125994,6,11125994,2.61351786009307e-15,14.5827745277019,5.8914535040598e-08,848687,0.15,80,-6.53003474220613,11125893,11125994,2,12,1e+06,0.2,20000,250000,TRUE,unique,Chr6,11416098,+,60,0.950296744366419,1,11415997,11416098,3,1.5,Seita.6G099700,Chr6,11414645,11416788,+,--,RCV30495.1 hypothetical protein SETIT_6G099700v2 [Setaria italica],-,-,-,contains_lifted_lead_snp,0
2023,panicle_length_cm,BLINK,SCAFFOLD_3_47440311,3,47440311,3.90473028399145e-15,14.4084089592821,5.8914535040598e-08,848687,0.381720430107527,93,-1.83488090257769,47190311,47477947,273,1462,1e+06,0.2,20000,250000,TRUE,unique,Chr3,49536843,+,60,0.893681493740172,1,49286128,49574479,1224,1.00081766148814,Seita.3G370500,Chr3,49535629,49538459,-,RSL2,XP_034588484.1 transcription factor bHLH139-like [Setaria viridis],-,GO:0046983//protein dimerization activity,-,contains_lifted_lead_snp,0
2024_N120,height_cm,FarmCPU,SCAFFOLD_9_9021917,9,9021917,5.08271507300192e-14,13.2939042353084,5.8914535040598e-08,848687,0.0925925925925926,81,9.10980801590284,8954295,9097979,77,235,1e+06,0.2,20000,250000,TRUE,unique,Chr9,8994603,+,60,0.986742189174856,1,8926980,9070161,365,1.00274725274725,Seita.9G141300,Chr9,8992751,8995446,-,--,RCV41508.1 hypothetical protein SETIT_9G141300v2 [Setaria italica],-,-,-,contains_lifted_lead_snp,0
2024_N120,days_to_harvest,FarmCPU,SCAFFOLD_8_30155739,8,30155739,1.15854557082629e-12,11.9360868787759,5.8914535040598e-08,848687,0.3125,80,-3.8044004371869,30020160,30173555,127,465,1e+06,0.2,20000,250000,TRUE,unique,Chr8,32984179,+,60,0.993993081920189,1,32849266,33001995,695,1.0014409221902,Seita.8G160100,Chr8,32983431,32989691,-,dnaJ1,XP_004980631.1 uncharacterized protein LOC101765238 [Setaria italica],-,GO:0005515//protein binding,GO:0006457//protein folding;GO:0009408//response to heat,contains_lifted_lead_snp,0
2023,dtf,BLINK,SCAFFOLD_7_17136277,7,17136277,5.91550534268771e-12,11.2280081490637,5.8914535040598e-08,848687,0.12,125,9.03484194679238,17002268,17259331,111,430,1e+06,0.2,20000,250000,TRUE,unique,Chr7,18236341,+,60,0.918091884007588,1,18101757,18360140,1003,1.00099800399202,Seita.7G358600,Chr7,18236152,18237745,-,--,TKW03914.1 hypothetical protein SEVIR_7G074600v2 [Setaria viridis],-,-,-,contains_lifted_lead_snp,0
2023,panicle_length_cm,BLINK,SCAFFOLD_3_47423528,3,47423528,9.96406801989656e-11,10.001563316406,5.8914535040598e-08,848687,0.403225806451613,93,-0.460970717932877,47173528,47477947,301,1562,1e+06,0.2,20000,250000,TRUE,unique,Chr3,49520059,+,60,0.893681493740172,1,49269408,49574479,1281,1.00078125,Seita.3G515000,Chr3,49520031,49520429,-,--,-,-,-,-,contains_lifted_lead_snp,0
2023,panicle_length_cm,BLINK,SCAFFOLD_3_47440057,3,47440057,4.35860047319687e-10,9.3606529383322,5.8914535040598e-08,848687,0.365591397849462,93,-0.31149338662455,47190057,47477947,237,1213,1e+06,0.2,20000,250000,TRUE,unique,Chr3,49536589,+,60,0.893681493740172,1,49286128,49574479,1224,1.00081766148814,Seita.3G370500,Chr3,49535629,49538459,-,RSL2,XP_034588484.1 transcription factor bHLH139-like [Setaria viridis],-,GO:0046983//protein dimerization activity,-,contains_lifted_lead_snp,0
2023,panicle_length_cm,BLINK,SCAFFOLD_3_47420200,3,47420200,1.08453835253934e-09,8.96475508541863,5.8914535040598e-08,848687,0.236559139784946,93,0.103988811630222,47214536,47472164,142,575,1e+06,0.2,20000,250000,TRUE,unique,Chr3,49516731,+,60,0.893681493740172,1,49310180,49568696,1100,1.00090991810737,Seita.3G370200,Chr3,49511100,49517013,+,ACA10,"XP_004963028.1 calcium-transporting ATPase 10, plasma membrane-type [Setaria italica]",-,"GO:0000166//nucleotide binding;GO:0003674//molecular_function;GO:0003824//catalytic activity;GO:0005215//transporter activity;GO:0005375//copper ion transmembrane transporter activity;GO:0005388//P-type calcium transporter activity;GO:0005488//binding;GO:0005515//protein binding;GO:0005516//calmodulin binding;GO:0005524//ATP binding;GO:0008324//cation transmembrane transporter activity;GO:0008556//P-type potassium transmembrane transporter activity;GO:0008967//phosphoglycolate phosphatase activity;GO:0015075//ion transmembrane transporter activity;GO:0015085//calcium ion transmembrane transporter activity;GO:0015318//inorganic molecular entity transmembrane transporter activity;GO:0015399//primary active transmembrane transporter activity;GO:0015434//ABC-type cadmium transporter activity;GO:0015444//P-type magnesium transporter activity;GO:0015662//P-type ion transporter activity;GO:0016462//pyrophosphatase activity;GO:0016787//hydrolase activity;GO:0016817//hydrolase activity, acting on acid anhydrides;GO:0016818//hydrolase activity, acting on acid anhydrides, in phosphorus-containing anhydrides;GO:0016887//ATP hydrolysis activity;GO:0017076//purine nucleotide binding;GO:0017111//nucleoside-triphosphatase activity;GO:0019829//ATPase-coupled cation transmembrane transporter activity;GO:0022804//active transmembrane transporter activity;GO:0022853//active ion transmembrane transporter activity;GO:0022857//transmembrane transporter activity;GO:0022890//inorganic cation transmembrane transporter activity;GO:0030554//adenyl nucleotide binding;GO:0032553//ribonucleotide binding;GO:0032555//purine ribonucleotide binding;GO:0032559//adenyl ribonucleotide binding;GO:0035639//purine ribonucleoside triphosphate binding;GO:0036094//small molecule binding;GO:0042625//ATPase-coupled ion transmembrane transporter activity;GO:0042626//ATPase-coupled transmembrane transporter activity;GO:0043167//ion binding;GO:0043168//anion binding;GO:0043169//cation binding;GO:0046872//metal ion binding;GO:0046873//metal ion transmembrane transporter activity;GO:0097159//organic cyclic compound binding;GO:0097367//carbohydrate derivative binding;GO:1901265//nucleoside phosphate binding;GO:1901363//heterocyclic compound binding",GO:0006545//glycine biosynthetic process;GO:0006564//L-serine biosynthetic process;GO:0006810//transport;GO:0006811//ion transport;GO:0006812//cation transport;GO:0006813//potassium ion transport;GO:0006816//calcium ion transport;GO:0006825//copper ion transport;GO:0008150//biological_process;GO:0008152//metabolic process;GO:0015691//cadmium ion transport;GO:0015693//magnesium ion transport;GO:0030001//metal ion transport;GO:0034220//ion transmembrane transport;GO:0051179//localization;GO:0051234//establishment of localization;GO:0055085//transmembrane transport;GO:0070588//calcium ion transmembrane transport;GO:0098655//cation transmembrane transport;GO:0098660//inorganic ion transmembrane transport;GO:0098662//inorganic cation transmembrane transport,contains_lifted_lead_snp,0
2023,panicle_length_cm,BLINK,SCAFFOLD_3_47453746,3,47453746,1.16906393012395e-09,8.93216173884595,5.8914535040598e-08,848687,0.360215053763441,93,-0.0884408791280099,47203746,47477947,242,1378,1e+06,0.2,20000,250000,TRUE,unique,Chr3,49550278,+,60,0.893681493740172,1,49299645,49574479,1147,1.00087260034904,Seita.3G370600,Chr3,49547758,49550388,-,APT1,XP_004963031.1 adenine phosphoribosyltransferase 1 [Setaria italica],ko01100//Metabolic pathways;ko00230//Purine metabolism,GO:0000310//xanthine phosphoribosyltransferase activity;GO:0003999//adenine phosphoribosyltransferase activity;GO:0004422//hypoxanthine phosphoribosyltransferase activity;GO:0004588//orotate phosphoribosyltransferase activity;GO:0004749//ribose phosphate diphosphokinase activity;GO:0004845//uracil phosphoribosyltransferase activity,GO:0006166//purine ribonucleoside salvage;GO:0008655//pyrimidine-containing compound salvage;GO:0009116//nucleoside metabolic process;GO:0009152//purine ribonucleotide biosynthetic process;GO:0009220//pyrimidine ribonucleotide biosynthetic process;GO:0046110//xanthine metabolic process,contains_lifted_lead_snp,0
2024_N40,days_to_harvest,FarmCPU,SCAFFOLD_6_29456212,6,29456212,1.17728197308711e-09,8.92911950598463,5.8914535040598e-08,848687,0.3375,80,3.38641308149553,29446409,29462789,12,431,1e+06,0.2,20000,250000,TRUE,unique,Chr6,31210902,+,60,0.999315610496824,1,31201099,31217479,20,1.05263157894737,Seita.6G310300,Chr6,31210136,31211013,-,--,-,-,GO:0008444//CDP-diacylglycerol-glycerol-3-phosphate 3-phosphatidyltransferase activity,GO:0008654//phospholipid biosynthetic process,contains_lifted_lead_snp,0
2024_N40,number_of_tillers,FarmCPU,SCAFFOLD_5_43797155,5,43797155,2.45875894950235e-09,8.60928404630498,5.8914535040598e-08,848687,0.290123456790123,81,0.592399436734585,43617317,43926229,139,453,1e+06,0.2,20000,250000,TRUE,unique,Chr5,46433990,+,60,0.999342302195277,1,46254246,46562997,310,1.00323624595469,Seita.5G415000,Chr5,46432401,46436805,+,PLP3,XP_022682131.1 patatin-like protein 1 isoform X1 [Setaria italica],-,-,GO:0006629//lipid metabolic process,contains_lifted_lead_snp,0
2024_N40,dtf,FarmCPU,SCAFFOLD_8_39142722,8,39142722,3.17440788572453e-09,8.49833727066931,5.8914535040598e-08,848687,0.06875,80,-0.393318076345784,39100914,39146124,16,130,1e+06,0.2,20000,250000,TRUE,unique,Chr8,42283486,+,60,0.99753275764345,1,42241899,42286673,198,1,Seita.8G238500,Chr8,42278303,42284010,+,OSA15,XP_012704039.1 uncharacterized protein LOC101773881 [Setaria italica],-,GO:0005515//protein binding,-,contains_lifted_lead_snp,0
2023,panicle_length_cm,BLINK,SCAFFOLD_3_47446767,3,47446767,3.62558754010204e-09,8.44062160433496,5.8914535040598e-08,848687,0.349462365591398,93,-0.0398392865127553,47196767,47477947,239,1294,1e+06,0.2,20000,250000,TRUE,unique,Chr3,49543299,+,60,0.893681493740172,1,49293219,49574479,1184,1.00084530853762,Seita.3G515100,Chr3,49542504,49543379,-,GIP,XP_025814486.1 uncharacterized protein LOC112891757 [Panicum hallii],-,-,-,contains_lifted_lead_snp,0
2024_N40,height_cm,FarmCPU,SCAFFOLD_9_9014711,9,9014711,9.50099147279939e-09,8.02223107169033,5.8914535040598e-08,848687,0.104938271604938,81,3.10515024439296,8938586,9097979,80,225,1e+06,0.2,20000,250000,TRUE,unique,Chr9,8987397,+,60,0.986742189174856,1,8911271,9070161,374,1.00268096514745,Seita.9G141000,Chr9,8986030,8987411,+,--,XP_004986316.2 uncharacterized protein LOC101757844 [Setaria italica],-,-,-,contains_lifted_lead_snp,0
2024_N40,number_of_tillers,BLINK,SCAFFOLD_4_2129383,4,2129383,9.5048299176697e-09,8.02205565012715,5.8914535040598e-08,848687,0.277777777777778,81,-1.31981215577951,2051307,2175213,70,409,1e+06,0.2,20000,250000,TRUE,unique,Chr4,2136571,+,60,0.999909599176657,1,2058578,2182401,311,1.00322580645161,Seita.4G176700,Chr4,2132372,2137854,+,--,-,-,-,-,contains_lifted_lead_snp,0
2024_N40,number_of_tillers,BLINK,SCAFFOLD_4_2129383,4,2129383,9.5048299176697e-09,8.02205565012715,5.8914535040598e-08,848687,0.277777777777778,81,-1.31981215577951,2051307,2175213,70,409,1e+06,0.2,20000,250000,TRUE,unique,Chr4,2136571,+,60,0.999909599176657,1,2058578,2182401,311,1.00322580645161,Seita.4G032500,Chr4,2134234,2139681,-,SULTR3;4,XP_004964529.1 probable sulfate transporter 3.4 [Setaria italica],-,GO:0003674//molecular_function;GO:0005215//transporter activity;GO:0008271//secondary active sulfate transmembrane transporter activity;GO:0008509//anion transmembrane transporter activity;GO:0015075//ion transmembrane transporter activity;GO:0015103//inorganic anion transmembrane transporter activity;GO:0015116//sulfate transmembrane transporter activity;GO:0015291//secondary active transmembrane transporter activity;GO:0015293//symporter activity;GO:0015318//inorganic molecular entity transmembrane transporter activity;GO:0022804//active transmembrane transporter activity;GO:0022857//transmembrane transporter activity;GO:0045152//antisigma factor binding;GO:1901682//sulfur compound transmembrane transporter activity,"GO:0006355//regulation of transcription, DNA-templated;GO:0006810//transport;GO:0006811//ion transport;GO:0006820//anion transport;GO:0008150//biological_process;GO:0008272//sulfate transport;GO:0015698//inorganic anion transport;GO:0034220//ion transmembrane transport;GO:0051179//localization;GO:0051234//establishment of localization;GO:0055085//transmembrane transport;GO:0072348//sulfur compound transport;GO:0098656//anion transmembrane transport;GO:0098660//inorganic ion transmembrane transport;GO:0098661//inorganic anion transmembrane transport;GO:1902358//sulfate transmembrane transport",contains_lifted_lead_snp,0
2023,thousand_seed_weight_g,BLINK,SCAFFOLD_4_6234334,4,6234334,1.34365699085726e-08,7.87171158395368,5.8914535040598e-08,848687,0.38953488372093,86,0.119105496803891,6192411,6400243,133,446,1e+06,0.2,20000,250000,TRUE,unique,Chr4,6209165,+,60,0.983574646778356,1,6167322,6367387,379,1.0026455026455,Seita.4G079700,Chr4,6207622,6210072,+,--,RCV20719.1 hypothetical protein SETIT_4G079700v2 [Setaria italica],-,-,-,contains_lifted_lead_snp,0
2024_N120,days_to_harvest,FarmCPU,SCAFFOLD_1_3690946,1,3690946,1.46299187422321e-08,7.83475808603451,5.8914535040598e-08,848687,0.3,80,-6.19724144148676,3688505,3693347,14,87,1e+06,0.2,20000,250000,TRUE,unique,Chr1,3898371,+,60,0.998622038767463,1,3895930,3900772,51,1.02,Seita.1G346000,Chr1,3896529,3900717,-,--,XP_034569779.1 uncharacterized protein LOC117834275 [Setaria viridis],-,-,-,contains_lifted_lead_snp,0
2024_N40,number_of_tillers,FarmCPU,SCAFFOLD_9_51027105,9,51027105,1.69010219090244e-08,7.77208703526605,5.8914535040598e-08,848687,0.0987654320987654,81,0.685220794225531,51016123,51063881,16,68,1e+06,0.2,20000,250000,TRUE,unique,Chr9,52871574,+,60,0.998363913804012,1,52860592,52907039,32,1.03225806451613,Seita.9G466300,Chr9,52870446,52875154,-,--,RCV45587.1 hypothetical protein SETIT_9G466300v2 [Setaria italica],-,-,-,contains_lifted_lead_snp,0
2023,panicle_length_cm,BLINK,SCAFFOLD_3_47428046,3,47428046,1.92713932542335e-08,7.7150868862396,5.8914535040598e-08,848687,0.39247311827957,93,-0.142574857506036,47178046,47477947,298,1537,1e+06,0.2,20000,250000,TRUE,unique,Chr3,49524577,+,60,0.893681493740172,1,49273738,49574479,1265,1.00079113924051,Seita.3G370300,Chr3,49523990,49527011,-,CYCD5-2,XP_004963029.1 cyclin-D5-2 [Setaria italica],-,-,GO:0007049//cell cycle;GO:0008150//biological_process;GO:0009987//cellular process;GO:0051301//cell division,contains_lifted_lead_snp,0
2023,dtf,FarmCPU,SCAFFOLD_2_2990856,2,2990856,2.28263920605663e-08,7.64156272766935,5.8914535040598e-08,848687,0.056,125,7.35917442562939,2990856,2990856,1,22,1e+06,0.2,20000,250000,TRUE,unique,Chr2,3458712,+,60,1,1,3458712,3458712,2,2,Seita.2G036400,Chr2,3451278,3460156,+,--,XP_004955486.1 uncharacterized protein LOC101769809 [Setaria italica],-,-,-,contains_lifted_lead_snp,0
2024_N120,height_cm,FarmCPU,SCAFFOLD_3_38281324,3,38281324,2.32335572846408e-08,7.63388429037998,5.8914535040598e-08,848687,0.271604938271605,81,4.0609166444861,38281324,38281380,3,3,1e+06,0.2,20000,250000,TRUE,unique,Chr3,36066437,-,60,1,1,36066381,36066437,6,1.2,Seita.3G486300,Chr3,36064004,36071383,-,--,XP_034578675.1 uncharacterized protein LOC117842366 isoform X1 [Setaria viridis],-,GO:0003676//nucleic acid binding;GO:0008270//zinc ion binding,-,contains_lifted_lead_snp,0
