dataset,trait,model,n,status,started,updated,detail
2023,dtf,MLM,125,started,2026-09-08 17:20:06.440432,2026-09-08 17:20:06.480721,""
2023,dtf,MLM,125,completed,2026-09-08 17:20:06.440432,2026-09-08 17:23:55.426676,""
2023,dtf,FarmCPU,125,started,2026-09-08 17:23:56.033833,2026-09-08 17:23:56.034145,""
2023,dtf,FarmCPU,125,completed,2026-09-08 17:23:56.033833,2026-09-08 17:31:36.035422,""
2023,dtf,BLINK,125,started,2026-09-08 17:31:38.159535,2026-09-08 17:31:38.160304,""
2023,dtf,BLINK,125,completed,2026-09-08 17:31:38.159535,2026-09-08 17:35:31.389074,""
2023,height_cm,MLM,129,started,2026-09-08 17:35:33.295598,2026-09-08 17:35:33.296207,""
2023,height_cm,MLM,129,completed,2026-09-08 17:35:33.295598,2026-09-08 17:39:36.307227,""
2023,height_cm,FarmCPU,129,started,2026-09-08 17:39:38.006649,2026-09-08 17:39:38.00782,""
2023,height_cm,FarmCPU,129,completed,2026-09-08 17:39:38.006649,2026-09-08 17:41:50.779911,""
2023,height_cm,BLINK,129,started,2026-09-08 17:41:52.511492,2026-09-08 17:41:52.511841,""
2023,height_cm,BLINK,129,completed,2026-09-08 17:41:52.511492,2026-09-08 17:46:39.594373,""
2023,plants_m2,MLM,129,started,2026-09-08 17:46:43.150569,2026-09-08 17:46:43.15179,""
2023,plants_m2,MLM,129,completed,2026-09-08 17:46:43.150569,2026-09-08 17:50:52.010517,""
2023,plants_m2,FarmCPU,129,started,2026-09-08 17:50:54.021105,2026-09-08 17:50:54.022022,""
2023,plants_m2,FarmCPU,129,completed,2026-09-08 17:50:54.021105,2026-09-08 17:53:10.508872,""
2023,plants_m2,BLINK,129,started,2026-09-08 17:53:12.063704,2026-09-08 17:53:12.063989,""
2023,plants_m2,BLINK,129,completed,2026-09-08 17:53:12.063704,2026-09-08 17:55:26.427197,""
2023,thousand_seed_weight_g,MLM,86,started,2026-09-08 17:55:28.698498,2026-09-08 17:55:28.69887,""
2023,thousand_seed_weight_g,MLM,86,completed,2026-09-08 17:55:28.698498,2026-09-08 17:58:20.721174,""
2023,thousand_seed_weight_g,FarmCPU,86,started,2026-09-08 17:58:21.223877,2026-09-08 17:58:21.224145,""
2023,thousand_seed_weight_g,FarmCPU,86,completed,2026-09-08 17:58:21.223877,2026-09-08 18:00:03.808927,""
2023,thousand_seed_weight_g,BLINK,86,started,2026-09-08 18:00:05.118767,2026-09-08 18:00:05.119052,""
2023,thousand_seed_weight_g,BLINK,86,completed,2026-09-08 18:00:05.118767,2026-09-08 18:03:38.559988,""
2023,protein_pct,MLM,70,started,2026-09-08 18:03:40.162805,2026-09-08 18:03:40.163407,""
2023,protein_pct,MLM,70,completed,2026-09-08 18:03:40.162805,2026-09-08 18:06:10.749783,""
2023,protein_pct,FarmCPU,70,started,2026-09-08 18:06:12.35183,2026-09-08 18:06:12.352125,""
2023,protein_pct,FarmCPU,70,completed,2026-09-08 18:06:12.35183,2026-09-08 18:07:48.45558,""
2023,protein_pct,BLINK,70,started,2026-09-08 18:07:49.412266,2026-09-08 18:07:49.412528,""
2023,protein_pct,BLINK,70,completed,2026-09-08 18:07:49.412266,2026-09-08 18:09:29.854817,""
2023,fat_pct,MLM,65,started,2026-09-08 18:09:31.38276,2026-09-08 18:09:31.383247,""
2023,fat_pct,MLM,65,completed,2026-09-08 18:09:31.38276,2026-09-08 18:11:56.422643,""
2023,fat_pct,FarmCPU,65,started,2026-09-08 18:11:57.629303,2026-09-08 18:11:57.629622,""
2023,fat_pct,FarmCPU,65,completed,2026-09-08 18:11:57.629303,2026-09-08 18:13:28.581372,""
2023,fat_pct,BLINK,65,started,2026-09-08 18:13:29.021853,2026-09-08 18:13:29.022125,""
2023,fat_pct,BLINK,65,completed,2026-09-08 18:13:29.021853,2026-09-08 18:15:02.957707,""
2023,panicle_length_cm,MLM,93,started,2026-09-08 18:15:04.581357,2026-09-08 18:15:04.581694,""
2023,panicle_length_cm,MLM,93,completed,2026-09-08 18:15:04.581357,2026-09-08 18:18:03.657306,""
2023,panicle_length_cm,FarmCPU,93,started,2026-09-08 18:18:04.94536,2026-09-08 18:18:04.94566,""
2023,panicle_length_cm,FarmCPU,93,completed,2026-09-08 18:18:04.94536,2026-09-08 18:19:51.474673,""
2023,panicle_length_cm,BLINK,93,started,2026-09-08 18:19:51.961343,2026-09-08 18:19:51.96158,""
2023,panicle_length_cm,BLINK,93,completed,2026-09-08 18:19:51.961343,2026-09-08 18:23:00.128262,""
2023,pedicel_length_cm,MLM,93,started,2026-09-08 18:23:01.970291,2026-09-08 18:23:01.970773,""
2023,pedicel_length_cm,MLM,93,completed,2026-09-08 18:23:01.970291,2026-09-08 18:26:06.504761,""
2023,pedicel_length_cm,FarmCPU,93,started,2026-09-08 18:26:07.852787,2026-09-08 18:26:07.85307,""
2023,pedicel_length_cm,FarmCPU,93,completed,2026-09-08 18:26:07.852787,2026-09-08 18:31:18.858483,""
2023,pedicel_length_cm,BLINK,93,started,2026-09-08 18:31:20.181043,2026-09-08 18:31:20.18135,""
2023,pedicel_length_cm,BLINK,93,completed,2026-09-08 18:31:20.181043,2026-09-08 18:35:40.130843,""
2024_N40,dtf,MLM,80,started,2026-09-08 18:35:41.797963,2026-09-08 18:35:41.799063,""
2024_N40,dtf,MLM,80,completed,2026-09-08 18:35:41.797963,2026-09-08 18:38:23.732457,""
2024_N40,dtf,FarmCPU,80,started,2026-09-08 18:38:24.838714,2026-09-08 18:38:24.838973,""
2024_N40,dtf,FarmCPU,80,completed,2026-09-08 18:38:24.838714,2026-09-08 18:45:07.741309,""
2024_N40,dtf,BLINK,80,started,2026-09-08 18:45:09.255199,2026-09-08 18:45:09.255721,""
2024_N40,dtf,BLINK,80,completed,2026-09-08 18:45:09.255199,2026-09-08 19:05:41.580246,""
2024_N40,height_cm,MLM,81,started,2026-09-08 19:05:43.184985,2026-09-08 19:05:43.185711,""
2024_N40,height_cm,MLM,81,completed,2026-09-08 19:05:43.184985,2026-09-08 19:08:26.181552,""
2024_N40,height_cm,FarmCPU,81,started,2026-09-08 19:08:27.825508,2026-09-08 19:08:27.825879,""
2024_N40,height_cm,FarmCPU,81,completed,2026-09-08 19:08:27.825508,2026-09-08 19:13:09.589021,""
2024_N40,height_cm,BLINK,81,started,2026-09-08 19:13:10.90846,2026-09-08 19:13:10.908774,""
2024_N40,height_cm,BLINK,81,completed,2026-09-08 19:13:10.90846,2026-09-08 19:16:02.34127,""
2024_N40,plants_m2,MLM,81,started,2026-09-08 19:16:04.220591,2026-09-08 19:16:04.221162,""
2024_N40,plants_m2,MLM,81,completed,2026-09-08 19:16:04.220591,2026-09-08 19:18:46.113317,""
2024_N40,plants_m2,FarmCPU,81,started,2026-09-08 19:18:47.251902,2026-09-08 19:18:47.252159,""
2024_N40,plants_m2,FarmCPU,81,completed,2026-09-08 19:18:47.251902,2026-09-08 19:20:28.807557,""
2024_N40,plants_m2,BLINK,81,started,2026-09-08 19:20:30.271698,2026-09-08 19:20:30.271972,""
2024_N40,plants_m2,BLINK,81,completed,2026-09-08 19:20:30.271698,2026-09-08 19:22:11.42585,""
2024_N40,number_of_tillers,MLM,81,started,2026-09-08 19:22:12.915018,2026-09-08 19:22:12.915786,""
2024_N40,number_of_tillers,MLM,81,completed,2026-09-08 19:22:12.915018,2026-09-08 19:25:08.83496,""
2024_N40,number_of_tillers,FarmCPU,81,started,2026-09-08 19:25:10.117912,2026-09-08 19:25:10.118417,""
2024_N40,number_of_tillers,FarmCPU,81,completed,2026-09-08 19:25:10.117912,2026-09-08 19:30:59.180258,""
2024_N40,number_of_tillers,BLINK,81,started,2026-09-08 19:31:00.219771,2026-09-08 19:31:00.220301,""
2024_N40,number_of_tillers,BLINK,81,completed,2026-09-08 19:31:00.219771,2026-09-08 19:34:16.520737,""
2024_N40,days_to_harvest,MLM,80,started,2026-09-08 19:34:18.316434,2026-09-08 19:34:18.316727,""
2024_N40,days_to_harvest,MLM,80,completed,2026-09-08 19:34:18.316434,2026-09-08 19:36:59.074901,""
2024_N40,days_to_harvest,FarmCPU,80,started,2026-09-08 19:36:59.533017,2026-09-08 19:36:59.53329,""
2024_N40,days_to_harvest,FarmCPU,80,completed,2026-09-08 19:36:59.533017,2026-09-08 19:42:05.195642,""
2024_N40,days_to_harvest,BLINK,80,started,2026-09-08 19:42:06.08811,2026-09-08 19:42:06.088385,""
2024_N40,days_to_harvest,BLINK,80,completed,2026-09-08 19:42:06.08811,2026-09-08 19:44:42.088981,""
2024_N40,normalized_difference_vegetation_index,MLM,81,started,2026-09-08 19:44:43.450888,2026-09-08 19:44:43.451139,""
2024_N40,normalized_difference_vegetation_index,MLM,81,completed,2026-09-08 19:44:43.450888,2026-09-08 19:47:21.423941,""
2024_N40,normalized_difference_vegetation_index,FarmCPU,81,started,2026-09-08 19:47:22.417494,2026-09-08 19:47:22.417773,""
2024_N40,normalized_difference_vegetation_index,FarmCPU,81,completed,2026-09-08 19:47:22.417494,2026-09-08 19:49:00.273832,""
2024_N40,normalized_difference_vegetation_index,BLINK,81,started,2026-09-08 19:49:01.0845,2026-09-08 19:49:01.084759,""
2024_N40,normalized_difference_vegetation_index,BLINK,81,completed,2026-09-08 19:49:01.0845,2026-09-08 19:50:40.187636,""
2024_N40,fluorescence,MLM,81,started,2026-09-08 19:50:41.615113,2026-09-08 19:50:41.615704,""
2024_N40,fluorescence,MLM,81,completed,2026-09-08 19:50:41.615113,2026-09-08 19:53:22.041868,""
2024_N40,fluorescence,FarmCPU,81,started,2026-09-08 19:53:23.234345,2026-09-08 19:53:23.234688,""
2024_N40,fluorescence,FarmCPU,81,completed,2026-09-08 19:53:23.234345,2026-09-08 19:55:01.030295,""
2024_N40,fluorescence,BLINK,81,started,2026-09-08 19:55:01.482377,2026-09-08 19:55:01.48261,""
2024_N40,fluorescence,BLINK,81,completed,2026-09-08 19:55:01.482377,2026-09-08 19:56:38.334441,""
2024_N40,protein_pct,MLM,57,started,2026-09-08 19:56:39.709786,2026-09-08 19:56:39.710217,""
2024_N40,protein_pct,MLM,57,completed,2026-09-08 19:56:39.709786,2026-09-08 19:58:52.749119,""
2024_N40,protein_pct,FarmCPU,57,started,2026-09-08 19:58:53.528747,2026-09-08 19:58:53.528991,""
2024_N40,protein_pct,FarmCPU,57,completed,2026-09-08 19:58:53.528747,2026-09-08 20:02:49.774328,""
2024_N40,protein_pct,BLINK,57,started,2026-09-08 20:02:50.639998,2026-09-08 20:02:50.640248,""
2024_N40,protein_pct,BLINK,57,completed,2026-09-08 20:02:50.639998,2026-09-08 20:05:09.93049,""
2024_N120,dtf,MLM,80,started,2026-09-08 20:05:11.432301,2026-09-08 20:05:11.432746,""
2024_N120,dtf,MLM,80,completed,2026-09-08 20:05:11.432301,2026-09-08 20:07:55.295334,""
2024_N120,dtf,FarmCPU,80,started,2026-09-08 20:07:56.100959,2026-09-08 20:07:56.101392,""
2024_N120,dtf,FarmCPU,80,failed,2026-09-08 20:07:56.100959,2026-09-08 20:14:17.818714,need finite 'ylim' values
2024_N120,dtf,BLINK,80,started,2026-09-08 20:14:18.539913,2026-09-08 20:14:18.540168,""
2024_N120,dtf,BLINK,80,completed,2026-09-08 20:14:18.539913,2026-09-08 20:17:40.959032,""
2024_N120,height_cm,MLM,81,started,2026-09-08 20:17:42.423112,2026-09-08 20:17:42.423483,""
2024_N120,height_cm,MLM,81,completed,2026-09-08 20:17:42.423112,2026-09-08 20:20:22.003002,""
2024_N120,height_cm,FarmCPU,81,started,2026-09-08 20:20:23.141351,2026-09-08 20:20:23.141637,""
2024_N120,height_cm,FarmCPU,81,completed,2026-09-08 20:20:23.141351,2026-09-08 20:25:58.074279,""
2024_N120,height_cm,BLINK,81,started,2026-09-08 20:25:59.124357,2026-09-08 20:25:59.124612,""
2024_N120,height_cm,BLINK,81,completed,2026-09-08 20:25:59.124357,2026-09-08 20:29:23.592578,""
2024_N120,plants_m2,MLM,75,started,2026-09-08 20:29:25.010856,2026-09-08 20:29:25.011306,""
2024_N120,plants_m2,MLM,75,completed,2026-09-08 20:29:25.010856,2026-09-08 20:31:57.678613,""
2024_N120,plants_m2,FarmCPU,75,started,2026-09-08 20:31:58.602375,2026-09-08 20:31:58.602615,""
2024_N120,plants_m2,FarmCPU,75,completed,2026-09-08 20:31:58.602375,2026-09-08 20:33:32.500922,""
2024_N120,plants_m2,BLINK,75,started,2026-09-08 20:33:33.537205,2026-09-08 20:33:33.537463,""
2024_N120,plants_m2,BLINK,75,completed,2026-09-08 20:33:33.537205,2026-09-08 20:35:08.747747,""
2024_N120,number_of_tillers,MLM,81,started,2026-09-08 20:35:10.114579,2026-09-08 20:35:10.11493,""
2024_N120,number_of_tillers,MLM,81,completed,2026-09-08 20:35:10.114579,2026-09-08 20:38:07.227221,""
2024_N120,number_of_tillers,FarmCPU,81,started,2026-09-08 20:38:08.053917,2026-09-08 20:38:08.054167,""
2024_N120,number_of_tillers,FarmCPU,81,completed,2026-09-08 20:38:08.053917,2026-09-08 20:42:54.49542,""
2024_N120,number_of_tillers,BLINK,81,started,2026-09-08 20:42:55.703272,2026-09-08 20:42:55.703556,""
2024_N120,number_of_tillers,BLINK,81,completed,2026-09-08 20:42:55.703272,2026-09-08 20:47:01.211506,""
2024_N120,days_to_harvest,MLM,80,started,2026-09-08 20:47:02.825205,2026-09-08 20:47:02.825453,""
2024_N120,days_to_harvest,MLM,80,completed,2026-09-08 20:47:02.825205,2026-09-08 20:49:39.815005,""
2024_N120,days_to_harvest,FarmCPU,80,started,2026-09-08 20:49:40.836896,2026-09-08 20:49:40.837183,""
2024_N120,days_to_harvest,FarmCPU,80,completed,2026-09-08 20:49:40.836896,2026-09-08 20:54:42.152192,""
2024_N120,days_to_harvest,BLINK,80,started,2026-09-08 20:54:43.293563,2026-09-08 20:54:43.293823,""
2024_N120,days_to_harvest,BLINK,80,completed,2026-09-08 20:54:43.293563,2026-09-08 20:57:29.920858,""
2024_N120,normalized_difference_vegetation_index,MLM,81,started,2026-09-08 20:57:31.316512,2026-09-08 20:57:31.316799,""
2024_N120,normalized_difference_vegetation_index,MLM,81,completed,2026-09-08 20:57:31.316512,2026-09-08 21:00:09.602118,""
2024_N120,normalized_difference_vegetation_index,FarmCPU,81,started,2026-09-08 21:00:10.826842,2026-09-08 21:00:10.827105,""
2024_N120,normalized_difference_vegetation_index,FarmCPU,81,completed,2026-09-08 21:00:10.826842,2026-09-08 21:01:46.800598,""
2024_N120,normalized_difference_vegetation_index,BLINK,81,started,2026-09-08 21:01:47.804073,2026-09-08 21:01:47.80435,""
2024_N120,normalized_difference_vegetation_index,BLINK,81,completed,2026-09-08 21:01:47.804073,2026-09-08 21:03:27.012802,""
2024_N120,fluorescence,MLM,81,started,2026-09-08 21:03:28.39838,2026-09-08 21:03:28.398716,""
2024_N120,fluorescence,MLM,81,completed,2026-09-08 21:03:28.39838,2026-09-08 21:06:07.72846,""
2024_N120,fluorescence,FarmCPU,81,started,2026-09-08 21:06:08.761098,2026-09-08 21:06:08.761361,""
2024_N120,fluorescence,FarmCPU,81,completed,2026-09-08 21:06:08.761098,2026-09-08 21:07:47.366909,""
2024_N120,fluorescence,BLINK,81,started,2026-09-08 21:07:48.313718,2026-09-08 21:07:48.313958,""
2024_N120,fluorescence,BLINK,81,completed,2026-09-08 21:07:48.313718,2026-09-08 21:09:27.638022,""
2024_N120,protein_pct,MLM,67,started,2026-09-08 21:09:28.82251,2026-09-08 21:09:28.8228,""
2024_N120,protein_pct,MLM,67,completed,2026-09-08 21:09:28.82251,2026-09-08 21:11:51.971202,""
2024_N120,protein_pct,FarmCPU,67,started,2026-09-08 21:11:52.727446,2026-09-08 21:11:52.7277,""
2024_N120,protein_pct,FarmCPU,67,completed,2026-09-08 21:11:52.727446,2026-09-08 21:16:26.008105,""
2024_N120,protein_pct,BLINK,67,started,2026-09-08 21:16:26.96116,2026-09-08 21:16:26.961427,""
2024_N120,protein_pct,BLINK,67,completed,2026-09-08 21:16:26.96116,2026-09-08 21:20:01.061872,""
2024_N120,dtf,FarmCPU,80,completed_recovered,2026-09-09 13:02:45.76789,2026-09-09 13:02:45.768248,Primary GAPIT GWAS table recovered with file.output=FALSE after internal plotting error
