dataset,trait,model,SNP,Chr,Pos,P.value,minus_log10_p,bonferroni_threshold,markers_tested,MAF,nobs,Effect,ld_start,ld_end,linked_snps_in_interval,linked_snps_in_search_window,max_window_bp,ld_r2_threshold,max_linked_gap_bp,max_interval_radius_bp,trait_specific_maf_pass,gene_id,scaffold,gene_start,gene_end,strand,gene_symbol,gene_biotype,description,product,gene_relation,distance_to_lead_bp
2024_N40,height_cm,FarmCPU,SCAFFOLD_9_9021917,9,9021917,8.97393982836684e-22,21.0470168468038,5.8914535040598e-08,848687,0.0925925925925926,81,13.2966267813565,8954295,9097979,77,235,1e+06,0.2,20000,250000,TRUE,LOC101762430,SCAFFOLD_9,9018759,9022620,-,LOC101762430,protein_coding,NA,thymocyte nuclear protein 1,contains_lead_snp,0
2024_N120,dtf,FarmCPU,SCAFFOLD_6_11125994,6,11125994,2.61351786009307e-15,14.5827745277019,5.8914535040598e-08,848687,0.15,80,-6.53003474220613,11125893,11125994,2,12,1e+06,0.2,20000,250000,TRUE,LOC101763710,SCAFFOLD_6,11122531,11126455,+,LOC101763710,lncRNA,NA,"",contains_lead_snp,0
2024_N120,height_cm,FarmCPU,SCAFFOLD_9_9021917,9,9021917,5.08271507300192e-14,13.2939042353084,5.8914535040598e-08,848687,0.0925925925925926,81,9.10980801590284,8954295,9097979,77,235,1e+06,0.2,20000,250000,TRUE,LOC101762430,SCAFFOLD_9,9018759,9022620,-,LOC101762430,protein_coding,NA,thymocyte nuclear protein 1,contains_lead_snp,0
2024_N120,days_to_harvest,FarmCPU,SCAFFOLD_8_30155739,8,30155739,1.15854557082629e-12,11.9360868787759,5.8914535040598e-08,848687,0.3125,80,-3.8044004371869,30020160,30173555,127,465,1e+06,0.2,20000,250000,TRUE,LOC101765238,SCAFFOLD_8,30155031,30161015,-,LOC101765238,protein_coding,NA,uncharacterized LOC101765238,contains_lead_snp,0
2024_N40,days_to_harvest,FarmCPU,SCAFFOLD_2_14229303,2,14229303,2.07540240200511e-12,11.682897684963,5.8914535040598e-08,848687,0.4375,80,-6.20851072295423,14074235,14284684,97,518,1e+06,0.2,20000,250000,TRUE,LOC101756570,SCAFFOLD_2,14229163,14233552,+,LOC101756570,protein_coding,NA,uncharacterized LOC101756570,contains_lead_snp,0
2023,panicle_length_cm,BLINK,SCAFFOLD_3_47453746,3,47453746,1.16906393012395e-09,8.93216173884595,5.8914535040598e-08,848687,0.360215053763441,93,-0.0884408791280099,47203746,47477947,242,1378,1e+06,0.2,20000,250000,TRUE,LOC101775105,SCAFFOLD_3,47451270,47453805,-,LOC101775105,protein_coding,NA,adenine phosphoribosyltransferase 1,contains_lead_snp,0
2024_N40,number_of_tillers,FarmCPU,SCAFFOLD_5_43797155,5,43797155,2.45875894950235e-09,8.60928404630498,5.8914535040598e-08,848687,0.290123456790123,81,0.592399436734585,43617317,43926229,139,453,1e+06,0.2,20000,250000,TRUE,LOC101771120,SCAFFOLD_5,43795552,43799950,+,LOC101771120,protein_coding,NA,"patatin-like protein 1, transcript variant X1",contains_lead_snp,0
2024_N40,dtf,FarmCPU,SCAFFOLD_8_39142722,8,39142722,3.17440788572453e-09,8.49833727066931,5.8914535040598e-08,848687,0.06875,80,-0.393318076345784,39100914,39146124,16,130,1e+06,0.2,20000,250000,TRUE,LOC101773881,SCAFFOLD_8,39137618,39142749,+,LOC101773881,protein_coding,NA,uncharacterized LOC101773881,contains_lead_snp,0
2024_N40,number_of_tillers,BLINK,SCAFFOLD_4_2129383,4,2129383,9.5048299176697e-09,8.02205565012715,5.8914535040598e-08,848687,0.277777777777778,81,-1.31981215577951,2051307,2175213,70,409,1e+06,0.2,20000,250000,TRUE,LOC101760535,SCAFFOLD_4,2127060,2132380,-,LOC101760535,protein_coding,NA,probable sulfate transporter 3.4,contains_lead_snp,0
2023,thousand_seed_weight_g,BLINK,SCAFFOLD_4_6234334,4,6234334,1.34365699085726e-08,7.87171158395368,5.8914535040598e-08,848687,0.38953488372093,86,0.119105496803891,6192411,6400243,133,446,1e+06,0.2,20000,250000,TRUE,LOC101765021,SCAFFOLD_4,6233223,6234917,+,LOC101765021,protein_coding,NA,uncharacterized protein DDB_G0271670,contains_lead_snp,0
2023,dtf,FarmCPU,SCAFFOLD_2_2990856,2,2990856,2.28263920605663e-08,7.64156272766935,5.8914535040598e-08,848687,0.056,125,7.35917442562939,2990856,2990856,1,22,1e+06,0.2,20000,250000,TRUE,LOC101769809,SCAFFOLD_2,2983620,2992239,+,LOC101769809,protein_coding,NA,uncharacterized LOC101769809,contains_lead_snp,0
2024_N120,height_cm,FarmCPU,SCAFFOLD_3_38281324,3,38281324,2.32335572846408e-08,7.63388429037998,5.8914535040598e-08,848687,0.271604938271605,81,4.0609166444861,38281324,38281380,3,3,1e+06,0.2,20000,250000,TRUE,LOC101772527,SCAFFOLD_3,38267748,38288238,+,LOC101772527,lncRNA,NA,"",contains_lead_snp,0
