dosage,n,mean,sd,median,dataset,trait,SNP,gene_id
0,72,98.8068901487325,9.99558441905346,101.333333333333,2024_N40,height_cm,SCAFFOLD_9_9021917,LOC101762430
2,6,126.216473157921,8.27621776636861,127.833333333333,2024_N40,height_cm,SCAFFOLD_9_9021917,LOC101762430
0,56,112.166666670293,12.2647972897164,110.166666666667,2024_N120,dtf,SCAFFOLD_6_11125994,LOC101763710
1,23,106.811594202899,13.0804913288302,104,2024_N120,dtf,SCAFFOLD_6_11125994,LOC101763710
0,72,99.9985577235195,10.5158420844664,101.333333333332,2024_N120,height_cm,SCAFFOLD_9_9021917,LOC101762430
2,6,126.95300901377,8.28896597537955,128.333333333332,2024_N120,height_cm,SCAFFOLD_9_9021917,LOC101762430
0,53,172.229016678851,13.6105992419835,176.666666666665,2024_N120,days_to_harvest,SCAFFOLD_8_30155739,LOC101765238
2,23,155.510969507032,11.9659695057272,156.431058010388,2024_N120,days_to_harvest,SCAFFOLD_8_30155739,LOC101765238
1,2,174.280477510236,15.4815997642322,174.280477510236,2024_N120,days_to_harvest,SCAFFOLD_8_30155739,LOC101765238
1,52,164.596338845892,15.3022248805719,164.717075113783,2024_N40,days_to_harvest,SCAFFOLD_2_14229303,LOC101756570
0,19,171.987773202785,15.1983226651968,177,2024_N40,days_to_harvest,SCAFFOLD_2_14229303,LOC101756570
2,9,161.181276916985,13.2215203030929,159,2024_N40,days_to_harvest,SCAFFOLD_2_14229303,LOC101756570
0,59,12.4943502824857,2.66612172982629,11.999999999994,2023,panicle_length_cm,SCAFFOLD_3_47453746,LOC101775105
2,33,12.0858585858585,1.75797844568363,11.9999999999999,2023,panicle_length_cm,SCAFFOLD_3_47453746,LOC101775105
0,56,2.16653310748581,3.31472581207785,1.33333333333333,2024_N40,number_of_tillers,SCAFFOLD_5_43797155,LOC101771120
2,22,4.68918362628037,2.74905204806453,3.66666666666667,2024_N40,number_of_tillers,SCAFFOLD_5_43797155,LOC101771120
0,73,108.42821819905,12.0868818689953,106.999999999998,2024_N40,dtf,SCAFFOLD_8_39142722,LOC101773881
2,4,118.499999999998,13.3152655360792,118.333333333331,2024_N40,dtf,SCAFFOLD_8_39142722,LOC101773881
0,20,6.64196932173233,4.89964347516566,5,2024_N40,number_of_tillers,SCAFFOLD_4_2129383,LOC101760535
2,56,1.67824715528679,1.47985964036547,1.33333333333333,2024_N40,number_of_tillers,SCAFFOLD_4_2129383,LOC101760535
0,49,2.17284147341143,0.376138142636616,2.27643699320023,2023,thousand_seed_weight_g,SCAFFOLD_4_6234334,LOC101765021
2,30,2.61030115966865,0.3469577913174,2.68771088070652,2023,thousand_seed_weight_g,SCAFFOLD_4_6234334,LOC101765021
1,2,2.74923894043976,0.251309621882223,2.74923894043976,2023,thousand_seed_weight_g,SCAFFOLD_4_6234334,LOC101765021
1,13,150.384615384642,19.7717747540447,155.000000000002,2023,dtf,SCAFFOLD_2_2990856,LOC101769809
0,111,119.540540540542,19.8379828547553,114.000000000002,2023,dtf,SCAFFOLD_2_2990856,LOC101769809
0,37,101.279973703818,15.2765157071099,101.333333333332,2024_N120,height_cm,SCAFFOLD_3_38281324,LOC101772527
1,43,103.959422863599,9.85266086243925,103.999999999998,2024_N120,height_cm,SCAFFOLD_3_38281324,LOC101772527
