dataset,trait,sample_size,significant_records,unique_snps,models,maf05_records,maf05_unique_snps,top_maf05_snp,top_maf05_p,top_maf05_model
2023,dtf,125,14,13,BLINK;FarmCPU,13,12,SCAFFOLD_7_17136277,2.65867197566936e-23,FarmCPU
2023,fat_pct,65,0,0,None,0,0,None,,None
2023,height_cm,129,1,1,BLINK,1,1,SCAFFOLD_1_38761213,2.96505397234618e-12,BLINK
2023,panicle_length_cm,93,11,11,BLINK,11,11,SCAFFOLD_3_47440311,3.90473028399145e-15,BLINK
2023,pedicel_length_cm,93,17,17,BLINK;FarmCPU;MLM,7,7,SCAFFOLD_8_10301084,9.14433418319857e-12,BLINK
2023,plants_m2,129,0,0,None,0,0,None,,None
2023,protein_pct,70,0,0,None,0,0,None,,None
2023,thousand_seed_weight_g,86,3,3,BLINK,2,2,SCAFFOLD_1_33452294,4.62548432451453e-11,BLINK
2024_N40,days_to_harvest,80,7,7,BLINK;FarmCPU,7,7,SCAFFOLD_7_2121353,1.06755750542175e-31,FarmCPU
2024_N40,dtf,80,17,14,BLINK;FarmCPU,13,11,SCAFFOLD_2_30514256,7.2158074710364e-20,BLINK
2024_N40,fluorescence,81,0,0,None,0,0,None,,None
2024_N40,height_cm,81,7,7,BLINK;FarmCPU,5,5,SCAFFOLD_9_9021917,8.97393982836684e-22,FarmCPU
2024_N40,normalized_difference_vegetation_index,81,0,0,None,0,0,None,,None
2024_N40,number_of_tillers,81,28,27,BLINK;FarmCPU;MLM,8,8,SCAFFOLD_6_32361467,5.34971481471964e-19,FarmCPU
2024_N40,plants_m2,81,0,0,None,0,0,None,,None
2024_N40,protein_pct,57,5,4,BLINK;FarmCPU,3,2,SCAFFOLD_4_15902894,5.38251435561799e-16,FarmCPU
2024_N120,days_to_harvest,80,7,6,BLINK;FarmCPU,4,4,SCAFFOLD_8_30155739,1.15854557082629e-12,FarmCPU
2024_N120,dtf,80,11,9,BLINK;FarmCPU,10,8,SCAFFOLD_8_3818991,1.02319891921624e-20,BLINK
2024_N120,fluorescence,81,0,0,None,0,0,None,,None
2024_N120,height_cm,81,10,9,BLINK;FarmCPU,9,8,SCAFFOLD_9_9021917,5.08271507300192e-14,FarmCPU
2024_N120,normalized_difference_vegetation_index,81,0,0,None,0,0,None,,None
2024_N120,number_of_tillers,81,32,28,BLINK;FarmCPU;MLM,4,4,SCAFFOLD_4_22532145,6.33251257556116e-10,BLINK
2024_N120,plants_m2,75,0,0,None,0,0,None,,None
2024_N120,protein_pct,67,11,10,BLINK;FarmCPU,8,8,SCAFFOLD_6_28801701,5.57699435056582e-18,FarmCPU
